name,binaryflag,mass,radius,period,semimajoraxis,eccentricity,periastron,longitude,ascendingnode,inclination,temperature,age,discoverymethod,discoveryyear,lastupdate,system_rightascension,system_declination,system_distance,hoststar_mass,hoststar_radius,hoststar_metallicity,hoststar_temperature,hoststar_age,list
Kepler-1032 b,0,,0.167,3.29011795,,,,,,,,,transit,2016.0,16/05/10,19 19 43.4040,+40 05 51.8400,683.854,0.77,0.71,0.16,4647.0,,Confirmed planets
HD 154857 b,0,2.24,,408.6,1.291,0.46,57.0,,,,336.0,,RV,2004.0,14/01/25,17 11 15.7217,-56 40 50.8706,64.2,1.718,2.31,-0.31,5508.0,,Confirmed planets
HD 154857 c,0,2.58,,3452.0,5.36,0.06,352.0,,,,,,RV,2014.0,14/01/25,17 11 15.7217,-56 40 50.8706,64.2,1.718,2.31,-0.31,5508.0,,Confirmed planets
Kepler-994 b,0,,0.143,1.15116651,,,,,,,,,transit,2016.0,16/05/10,19 16 17.3254,+47 24 25.3965,189.186,0.56,0.54,-0.13,3934.0,,Confirmed planets
Kepler-1350 b,0,,0.225,4.4968604,,,,,,,,,transit,2016.0,16/05/10,19 13 00.1410,+46 40 46.5233,343.926,0.55,0.53,-0.06,3827.0,,Confirmed planets
Kepler-1350 c,0,,0.154,1.76678906,,,,,,,,,transit,2016.0,16/05/10,19 13 00.1410,+46 40 46.5233,343.926,0.55,0.53,-0.06,3827.0,,Confirmed planets
Kepler-1268 b,0,,0.181,40.9903986,,,,,,,,,transit,2016.0,16/05/10,19 11 21.2310,+43 09 11.6529,1945.15,1.06,1.09,0.05,5904.0,,Confirmed planets
KMT-2019-BLG-1339L b,0,1.25,,,2.15,,,,,,,,microlensing,2020.0,20/09/03,17 42 58,-25 34 26,6120.0,0.48,,,,,Confirmed planets
KMT-2019-BLG-1715 b,0,2.56,,,3.32,,,,,,,,microlensing,2021.0,21/04/02,18 01 29.00,-28 46 38.00,3860.0,0.76,,,,,Confirmed planets
TOI-1685 b,0,0.01189,0.152,0.6691403,,,,,,84.74,1069.0,,transit,2021.0,21/03/03,04 34 23.00,+43 02 13.00,37.609,0.495,0.492,-0.13,3434.0,,Confirmed planets
Kepler-1519 b,0,,0.63,240.7989397,,,,,,,,,transit,2016.0,16/05/10,19 46 40.3040,+49 27 42.6262,1503.53,0.94,0.91,-0.07,5644.0,,Confirmed planets
Kepler-791 b,0,,0.272,14.5539759,,,,,,,,,transit,2016.0,16/05/10,19 34 23.0000,+39 01 46.1342,1312.85,1.3,1.47,0.06,6383.0,,Confirmed planets
Kepler-175 b,0,,0.23329,11.903515,,,,,,,,,transit,2014.0,14/02/26,19 18 12.7847,+43 52 34.2341,1219.23,1.045,1.01,,6064.0,,Confirmed planets
Kepler-175 c,0,,0.2825,34.035257,,,,,,,,,transit,2014.0,14/02/26,19 18 12.7847,+43 52 34.2341,1219.23,1.045,1.01,,6064.0,,Confirmed planets
OGLE-2017-BLG-0373L b,0,0.401,,,,,,,,,,,microlensing,2018.0,18/09/20,17 57 19.06,-31 57 06.2,5915.0,0.248,,,,,Confirmed planets
WASP-71 b,0,2.242,1.46,2.9036747,0.04631,0.0,,,,84.2,1888.1,,transit,2012.0,14/01/26,01 57 03.2040,+00 45 31.8788,200.0,1.559,2.26,,6050.0,,Confirmed planets
HD 1666 b,0,6.43,,270.0,0.94,0.63,,,,,,,RV,2015.0,15/03/26,00 20 52.33959,-19 55 52.4083,110.6,1.5,1.93,0.37,6317.0,1.76,Confirmed planets
Kepler-1205 b,0,,0.126,1.07839035,,,,,,,,,transit,2016.0,16/05/10,19 21 07.1249,+41 30 54.1421,712.708,0.84,0.81,-0.04,5226.0,,Confirmed planets
KMT-2016-BLG-2605 b,0,0.771,,,0.681,,,,,,,,microlensing,2021.0,21/04/19,17 59 18.00,-26 58 55.00,6421.0,0.064,,,,,Confirmed planets
LTT 3780 b,0,0.00824,0.119,0.768448,0.01211,0.0,,,,87.1,892.0,,transit,2020.0,20/06/04,10 18 35.1370,-11 43 00.2415,21.98,0.4,0.37,0.28,3331.0,,Confirmed planets
LTT 3780 c,0,0.02706,0.205,12.2519,0.07673,0.06,124.0,,,89.18,353.0,,transit,2020.0,20/06/04,10 18 35.1370,-11 43 00.2415,21.98,0.4,0.37,0.28,3331.0,,Confirmed planets
WASP-177 b,0,0.508,1.58,3.071722,0.03957,0.0,,,,84.14,1142.0,,transit,2019.0,19/03/15,22 19 11.3367,-01 50 03.0791,177.7,0.876,0.885,0.25,5017.0,9.7,Confirmed planets
Kepler-1061 b,0,,0.177,2.75798267,,,,,,,,,transit,2016.0,16/05/10,19 44 55.2011,+50 16 30.7459,552.029,1.09,1.07,-0.03,6067.0,,Confirmed planets
NGTS-18 b,0,0.409,1.21,3.05125,0.0448,0.0,,,,,1381.0,,transit,2021.0,21/03/19,12 02 11.00,-35 32 55.00,1108.0,1.003,1.392,0.15,5610.0,,Confirmed planets
WASP-170 b,0,1.6,1.096,2.34478022,0.0337,,,,,84.87,1422.0,,transit,2018.0,18/12/13,09 01 39.9237,-20 43 13.3445,308.27,0.93,0.94,0.22,5600.0,,Confirmed planets
HD 132563 B b,2,1.49,,1544.0,2.62,0.22,,,,,158.5,,RV,2011.0,11/07/06,14 58 21.519,+44 02 35.33,96.0,1.01,,-0.19,5985.0,,"Confirmed planets, Planets in binary systems, S-type"
WASP-192 b,0,2.3,1.23,2.8786765,0.0408,0.0,,,,82.7,1620.0,,transit,2019.0,19/10/10,14 54 38.0915,-38 44 40.3449,495.0,1.09,1.32,0.14,5910.0,,Confirmed planets
HAT-P-31 b,0,2.171,1.07,5.005425,0.055,0.245,,,,87.1,1324.7,,transit,2011.0,13/05/29,18 06 09.0499,+26 25 35.9897,354.0,1.218,1.36,0.15,6065.0,,Confirmed planets
Kepler-1332 b,0,,0.122,11.87456832,,,,,,,,,transit,2016.0,16/05/10,19 24 06.8594,+43 54 49.2459,536.855,0.95,0.9,0.0,5581.0,,Confirmed planets
Kepler-626 b,0,,0.204,14.48585199,,,,,,,,,transit,2016.0,16/05/10,19 14 47.6806,+39 42 29.7664,647.501,1.01,1.05,0.01,5813.0,,Confirmed planets
HD 164595 b,0,0.051,,40.0,0.23,0.088,,,,,,,RV,2015.0,15/06/29,18 00 38.89431,+29 34 18.9202,28.93,0.99,,-0.04,5790.0,,Confirmed planets
HD 106906 b,1,12.3,,,,,,,,,1820.0,,imaging,2013.0,17/11/30,12 17 53.19228,-55 58 31.8890,92.0,,,,,,"Confirmed planets, Planets in binary systems, P-type"
WISEA J083011.95+283716.0,0,8.5,,,,,,,,,350.0,,imaging,2020.0,21/10/19,08 30 11.95,+28 37 16.00,11.1,,,,,,Confirmed planets
WASP-67 b,0,0.42,1.4,4.61442,0.0517,0.0,,,,85.8,940.6,,transit,2011.0,12/04/24,19 42 58.5217,-19 56 58.5230,225.0,0.87,0.87,-0.07,5200.0,,Confirmed planets
Kepler-585 b,0,,0.252,2.75235975,,,,,,,,,transit,2016.0,16/05/10,19 06 06.8366,+43 52 24.2185,595.203,0.96,0.93,0.03,5593.0,,Confirmed planets
HIP 116454 b,0,0.037182,0.23056,9.1205,,0.205,-59.1,,,88.43,690.0,,transit,2014.0,14/12/18,23 35 49.2850,+00 26 43.8427,55.2,0.775,0.716,-0.16,5089.0,,Confirmed planets
Kepler-215 d,0,,0.2178,30.864423,,,,,,,,,transit,2014.0,14/02/26,19 39 53.6403,+45 12 49.2216,593.87,0.977,1.027,,5739.0,,Confirmed planets
Kepler-215 b,0,,0.14763,9.360672,,,,,,,,,transit,2014.0,14/02/26,19 39 53.6403,+45 12 49.2216,593.87,0.977,1.027,,5739.0,,Confirmed planets
Kepler-215 c,0,,0.1613,14.667108,,,,,,,,,transit,2014.0,14/02/26,19 39 53.6403,+45 12 49.2216,593.87,0.977,1.027,,5739.0,,Confirmed planets
Kepler-215 e,0,,0.15948,68.16101,,,,,,,,,transit,2014.0,14/02/26,19 39 53.6403,+45 12 49.2216,593.87,0.977,1.027,,5739.0,,Confirmed planets
Kepler-1437 b,0,,0.122,10.9295461,,,,,,,,,transit,2016.0,16/05/10,19 27 27.5749,+49 19 33.3210,,0.93,0.9,-0.02,5557.0,,Confirmed planets
K2-36 b,0,0.01227,0.128,1.422614,0.0223,0.0,,,,84.45,1224.0,,transit,2016.0,19/08/15,11 17 47.7836,+03 51 59.0077,110.09,0.79,0.72,-0.09,4916.0,,Confirmed planets
K2-36 c,0,0.02454,0.285,5.340888,0.054,0.0,,,,86.917,788.0,,transit,2016.0,19/08/15,11 17 47.7836,+03 51 59.0077,110.09,0.79,0.72,-0.09,4916.0,,Confirmed planets
Kepler-843 b,0,,0.231,2.05387982,,,,,,,,,transit,2016.0,16/05/10,19 45 17.2779,+48 58 17.2246,1204.53,1.02,1.03,0.05,5830.0,,Confirmed planets
Kepler-192 b,0,,0.2497,9.926746,,,,,,,,,transit,2014.0,14/02/26,19 11 40.3000,+45 35 34.4252,683.4,0.905,1.007,,5479.0,,Confirmed planets
Kepler-192 c,0,,0.25425,21.2234,,,,,,,,,transit,2014.0,14/02/26,19 11 40.3000,+45 35 34.4252,683.4,0.905,1.007,,5479.0,,Confirmed planets
Kepler-192 d,0,,0.091,6.47027579,,,,,,,,,transit,2016.0,16/05/10,19 11 40.3000,+45 35 34.4252,683.4,0.905,1.007,,5479.0,,Confirmed planets
Kepler-739 b,0,,0.296,12.53248465,,,,,,,,,transit,2016.0,16/05/10,19 20 16.3135,+46 34 44.9363,1426.53,0.93,0.9,-0.08,5601.0,,Confirmed planets
K2-367 b,0,0.0202,0.215,20.645099,,,,,,,,,transit,2022.0,22/03/01,22 31 26,-13 15 52,176.965,0.76,0.62,-0.351,4348.0,,Confirmed planets
Kepler-1580 b,0,,0.188,56.6449279,,,,,,,,,transit,2016.0,16/05/10,19 03 52.4906,+41 21 48.8113,1031.46,1.47,2.15,0.12,6228.0,,Confirmed planets
Kepler-1766 b,0,0.0183,0.203,105.0149994,0.4229,0.0,,,,88.6,406.0,,transit,2021.0,22/02/01,19 37 07,+46 40 31,501.229,0.92,1.04,-0.22,5868.0,,Confirmed planets
HATS-10 b,0,0.526,0.969,3.312846,0.04491,,,,,87.79,1407.0,,transit,2015.0,15/02/28,19 37 13.6352,-22 12 16.1159,496.0,1.101,1.105,0.15,5880.0,3.3,Confirmed planets
K2-243 b,0,,0.194,11.54182,0.1087,,,,,,1035.0,,transit,2018.0,18/07/12,12 04 29.1381,-04 53 57.1714,269.2,1.29,1.39,-0.03,6570.0,,Confirmed planets
K2-243 c,0,,0.179,24.94598,0.1817,,,,,,801.0,,transit,2018.0,18/07/12,12 04 29.1381,-04 53 57.1714,269.2,1.29,1.39,-0.03,6570.0,,Confirmed planets
HD 89839 b,0,5.01,1.15,3441.0,4.761,0.187,161.5,,,49.5,,,RV,2023.0,23/10/15,10 20 41,-53 39 50,57.3063,1.21,1.29,0.04,6314.0,,Confirmed planets
Kepler-1491 b,0,,0.135,16.5861762,,,,,,,,,transit,2016.0,16/05/10,19 34 31.1419,+45 44 26.3089,,1.0,0.99,0.06,5728.0,,Confirmed planets
2M 1252+2735 b,0,6.88,,35.08,,0.0,,,,,,,RV,2021.0,22/02/08,12 52 51.00,+27 35 13.00,197.2,,,,,,Confirmed planets
OGLE-2019-BLG-1470LAB b,0,2.2,,,3.1,,,,,,,,microlensing,2022.0,22/04/13,18 07 48.00,-27 02 01.00,6100.0,0.72,,,,,Confirmed planets
HAT-P-49 b,0,1.73,1.413,,0.0438,0.0,,,,86.2,2131.0,,transit,2014.0,14/01/25,20 21 45.9297,+26 41 33.6038,322.0,1.543,1.833,0.074,6820.0,2.5,Confirmed planets
WASP-131 b,0,0.27,1.22,5.322023,0.0607,0.0,,,,85.0,,,transit,2016.0,16/07/11,14 00 46.4447,-30 35 00.8376,250.0,1.06,1.53,0.18,6030.0,4.5,Confirmed planets
OGLE-2018-BLG-1428L b,0,0.77,,,3.3,,,,,,,,microlensing,2021.0,21/02/24,17 42 12.00,-26 08 16.00,6220.0,0.43,,,,,Confirmed planets
LP 714-47 b,0,0.09691,0.419,4.052037,0.0417,0.04,219.0,,,87.3,700.0,,transit,2020.0,20/12/17,04 16 45.6005,-12 05 02.4540,52.7,0.59,0.58,0.41,3950.0,,Confirmed planets
TOI-2338 b,0,5.98,1.0,22.65398,0.158,0.676,12.6,,,89.52,799.0,,transit,2023.0,23/10/15,05 25 23,-34 40 06,313.996,0.99,1.05,0.22,5581.0,,Confirmed planets
Kepler-444 b,2,,0.036726,3.6001053,0.04178,0.08,,,,88.0,,,transit,2015.0,15/07/28,19 19 00.54910,+41 38 04.5682,35.7,0.758,0.752,-0.55,5046.0,11.23,"Confirmed planets, Planets in binary systems, S-type"
Kepler-444 c,2,,0.045292,4.5458841,0.04881,0.12,,,,88.2,,,transit,2015.0,15/07/28,19 19 00.54910,+41 38 04.5682,35.7,0.758,0.752,-0.55,5046.0,11.23,"Confirmed planets, Planets in binary systems, S-type"
Kepler-444 d,2,,0.048299,6.189392,0.06,0.18,,,,88.16,,,transit,2015.0,15/07/28,19 19 00.54910,+41 38 04.5682,35.7,0.758,0.752,-0.55,5046.0,11.23,"Confirmed planets, Planets in binary systems, S-type"
Kepler-444 e,2,,0.049757,7.743493,0.0696,0.02,,,,89.13,,,transit,2015.0,15/07/28,19 19 00.54910,+41 38 04.5682,35.7,0.758,0.752,-0.55,5046.0,11.23,"Confirmed planets, Planets in binary systems, S-type"
Kepler-444 f,2,,0.067528,9.740486,0.0811,0.29,,,,87.96,,,transit,2015.0,15/02/01,19 19 00.54910,+41 38 04.5682,35.7,0.758,0.752,-0.55,5046.0,11.23,"Confirmed planets, Planets in binary systems, S-type"
K2-247 b,0,,0.189,2.25021,0.0304,,,,,,979.0,,transit,2018.0,18/07/12,12 35 34.4830,-10 04 09.2240,260.2,0.74,0.69,-0.08,4667.0,,Confirmed planets
K2-247 c,0,,0.195,6.49424,0.0615,,,,,,688.0,,transit,2018.0,18/07/12,12 35 34.4830,-10 04 09.2240,260.2,0.74,0.69,-0.08,4667.0,,Confirmed planets
Kepler-1360 b,0,,0.303,40.5286413,,,,,,,,,transit,2016.0,16/05/10,20 01 22.5793,+45 37 23.5784,1585.04,1.51,1.83,0.06,6778.0,,Confirmed planets
KOI-830 b,0,1.27,1.08,3.52563254,0.0433,,,,,89.36,1070.0,,transit,2014.0,14/10/02,19 22 19.6165,+40 34 38.5639,720.0,0.87,0.8,0.09,5150.0,5.0,Confirmed planets
K2-353 b,0,0.0829,0.495,15.466805,,,,,,,735.0,,transit,2021.0,21/10/03,13 26 28,-02 16 55,268.515,0.87,0.99,-0.21,5698.0,,Confirmed planets
Kepler-686 b,0,,1.084,1.59474546,,,,,,,,,transit,2016.0,16/05/10,19 00 51.3164,+39 01 38.8120,1557.39,0.94,0.92,-0.07,5649.0,,Confirmed planets
Kepler-1446 b,0,,0.073,0.68996783,,,,,,,,,transit,2016.0,16/05/10,19 17 41.7499,+46 43 34.1975,152.744,0.81,0.75,0.11,4865.0,,Confirmed planets
K2-341 b,0,0.0327,0.286,36.552551,,,,,,89.325,598.0,,transit,2018.0,21/10/03,08 41 59,+19 54 60,421.408,0.98,1.16,-0.05,5817.0,,Confirmed planets
Kepler-347 b,0,,0.17953,12.79836,,,,,,,,,transit,2014.0,14/02/26,19 16 47.9064,+49 18 20.5593,1004.99,,1.005,,6088.0,,Confirmed planets
Kepler-347 c,0,,0.15948,27.320871,,,,,,,,,transit,2014.0,14/02/26,19 16 47.9064,+49 18 20.5593,1004.99,,1.005,,6088.0,,Confirmed planets
WASP-118 b,0,0.514,1.44,4.0460435,0.05453,,,,,88.7,,,transit,2016.0,16/08/10,01 18 12.1381,+02 42 10.2512,250.0,1.32,1.696,0.16,6410.0,,Confirmed planets
Kepler-513 b,0,,0.196,28.86235584,,,,,,,,,transit,2016.0,16/05/10,19 00 10.0110,+50 04 31.3432,474.654,1.02,1.06,-0.01,5849.0,,Confirmed planets
OGLE--2018-BLG-0516 b,0,0.0632,,,2.2,,,,,,,,microlensing,2021.0,21/06/16,17 58 34.00,-31 15 45.00,7000.0,0.47,,,,,Confirmed planets
Kepler-514 b,0,,0.153,5.65179605,,,,,,,,,transit,2016.0,16/05/10,19 04 59.3242,+50 14 32.6578,461.361,1.28,1.44,0.36,6106.0,,Confirmed planets
HD 9174 b,0,1.11,,1179.0,2.2,0.12,101.0,,,,,,RV,2016.0,16/04/02,01 30 01.0023,-19 36 16.2070,78.93,1.03,1.67,0.39,5577.0,9.0,Confirmed planets
HD 28254 b,0,1.16,,1116.0,2.15,0.81,,,,,196.8,,RV,2009.0,10/09/08,04 24 50.7051,-50 37 19.8834,56.2,1.06,1.48,0.36,5664.0,,Confirmed planets
Kepler-617 b,0,,0.118,1.68269615,,,,,,,,,transit,2016.0,16/05/10,18 54 57.7739,+47 30 58.6292,174.219,0.51,0.48,-0.07,3712.0,,Confirmed planets
KMT-2021-BLG-0909 b,0,1.26,,,1.75,,,,,,,,microlensing,2022.0,22/07/18,17 42 29.00,-27 38 21.00,6480.0,0.38,,,,,Confirmed planets
NGTS-12 b,0,0.208,1.048,7.532806,0.0757,0.0,,,,88.9,1257.0,,transit,2020.0,20/10/22,11 45 00,-35 38 26,452.0,1.02,1.59,-0.03,5690.0,,Confirmed planets
KELT-10 b,0,0.679,1.399,4.166286,0.0525,0.0,,,,88.63,1377.0,,transit,2015.0,15/09/08,18 58 11.6095,-47 00 11.6643,183.0,1.112,1.209,0.09,5948.0,,Confirmed planets
HAT-P-55 b,0,0.582,1.182,,0.04604,,,,,87.7,1313.0,,transit,2015.0,15/06/11,17 37 05.6338,+25 43 52.2543,480.0,1.013,1.011,-0.03,5808.0,4.2,Confirmed planets
WASP-23 b,0,0.884,0.962,2.9444256,0.0376,0.062,,,,88.39,1024.0,,transit,2010.0,11/03/24,06 44 30.6134,-42 45 42.6660,208.7378,0.78,0.765,,5150.0,,Confirmed planets
HD 30177 b,0,8.622,,2527.83,3.704,0.162,32.422,,,,,,RV,2002.0,19/06/27,04 41 54.3739,-58 01 14.7246,55.68,1.05,1.02,0.39,5607.0,,Confirmed planets
HD 30177 c,0,7.6,,11613.0,9.89,0.22,19.0,,,,,,RV,2016.0,16/12/21,04 41 54.3739,-58 01 14.7246,55.68,1.05,1.02,0.39,5607.0,,Confirmed planets
HIP 114933 b,0,1.94,,1481.6,2.84,0.21,134.2,,,,,,RV,2020.0,21/03/30,23 16 49.7048,-21 12 11.1399,102.06,1.39,5.27,0.06,4824.0,,Confirmed planets
MOA-2013-BLG-220L b,0,0.8,,,,,,,,,,,microlensing,2014.0,18/09/19,18 03 56.470,-29 32 40.78,4500.0,0.25,,,,,Confirmed planets
Kepler-742 b,0,,0.289,8.36086824,,,,,,,,,transit,2016.0,16/05/10,18 55 27.8389,+46 47 22.5659,496.179,0.76,0.71,0.07,4642.0,,Confirmed planets
WASP-80 b,0,0.554,0.952,3.0678504,0.0346,,,,,89.92,600.0,,transit,2013.0,15/04/23,20 12 40.1691,-02 08 39.1911,60.0,0.57,0.571,-0.14,4145.0,,Confirmed planets
Kepler-877 b,0,,0.189,18.45847097,,,,,,,,,transit,2016.0,16/05/10,19 19 26.1830,+46 31 21.6710,,0.85,0.81,-0.06,5261.0,,Confirmed planets
K2-166 c,0,,0.109,3.80464,,,,,,,,,transit,2019.0,19/06/13,12 20 45,+02 16 57,481.0,1.07,,,,,Confirmed planets
K2-166 b,0,,0.195,8.52695,0.0858,,,,,,1140.0,,transit,2018.0,18/07/12,12 20 45,+02 16 57,481.0,1.07,,,,,Confirmed planets
Kepler-1634 b,0,,0.285,374.876239,,,,,,,,,transit,2016.0,16/05/10,19 36 10.4160,+45 08 23.2005,628.417,0.92,0.89,0.02,5474.0,,Confirmed planets
Kepler-904 b,0,,0.158,3.02166863,,,,,,,,,transit,2016.0,16/05/10,19 15 17.5001,+40 23 20.5700,1006.34,1.16,1.25,0.05,6160.0,,Confirmed planets
TOI-178 b,0,0.00472,0.10278,1.914558,0.02607,,,,,88.8,1040.0,,transit,2020.0,21/01/31,00 29 12.3030,-30 27 13.4649,63.0,,0.7,,4111.0,,Confirmed planets
TOI-178 c,0,0.01501,0.1489,3.23845,0.037,,,,,88.4,873.0,,transit,2018.0,21/01/31,00 29 12.3030,-30 27 13.4649,63.0,,0.7,,4111.0,,Confirmed planets
TOI-178 d,0,0.00947,0.22946,6.5577,0.0592,,,,,88.58,690.0,,transit,2018.0,21/01/31,00 29 12.3030,-30 27 13.4649,63.0,,0.7,,4111.0,,Confirmed planets
TOI-178 e,0,0.01214,0.1969,9.961881,0.0783,,,,,88.71,600.0,,transit,2020.0,21/01/31,00 29 12.3030,-30 27 13.4649,63.0,,0.7,,4111.0,,Confirmed planets
TOI-178 f,0,0.02429,0.20403,15.231915,0.1039,,,,,88.723,521.0,,transit,2019.0,21/01/31,00 29 12.3030,-30 27 13.4649,63.0,,0.7,,4111.0,,Confirmed planets
TOI-178 g,0,0.0124,0.256,20.7095,0.1275,,,,,88.823,470.0,,transit,2020.0,21/01/31,00 29 12.3030,-30 27 13.4649,63.0,,0.7,,4111.0,,Confirmed planets
alf Tau b,2,6.47,,628.96,1.46,0.1,287.0,,,,,,RV,2015.0,15/11/17,04 35 55.20,+16 30 35.1,20.43,1.13,45.1,-0.27,4055.0,6.6,"Controversial, Planets in binary systems, S-type"
WASP-150 b,0,8.46,1.07,5.644207,0.0694,0.3775,,,,84.01,1460.0,,transit,2020.0,20/05/21,17 37 03.1320,+53 01 16.4818,536.14,1.39,1.65,0.156,6218.0,,Confirmed planets
HAT-P-57 b,2,,1.413,2.465295,0.0406,0.0,,,,88.26,,,transit,2015.0,15/11/01,18 18 58.32,+10 35 50.3,303.0,1.47,1.5,-0.25,7500.0,1.0,"Confirmed planets, Planets in binary systems, S-type"
Kepler-523 b,0,,0.175,5.83598311,,,,,,,,,transit,2016.0,16/05/10,18 56 14.6705,+45 30 24.6476,255.154,0.93,0.86,-0.03,5515.0,,Confirmed planets
HD 141937 b,0,9.7,,653.22,1.52,0.41,,,,,215.8,,RV,2002.0,10/12/29,15 52 17.5481,-18 26 09.7938,33.46,1.1,1.06,0.11,5925.0,,Confirmed planets
Kepler-275 c,0,,0.30802,16.088134,,,,,,,,,transit,2014.0,14/02/26,19 29 55.1289,+38 30 53.6696,2055.57,1.198,1.383,,6165.0,,Confirmed planets
Kepler-275 b,0,,0.21324,10.300682,,,,,,,,,transit,2014.0,14/02/26,19 29 55.1289,+38 30 53.6696,2055.57,1.198,1.383,,6165.0,,Confirmed planets
Kepler-275 d,0,,0.30346,35.676062,,,,,,,,,transit,2014.0,14/02/26,19 29 55.1289,+38 30 53.6696,2055.57,1.198,1.383,,6165.0,,Confirmed planets
Kepler-557 b,0,,0.238,3.70598955,,,,,,,,,transit,2016.0,16/05/10,19 34 50.0233,+41 36 54.5342,,1.11,1.16,0.02,6068.0,,Confirmed planets
HD 220197 b,0,0.2,,1728.0,2.729,0.187,159.011,,,,,,RV,2018.0,19/11/21,23 21 58.2870,+16 37 57.1380,64.53,0.91,0.98,-0.55,5683.0,,Confirmed planets
Kepler-356 c,0,,0.16495,13.121632,,,,,,,,,transit,2014.0,14/02/26,19 29 41.0583,+37 40 58.1088,672.47,1.13,1.335,,6133.0,,Confirmed planets
Kepler-356 b,0,,0.14307,4.612696,,,,,,,,,transit,2014.0,14/02/26,19 29 41.0583,+37 40 58.1088,672.47,1.13,1.335,,6133.0,,Confirmed planets
Kepler-342 b,0,,0.20504,15.170318,,,,,,,,,transit,2014.0,14/02/26,19 30 42.7396,+46 43 36.1591,807.28,,1.472,,6175.0,,Confirmed planets
Kepler-342 d,0,,0.22691,39.459357,,,,,,,,,transit,2014.0,14/02/26,19 30 42.7396,+46 43 36.1591,807.28,,1.472,,6175.0,,Confirmed planets
Kepler-342 c,0,,0.17862,26.234138,,,,,,,,,transit,2014.0,14/02/26,19 30 42.7396,+46 43 36.1591,807.28,,1.472,,6175.0,,Confirmed planets
Kepler-342 e,0,,0.079,1.64422461,,,,,,,,,transit,2016.0,16/05/10,19 30 42.7396,+46 43 36.1591,807.28,,1.472,,6175.0,,Confirmed planets
WASP-163 b,0,1.87,1.202,1.6096884,0.0266,,,,,85.42,1638.0,,transit,2018.0,18/12/13,17 06 09.0131,-10 24 46.7426,263.29,0.97,1.01,-0.34,5500.0,,Confirmed planets
Kepler-1953 b,0,0.00692,0.115,6.24565983,0.0607,0.0,,,,87.87,731.0,,transit,2021.0,22/02/01,19 11 52,+46 28 14,605.631,0.79,0.71,-0.02,4858.0,,Confirmed planets
HIP 65407 b,0,0.428,,28.125,0.177,0.14,50.0,,,,,,RV,2016.0,17/12/09,13 24 21.0389,+48 53 06.3624,62.07,0.93,,0.25,5460.0,,Confirmed planets
HIP 65407 c,0,0.784,,67.3,0.316,0.12,-19.0,,,,,,RV,2016.0,17/12/09,13 24 21.0389,+48 53 06.3624,62.07,0.93,,0.25,5460.0,,Confirmed planets
Kepler-1571 b,0,,0.136,3.38555488,,,,,,,,,transit,2016.0,16/05/10,20 03 44.5023,+45 35 47.5323,688.658,1.23,1.39,0.04,6297.0,,Confirmed planets
Kepler-131 b,0,0.05074,0.219624,16.092,,,,,,,,,transit,2014.0,14/02/24,19 14 07.4054,+40 56 32.3258,226.3,1.02,1.03,0.12,5685.0,3.66,Confirmed planets
Kepler-131 c,0,0.025952,0.076549,25.5169,,,,,,,,,transit,2014.0,14/02/24,19 14 07.4054,+40 56 32.3258,226.3,1.02,1.03,0.12,5685.0,3.66,Confirmed planets
Kepler-1649 c,0,,0.095,19.53527,,,,,,89.339,234.0,,transit,2020.0,20/04/23,19 30 00.9006,+41 49 49.5138,92.43,0.2,0.23,-0.15,3240.0,,Confirmed planets
Kepler-1649 b,0,,0.091,8.689099,,,,,,89.15,307.0,,transit,2017.0,20/04/23,19 30 00.9006,+41 49 49.5138,92.43,0.2,0.23,-0.15,3240.0,,Confirmed planets
Kepler-1247 b,0,,0.208,13.71220213,,,,,,,,,transit,2016.0,16/05/10,19 38 08.0540,+46 37 05.7884,1076.89,0.86,0.82,-0.05,5303.0,,Confirmed planets
Kepler-1158 b,0,,0.209,13.5396293,,,,,,,,,transit,2016.0,16/05/10,19 28 56.1390,+41 34 30.7182,1550.15,1.41,1.95,0.18,6203.0,,Confirmed planets
Qatar-7 b,0,1.88,1.7,2.032046,0.0352,0.0,,,,89.0,2053.0,,transit,2019.0,20/05/07,23 54 04,+37 01 19,725.0,1.41,1.56,0.276,6387.0,,Confirmed planets
Kepler-1019 b,0,,0.13,1.41122985,,,,,,,,,transit,2016.0,16/05/10,18 54 52.2159,+47 12 16.0590,195.278,0.7,0.67,0.01,4433.0,,Confirmed planets
HD 86264 b,0,7.0,,1475.0,2.86,0.7,,,,,214.2,,RV,2009.0,09/08/13,09 56 57.8386,-15 53 42.4229,72.6,1.42,1.88,0.202,6210.0,,Confirmed planets
Kepler-1868 b,0,0.0317,0.281,211.0339966,0.6266,0.0,,,,89.69,215.0,,transit,2021.0,22/02/01,19 33 12,+43 33 21,274.18,0.74,0.69,0.0,4658.0,,Confirmed planets
K2-261 b,0,0.223,0.85,11.63344,0.102,0.39,143.0,,,88.4,1080.0,,transit,2018.0,18/08/16,10 52 07.7793,+00 29 36.0856,214.58,1.1,1.65,0.36,5537.0,,Confirmed planets
Kepler-1439 b,0,,0.13,8.07392849,,,,,,,,,transit,2016.0,16/05/10,19 02 57.5536,+40 58 48.1124,226.829,0.46,0.43,-0.03,3578.0,,Confirmed planets
HATS-65 b,0,0.821,1.501,3.105161,0.04497,0.0,,,,84.82,1634.0,,transit,2018.0,18/12/13,19 31 45.5518,-26 44 24.7249,500.0,1.257,1.31,0.199,6277.0,,Confirmed planets
KMT-2021-BLG-1554L b,0,0.12,0.616,,0.72,,,,,,,,microlensing,2022.0,23/01/12,17 51 13,-31 51 52,7680.0,0.08,,,,,Confirmed planets
HR 8799 b,0,5.0,0.7,166510.0,67.96,0.0,,,60.89,30.27,1100.0,,imaging,2008.0,15/11/26,23 07 28.71507,+21 08 03.3053,39.4,1.516,1.44,-0.47,7193.0,0.033,Confirmed planets
HR 8799 c,0,7.0,1.0,83255.0,42.81,0.0,,,65.68,29.43,1200.0,,imaging,2008.0,15/11/26,23 07 28.71507,+21 08 03.3053,39.4,1.516,1.44,-0.47,7193.0,0.033,Confirmed planets
HR 8799 d,0,7.0,1.1,41628.0,26.97,0.0,,,56.09,38.63,1200.0,,imaging,2008.0,15/11/26,23 07 28.71507,+21 08 03.3053,39.4,1.516,1.44,-0.47,7193.0,0.033,Confirmed planets
HR 8799 e,0,7.0,1.0,20816.0,16.99,0.0,,,145.73,30.95,1200.0,,imaging,2010.0,15/11/26,23 07 28.71507,+21 08 03.3053,39.4,1.516,1.44,-0.47,7193.0,0.033,Confirmed planets
Kepler-627 b,0,,0.333,40.6994443,,,,,,,,,transit,2016.0,16/05/10,19 28 25.0236,+39 46 04.4097,1012.86,1.3,1.49,0.05,6424.0,,Confirmed planets
Kepler-1027 b,0,,0.079,1.9078052,,,,,,,,,transit,2016.0,16/05/10,19 10 17.0804,+42 48 50.0917,409.819,0.91,0.82,-0.06,5436.0,,Confirmed planets
TOI-1260 b,0,0.02709,0.20832,3.12748,0.0366,0.0,,,,88.8,860.0,,transit,2021.0,21/04/13,10 28 35.00,+65 51 15.00,73.41,0.66,0.65,,4227.0,,Confirmed planets
TOI-1260 c,0,0.03725,0.2516,7.49325,0.0656,0.0,,,,88.12,643.0,,transit,2021.0,21/04/13,10 28 35.00,+65 51 15.00,73.41,0.66,0.65,,4227.0,,Confirmed planets
Kepler-1204 b,0,,0.272,85.7350285,,,,,,,,,transit,2016.0,16/05/10,19 17 45.9604,+42 29 53.3256,1215.95,1.03,1.03,0.06,5825.0,,Confirmed planets
OGLE-2014-BLG-0676L b,0,3.09,,,4.4,,,,,,,,microlensing,2016.0,18/09/20,17 52 24.50,-30 32 54.20,2220.0,0.62,,,,,Confirmed planets
HD 189567 b,0,0.0316,,14.275,0.1099,0.23,,,,,769.4,,RV,2011.0,11/09/12,20 05 32.7652,-67 19 15.2288,17.7,,,,5940.0,,Confirmed planets
Wolf 1069 b,0,0.00396,,15.564,0.0672,,,,,,250.0,,RV,2023.0,23/01/06,20 26 06.00,+58 34 31.00,9.5747,0.167,0.1813,0.07,3158.0,,Confirmed planets
HD 136925 b,0,0.84,,4540.0,5.13,0.103,24.0,,,,,,RV,2021.0,21/05/27,15 22 52.0681,+13 21 59.1427,47.9382,,,,,,Confirmed planets
2MASS J0219-3925 B,0,13.9,1.44,,,,,,,,1683.0,,imaging,2015.0,15/07/24,02 19 22.10,-39 25 22.5,39.4,0.108,0.281,,3064.0,,Confirmed planets
GJ 1148 c,0,0.21414,0.866,532.58,0.912,0.342,210.4,,,,,,RV,2017.0,21/07/01,11 41 44.6360,+42 45 07.1048,11.0143,0.34,0.36,0.16,3287.0,,Confirmed planets
GJ 1148 b,0,0.30425,1.07,41.38,0.166,0.38,258.1,,,,,,RV,2010.0,21/07/01,11 41 44.6360,+42 45 07.1048,11.0143,0.34,0.36,0.16,3287.0,,Confirmed planets
Kepler-1466 b,0,,0.138,31.1750448,,,,,,,,,transit,2016.0,16/05/10,19 19 19.4872,+44 36 35.4839,643.666,1.01,1.02,-0.07,5884.0,,Confirmed planets
K2-334 b,0,0.0854,0.504,5.113981,,,,,,,1380.0,,transit,2018.0,21/10/03,09 05 57,+16 19 32,371.823,1.36,1.49,0.17,6502.0,,Confirmed planets
DS Tuc A b,0,,0.509,8.138268,,0.0,,,,89.5,850.0,,transit,2019.0,19/07/11,23 39 39,-69 11 45,44.12,1.01,0.96,0.0,5428.0,,Confirmed planets
Kepler-1986 b,0,0.0133,0.263,19.5489666,0.1307,0.0,,,,89.05,579.0,,transit,2023.0,23/10/15,19 31 50,+42 51 18,912.085,0.78,0.73,-0.54,5549.0,,Confirmed planets
Kepler-1339 b,0,,0.063,1.34155513,,,,,,,,,transit,2016.0,16/05/10,18 54 59.0072,+48 22 24.3218,374.827,0.94,0.93,0.01,5586.0,,Confirmed planets
Kepler-197 c,0,,0.11209,10.349695,0.089,0.08,,,,89.3,,,transit,2014.0,15/07/22,19 40 54.3400,+50 33 32.4215,313.87,0.864,1.12,,6004.0,,Confirmed planets
Kepler-197 d,0,,0.11118,15.677563,0.117,0.03,,,,88.3,,,transit,2014.0,15/07/22,19 40 54.3400,+50 33 32.4215,313.87,0.864,1.12,,6004.0,,Confirmed planets
Kepler-197 b,0,,0.09295,5.599308,0.059,0.02,,,,88.9,,,transit,2014.0,15/07/22,19 40 54.3400,+50 33 32.4215,313.87,0.864,1.12,,6004.0,,Confirmed planets
Kepler-197 e,0,,0.08293,25.209715,0.16,0.38,,,,89.7,,,transit,2014.0,15/07/22,19 40 54.3400,+50 33 32.4215,313.87,0.864,1.12,,6004.0,,Confirmed planets
Kepler-863 b,0,,0.259,15.59461874,,,,,,,,,transit,2016.0,16/05/10,19 50 39.4752,+43 14 56.3658,1562.99,0.96,0.95,-0.03,5678.0,,Confirmed planets
Kepler-1639 b,0,,0.23,9.878482,,,,,,,,,transit,2016.0,16/05/10,18 52 16.4768,+48 48 07.5149,1062.81,1.12,1.18,-0.03,6150.0,,Confirmed planets
KELT-17 b,0,1.31,1.525,3.0801716,0.04881,,,,,,2087.0,,transit,2016.0,16/07/19,08 22 28.2047,+13 44 07.1445,210.0,1.635,1.645,-0.018,7454.0,,Confirmed planets
WASP-102 b,0,0.624,1.259,2.709813,0.0401,,,,,89.73,,,transit,2016.0,16/08/16,22 25 51.4470,+15 51 24.2708,543.685,1.167,1.331,0.09,5940.0,0.6,Confirmed planets
2MASS J22362452+4751425 b,0,12.5,,,230.0,,,,,,,,imaging,2016.0,16/11/10,22 36 24.5254,+47 51 42.5312,74.0,0.6,,,4045.0,,Confirmed planets
Kepler-1950 b,0,0.00927,0.136,10.77690029,0.0871,0.0,,,,89.87,752.0,,transit,2021.0,22/09/15,19 08 21,+42 40 07,697.253,0.76,0.85,-0.34,5455.0,,Confirmed planets
NGTS-4 b,0,0.0647988248135461,0.283702746,1.3373508,0.019,0.0,,,,82.5,1650.0,,transit,2018.0,18/09/03,05 58 23.7549,-30 48 42.3629,282.6,0.75,0.84,-0.28,5143.0,,Confirmed planets
Kepler-12 b,0,0.43,1.75,4.4379637,0.0556,0.01,,,,88.76,1354.2,,transit,2011.0,15/12/03,19 04 58.4220,+50 02 25.2714,600.0,1.09,1.42,0.08,5953.0,,Confirmed planets
TOI-1518 b,0,,1.875,1.902603,0.039,,,,,77.84,2892.0,,transit,2021.0,21/08/27,23 29 04.00,+67 02 06.00,,1.79,1.95,-0.1,7300.0,,Confirmed planets
HD 13931 b,0,1.92,,4460.0,5.34,0.033,18.0,,,,,,RV,2010.0,17/12/10,02 16 47.3790,+43 46 22.7896,46.75,1.022,1.23,0.03,5829.0,8.4,Confirmed planets
Kepler-906 b,0,,0.188,41.6979976,,,,,,,,,transit,2016.0,16/05/10,19 25 37.3398,+40 07 31.7844,774.653,1.06,1.02,-0.09,6035.0,,Confirmed planets
OGLE-2007-BLG-368L b,0,0.0629,,,,,,,,,,,microlensing,2009.0,18/09/20,17 56 25.96,-32 14 14.7,5900.0,0.64,,,,,Confirmed planets
HATS-21 b,0,0.332,1.123,3.5543973,0.04676,0.0,,,,85.04,,,transit,2016.0,16/07/28,18 40 44.2540,-58 32 27,286.0,1.08,1.021,0.3,5695.0,2.3,Confirmed planets
Kepler-1773 b,0,0.038,0.313,40.80970001,0.2489,0.0,,,,88.57,623.0,,transit,2021.0,22/02/01,19 04 54,+38 15 29,681.255,1.24,1.3,0.26,6183.0,,Confirmed planets
GJ 433 b,0,0.01901,,7.3705,0.062,0.04,154.0,,,,,,RV,2011.0,20/02/13,11 35 26.9474,-32 32 23.8830,9.07,0.48,,,,,Confirmed planets
GJ 433 c,0,0.10201,,5094.105,4.819,0.12,242.0,,,,,,RV,2014.0,20/02/13,11 35 26.9474,-32 32 23.8830,9.07,0.48,,,,,Confirmed planets
GJ 433 d,0,0.01643,,36.059,0.178,0.07,159.0,,,,,,RV,2020.0,20/02/13,11 35 26.9474,-32 32 23.8830,9.07,0.48,,,,,Confirmed planets
HATS-16 b,0,3.27,1.3,2.686502,0.03744,,,,,83.53,,,transit,2015.0,15/11/26,23 54 14.0982,-30 00 46.9064,774.0,0.97,1.238,0.1,5738.0,9.5,Confirmed planets
TOI-1468 c,0,0.02089,0.184,15.532482,,,,,,89.335,337.5,,transit,2022.0,23/01/12,01 06 37,+19 13 30,24.7399,0.34,0.34,-0.04,3496.0,,Confirmed planets
TOI-1468 b,0,0.0101,0.114,1.8805136,,,,,,88.47,682.2,,transit,2022.0,23/01/12,01 06 37,+19 13 30,24.7399,0.34,0.34,-0.04,3496.0,,Confirmed planets
KOI-4427.01,0,,0.208,147.6606,0.419,,,,,89.97,,,transit,2015.0,18/02/17,19 40 28.1364,+39 16 26.7578,240.0,0.526,0.505,-0.07,3813.0,3.6,Controversial
WASP-88 b,0,0.56,1.7,4.954,0.06431,,,,,88.0,1772.0,,transit,2013.0,13/12/09,20 38 02.6869,-48 27 43.4254,531.604,1.45,2.08,-0.08,6431.0,,Confirmed planets
GJ 3138 b,0,0.0132,,5.974,0.057,0.11,,,,,,,RV,2017.0,17/03/21,02 09 10.9012,-16 20 22.5287,28.49,0.681,0.5,-0.3,3717.0,,Confirmed planets
GJ 3138 c,0,0.0056,,1.22003,0.0197,0.19,,,,,,,RV,2017.0,17/03/21,02 09 10.9012,-16 20 22.5287,28.49,0.681,0.5,-0.3,3717.0,,Confirmed planets
GJ 3138 d,0,0.033,,257.8,0.698,0.32,,,,,,,RV,2017.0,17/03/21,02 09 10.9012,-16 20 22.5287,28.49,0.681,0.5,-0.3,3717.0,,Confirmed planets
K2-237 b,0,1.236,1.642,2.1805577,0.0353,0.0,,,,84.6,1838.0,,transit,2018.0,19/05/23,16 55 04.5335,-28 42 38.0147,309.5,1.23,1.38,0.0,6099.0,,Confirmed planets
Kepler-881 b,0,,0.159,4.44448017,,,,,,,,,transit,2016.0,16/05/10,19 15 58.2188,+46 40 14.6357,1431.64,1.06,1.09,0.0,5961.0,,Confirmed planets
Kepler-1844 b,0,0.0298,0.271,3.92451,0.0478,0.0,,,,89.22,1074.0,,transit,2021.0,22/02/01,19 30 46,+37 56 04,1804.36,0.94,0.85,-0.18,5776.0,,Confirmed planets
HD 27969 b,0,4.8,,654.5,1.552,0.182,106.6,,,,261.0,,RV,2021.0,21/07/14,04 26 49.4514,+42 54 34.1462,68.06,1.16,1.27,0.18,5966.0,,Confirmed planets
EPIC 249893012 b,0,0.02753,0.174,3.5951,0.047,0.06,225.0,,,86.14,1616.0,,transit,2020.0,20/02/13,15 12 59.5618,-16 43 28.1990,324.22,1.05,1.71,0.2,5430.0,,Confirmed planets
EPIC 249893012 c,0,0.04616,0.327,15.624,0.13,0.07,217.0,,,87.94,990.0,,transit,2020.0,20/02/13,15 12 59.5618,-16 43 28.1990,324.22,1.05,1.71,0.2,5430.0,,Confirmed planets
EPIC 249893012 d,0,0.03203,0.352,35.747,0.22,0.15,181.0,,,89.47,752.0,,transit,2020.0,20/02/13,15 12 59.5618,-16 43 28.1990,324.22,1.05,1.71,0.2,5430.0,,Confirmed planets
TOI-2498 b,0,0.10893,0.541,3.738252,0.0491,0.089,89.99,,,87.12,1443.0,,transit,2023.0,23/10/15,06 21 40,+11 15 06,275.265,1.12,1.26,0.167,5905.0,,Confirmed planets
Kepler-1714 b,0,0.0337,0.291,10.27530003,0.1047,0.0,,,,88.49,1211.0,,transit,2021.0,22/02/01,19 34 52,+46 13 36,409.46,1.45,2.09,0.22,6150.0,,Confirmed planets
Kepler-1471 b,0,,0.126,3.63899398,,,,,,,,,transit,2016.0,16/05/10,19 18 39.5801,+50 01 12.1561,1006.64,0.95,0.93,-0.03,5660.0,,Confirmed planets
HAT-P-37 b,0,1.169,1.178,2.797436,0.0378,0.058,,,,86.9,1166.3,,transit,2012.0,12/01/04,18 57 11.0562,+51 16 08.8495,411.0,0.929,0.877,0.03,5500.0,,Confirmed planets
Kepler-1116 b,0,,0.227,41.6977827,,,,,,,,,transit,2016.0,16/05/10,19 27 44.0726,+44 06 55.9042,1038.21,0.95,0.93,0.01,5641.0,,Confirmed planets
HIP 63242 b,0,9.18,,124.6,0.565,0.23,118.2,,,,,,RV,2013.0,13/06/18,12 57 31.9599,-65 38 47.2594,135.0,1.54,,-0.31,4839.0,,Confirmed planets
Kepler-1652 b,0,,0.143,38.09722,0.1654,,,,,89.993,268.0,,transit,2017.0,17/11/16,19 37 27.8329,+49 54 54.2170,252.0,0.4,0.38,-0.3,3638.0,,Confirmed planets
OGLE-2018-BLG-1185 b,0,0.0264,,,1.537,,,,,,,,microlensing,2021.0,21/04/07,17 59 10.00,-27 50 06.00,7400.0,0.37,,,,,Confirmed planets
K2-202 b,0,,0.2052,3.40516,,,,,,87.7,,,transit,2018.0,18/07/24,18 53 03.4244,-22 24 25.3382,771.7,0.971,0.911,0.27,,,Confirmed planets
CoRoT-25 b,0,0.27,1.08,4.86069,0.0578,0.0,,,,84.5,,,transit,2013.0,13/05/24,18 42 31.1200,+06 30 49.7463,1000.0,1.09,1.19,-0.01,6040.0,,Confirmed planets
HD 149806 b,0,12.2018,1.1,16521.52777877,12.278296,0.357139,53.0201,,,13.574,,,RV,2022.0,22/09/27,16 37 09,+00 15 17,20.2727,0.93,0.89,0.221,5352.05,,Confirmed planets
WASP-87 b,0,2.18,1.385,1.682795,0.02946,,,,,81.07,,,transit,2014.0,17/12/04,12 21 17.9274,-52 50 26.9994,299.0,1.204,1.627,-0.41,6450.0,3.8,Confirmed planets
WASP-73 b,0,1.88,1.16,4.08722,0.05512,,,,,87.4,1790.0,,transit,2013.0,13/12/09,21 19 47.9065,-58 08 55.9930,319.57,1.34,2.07,0.14,6036.0,,Confirmed planets
Kepler-630 b,0,,0.284,161.4743937,,,,,,,,,transit,2016.0,16/05/10,19 33 42.4899,+39 56 32.7142,860.511,1.02,1.04,0.03,5829.0,,Confirmed planets
CI Tau b,0,12.31,,8.9891,,0.28,,,,45.7,,,RV,2016.0,17/12/01,04 33 52.0144,+22 50 30.0937,158.7,0.8,,,,0.002,Confirmed planets
K2-203 b,0,,0.1222,9.6951,,,,,,88.4,,,transit,2018.0,18/07/24,00 51 05.6974,-01 11 45.1932,803.7,0.794,0.763,-0.07,,,Confirmed planets
WASP-54 b,0,0.636,1.653,3.6936411,0.04987,0.067,,,,84.97,1759.0,,transit,2011.0,12/10/08,13 41 49.0301,-00 07 41.0337,200.0,1.15,1.4,-0.27,6100.0,,Confirmed planets
Kepler-358 c,0,,0.25972,83.488369,,,,,,,,,transit,2014.0,14/02/26,19 32 55.2567,+48 16 53.0373,1336.21,0.998,0.954,,5908.0,,Confirmed planets
Kepler-358 b,0,,0.24787,34.060467,,,,,,,,,transit,2014.0,14/02/26,19 32 55.2567,+48 16 53.0373,1336.21,0.998,0.954,,5908.0,,Confirmed planets
TOI-858 B b,0,1.1,1.255,3.2797178,0.04435,0.15,,,,86.8,1529.0,,transit,2023.0,23/10/15,04 00 48,-54 35 34,250.489,1.08,1.31,0.153,5842.0,,Confirmed planets
WASP-69 b,0,0.26,1.057,3.8681382,0.04525,,,,,86.71,963.0,,transit,2011.0,13/10/22,21 00 06.1969,-05 05 40.0370,50.0,0.826,0.813,0.15,4715.0,2.0,Confirmed planets
Kepler-915 b,0,,0.134,4.59489604,,,,,,,,,transit,2016.0,16/05/10,19 22 22.1018,+45 44 13.7408,870.322,1.21,1.38,0.08,6173.0,,Confirmed planets
Kepler-1046 b,0,,0.153,14.37508035,,,,,,,,,transit,2016.0,16/05/10,19 47 01.3857,+46 59 53.8141,558.815,1.04,1.04,0.0,5913.0,,Confirmed planets
HATS-74A b,0,1.46,1.032,1.73185606,0.02384,,,,,87.9,895.0,,transit,2021.0,21/12/06,11 24 04.00,-19 33 26.00,286.6,0.6,0.5758,0.514,3777.0,,Confirmed planets
HD 285507 b,0,0.917,,6.0881,,0.086,182.0,,,,,,RV,2013.0,18/03/23,04 07 01.2257,+15 20 06.1084,44.7,0.734,0.656,0.13,4503.0,0.625,"Confirmed planets, Planets in open clusters"
WASP-175 b,0,0.99,1.208,3.0652907,0.04403,,,,,85.33,1571.0,,transit,2019.0,19/08/27,11 05 16.5422,-34 07 21.9765,584.0,1.212,1.204,0.15,6229.0,1.745,Confirmed planets
Kepler-1069 b,0,,0.143,23.8990296,,,,,,,,,transit,2016.0,16/05/10,19 23 55.0395,+47 59 20.3973,710.227,0.99,0.98,0.04,5722.0,,Confirmed planets
KIC 9663113 b,0,,0.41,572.3847,,,,,,89.768,,,transit,2015.0,16/01/09,19 48 10.9012,+46 19 43.3285,1670.84,0.975,1.03,-0.28,6065.0,,Confirmed planets
KOI-179.01,0,,0.2935,20.74028413,,,,,,88.81,,,transit,2014.0,16/01/09,19 48 10.9012,+46 19 43.3285,1670.84,0.975,1.03,-0.28,6065.0,,Controversial
Kepler-498 b,0,,0.27,9.61375356,,,,,,,,,transit,2016.0,16/05/10,19 21 25.9566,+44 31 07.4419,964.878,0.98,0.96,-0.04,5744.0,,Confirmed planets
HD 74156 b,0,1.778,,51.6385,0.2916,0.638,175.35,,,,,,RV,2003.0,17/12/10,08 42 25.12216,+04 34 41.1473,64.4,1.238,1.345,0.131,6068.0,,Confirmed planets
HD 74156 c,0,7.77,,2460.0,3.83,0.37,267.1,,,,,,RV,2003.0,17/12/10,08 42 25.12216,+04 34 41.1473,64.4,1.238,1.345,0.131,6068.0,,Confirmed planets
HD 18143 b,0,0.03307,0.288,10.28510117,0.087639,0.224176,60.1229,,,,,,RV,2022.0,22/09/27,02 55 39,+26 52 21,22.5243,0.85,0.87,0.28,5078.0,,Confirmed planets
HD 18143 c,0,9.80228,1.11,28982.41764205,17.521435,0.194257,313.3177,,,35.98,,,RV,2022.0,22/09/27,02 55 39,+26 52 21,22.5243,0.85,0.87,0.28,5078.0,,Confirmed planets
HIP 5763 b,0,0.51,,30.014,0.17,0.054,271.0,,,,,,RV,2021.0,21/12/03,23 39 00.00,+16 29 40.00,31.93,0.73,,,,,Confirmed planets
Kepler-1818 b,0,0.0113,0.153,4.64490986,0.055,0.0,,,,88.31,1209.0,,transit,2021.0,22/09/15,18 57 19,+40 34 08,1034.59,1.02,1.13,-0.08,6047.0,,Confirmed planets
Kepler-1096 b,0,,0.111,2.89221751,,,,,,,,,transit,2016.0,16/05/10,19 38 50.2511,+45 58 10.1915,382.088,0.66,0.63,-0.1,4306.0,,Confirmed planets
WASP-104 b,0,1.272,1.137,1.7554137,0.02918,,,,,83.63,1516.0,,transit,2014.0,14/08/06,10 42 24.6020,+07 26 06.2946,143.0,1.076,0.963,0.32,5475.0,3.0,Confirmed planets
TOI-172 b,0,5.42,0.965,9.47725,0.0914,0.3806,57.1,,,88.2,1198.0,,transit,2019.0,19/03/28,21 06 32,-26 41 34,336.47,1.13,1.78,0.148,5645.0,,Confirmed planets
HD 215497 b,0,0.02,,3.93404,0.047,0.16,,,,,984.3,,RV,2009.0,10/12/06,22 46 36.7539,-56 35 58.3284,44.0,0.87,,0.23,5113.0,,Confirmed planets
HD 215497 c,0,0.33,,567.94,1.282,0.49,,,,,185.8,,RV,2009.0,10/12/06,22 46 36.7539,-56 35 58.3284,44.0,0.87,,0.23,5113.0,,Confirmed planets
K2-285 b,0,0.03046,0.231,3.471745,0.03817,0.0,,,,86.846,1089.0,,transit,2018.0,18/12/13,23 17 32.2274,+01 18 01.0729,155.65,0.83,0.79,0.0,4975.0,,Confirmed planets
K2-285 c,0,0.04933,0.315,7.138048,0.0824,0.0,,,,89.861,741.0,,transit,2018.0,18/12/13,23 17 32.2274,+01 18 01.0729,155.65,0.83,0.79,0.0,4975.0,,Confirmed planets
K2-285 d,0,0.02045,0.221,10.45582,0.1178,0.0,,,,89.643,620.0,,transit,2018.0,18/12/13,23 17 32.2274,+01 18 01.0729,155.65,0.83,0.79,0.0,4975.0,,Confirmed planets
K2-285 e,0,0.03367,0.174,14.76289,0.18041,0.0,,,,89.799,501.0,,transit,2018.0,18/12/13,23 17 32.2274,+01 18 01.0729,155.65,0.83,0.79,0.0,4975.0,,Confirmed planets
TOI-4603 b,0,12.89,1.042,7.24599,0.0888,0.325,20.4,,,80.21,1677.0,,transit,2023.0,23/10/15,05 35 28,+21 17 39,225.643,1.77,2.74,0.342,6264.0,,Confirmed planets
Kepler-996 b,0,,0.177,3.77059058,,,,,,,,,transit,2016.0,16/05/10,19 27 39.0689,+41 32 01.0161,1260.4,1.09,1.14,0.03,6014.0,,Confirmed planets
Kepler-294 c,0,,0.24696,6.6264,,,,,,,,,transit,2014.0,14/02/26,19 09 34.0855,+46 03 33.4324,1698.68,0.994,0.976,,5913.0,,Confirmed planets
Kepler-294 b,0,,0.1613,3.701212,,,,,,,,,transit,2014.0,14/02/26,19 09 34.0855,+46 03 33.4324,1698.68,0.994,0.976,,5913.0,,Confirmed planets
WASP-77 A b,2,1.76,1.21,1.3600309,0.024,,,,,89.4,,,transit,2012.0,12/11/26,02 28 37,-07 03 38,93.0,1.002,1.12,0.0,5500.0,,"Confirmed planets, Planets in binary systems, S-type"
KIC 7821010 b,0,2.6,,991.0,,,,,,,,,timing,2016.0,21/04/29,19 25 16.7626,+43 35 43.7098,360.5,,,,,,Confirmed planets
Kepler-533 b,0,,0.302,28.51120525,,,,,,,,,transit,2016.0,16/05/10,19 34 44.5768,+48 49 30.4365,305.633,0.78,0.72,0.01,4758.0,,Confirmed planets
HATS-19 b,0,0.427,1.66,4.569673,0.0589,0.3,44.0,,,86.6,,,transit,2016.0,16/07/11,09 49 37.6184,-33 46 53,780.0,1.303,1.74,0.24,5896.0,3.94,Confirmed planets
2MASS J2117-2940,0,7.0,1.38,,,,,,,,1192.0,,imaging,2022.0,22/01/23,21 17 14.31,-29 40 03.42,16.9,,,,,,Confirmed planets
K2-283 b,0,,0.314,1.921036,0.0291,,,,,,1186.0,,transit,2018.0,18/10/26,00 52 46.6598,+09 41 34.5319,408.24,0.89,0.82,0.28,5060.0,,Confirmed planets
EPIC 220674823 b,0,,0.13,0.571308,0.011,0.0,,,,80.2,,,transit,2016.0,18/07/24,00 52 19.1416,+10 47 40.9037,257.2,0.93,0.83,-0.28,5814.0,,Confirmed planets
EPIC 220674823 c,0,,0.226,13.341245,0.064,0.0,,,,87.2,,,transit,2016.0,18/07/24,00 52 19.1416,+10 47 40.9037,257.2,0.93,0.83,-0.28,5814.0,,Confirmed planets
CoRoT-24 b,0,,0.33,5.1134,0.056,0.0,,,,86.5,1070.0,,transit,2014.0,14/06/08,06 47 41.4116,-03 43 09.4837,600.0,0.91,0.86,0.3,4950.0,11.0,Confirmed planets
CoRoT-24 c,0,0.088,0.44,11.759,0.098,0.0,,,,89.0,850.0,,transit,2014.0,14/06/08,06 47 41.4116,-03 43 09.4837,600.0,0.91,0.86,0.3,4950.0,11.0,Confirmed planets
WASP-65 b,0,1.55,1.112,2.3114243,0.0334,0.0,,,,88.8,1480.0,,transit,2011.0,13/07/25,08 53 17.8286,+08 31 22.8112,310.0,0.93,1.01,-0.07,5600.0,,Confirmed planets
Kepler-1577 b,0,,0.101,6.30560247,,,,,,,,,transit,2016.0,16/05/10,19 31 49.2704,+47 34 23.1755,517.572,0.78,0.74,0.0,4862.0,,Confirmed planets
MOA-2015-BLG-337L b,0,0.10603,,,0.24,,,,,,,,microlensing,2018.0,18/11/08,18 07 48,-28 10 13,7100.0,0.01,,,,,Confirmed planets
HAT-P-58 b,0,0.372,1.332,4.0138379,0.04994,0.073,,,,85.64,1622.0,,transit,2021.0,21/08/02,04 35 23.1828,+56 52 05.5847,515.59,1.03,1.53,-0.224,6078.0,,Confirmed planets
Kepler-984 b,0,,0.189,43.0342272,,,,,,,,,transit,2016.0,16/05/10,19 47 50.1293,+46 23 38.8524,466.374,0.96,0.93,0.04,5610.0,,Confirmed planets
KIC 10001893 b,0,,,0.2197,0.005,,,,,,,,imaging,2014.0,15/01/26,19 09 33.4134,+46 59 04.1077,,0.47,0.24,,27500.0,,Controversial
KIC 10001893 c,0,,,0.3253,0.007,,,,,,,,imaging,2014.0,15/01/26,19 09 33.4134,+46 59 04.1077,,0.47,0.24,,27500.0,,Controversial
KIC 10001893 d,0,,,0.8116,0.01,,,,,,,,imaging,2014.0,15/01/26,19 09 33.4134,+46 59 04.1077,,0.47,0.24,,27500.0,,Controversial
Kepler-1992 b,0,0.00218,0.092,15.6112238,0.1169,0.0,,,,89.03,637.0,,transit,2023.0,23/10/15,19 40 22,+45 04 52,532.955,0.87,0.84,0.0,5383.0,,Confirmed planets
Kepler-1128 b,0,,0.326,61.6178167,,,,,,,,,transit,2016.0,16/05/10,19 32 15.1976,+39 24 12.3974,1116.69,0.94,0.91,0.04,5543.0,,Confirmed planets
HD 70642 b,0,2.0,,2231.0,3.3,0.1,,,,,126.1,,RV,2003.0,11/01/01,08 21 28.1371,-39 42 19.4800,28.8,1.0,0.84,0.16,5670.0,,Confirmed planets
Kepler-1296 b,0,,0.081,8.3839865,,,,,,,,,transit,2016.0,16/05/10,19 28 30.0424,+41 24 28.1326,1622.85,0.87,0.83,-0.04,5359.0,,Confirmed planets
Kepler-781 b,0,,0.258,13.2140732,,,,,,,,,transit,2016.0,16/05/10,19 10 36.8698,+47 24 53.3488,1097.33,0.81,0.78,-0.1,5162.0,,Confirmed planets
Kepler-1260 b,0,,0.158,19.1187753,,,,,,,,,transit,2016.0,16/05/10,19 42 21.9024,+42 33 18.8388,1823.49,1.06,1.08,0.01,5961.0,,Confirmed planets
TYC 4282-00605-1 b,0,10.78,,101.54,0.422,0.28,288.94,,,,,,RV,2017.0,17/06/29,22 55 29.2312,+62 14 20.8889,700.0,0.97,16.21,-0.07,4300.0,,Confirmed planets
TYC 3667-1280-1 b,0,5.4,,26.468,0.21,0.036,240.0,,,,,,RV,2016.0,16/04/11,00 51 32.9649,+58 25 34.2446,481.0,1.87,6.26,-0.08,5130.0,1.3,Confirmed planets
K2-355 b,0,0.0179,0.201,5.7385647,0.0632,,,,,,1066.0,,transit,2021.0,21/10/03,08 18 34,+13 30 10,500.497,0.96,0.92,-0.12,5790.0,,Confirmed planets
TOI-2641 b,0,0.386,1.615,4.880974,0.0607,0.18,,,,83.75,1387.0,,transit,2023.0,23/10/15,11 24 31,-42 43 56,344.045,1.16,1.34,-0.15,6100.0,,Confirmed planets
TrES-5 b,0,1.778,1.209,1.4822446,0.02446,,,,,84.529,,,transit,2011.0,11/09/05,20 20 53.2483,+59 26 55.5744,360.0,0.88,0.85,0.2,5171.0,7.38,Confirmed planets
HD 97048 b,0,2.5,,,130.0,,,,,40.0,,,disk kinematics,2019.0,19/10/24,11 08 03.3105,-77 39 17.4911,185.0,2.4,2.25,,10000.0,,Confirmed planets
KIC 3558849 b,0,,0.616,1322.3,,,,,,89.973,,,transit,2015.0,16/01/09,19 39 47.9634,+38 36 18.6271,1258.81,0.98,1.005,-0.42,6175.0,,Confirmed planets
KOI-4307.01,0,,0.2097,160.850816,,,,,,89.38,,,transit,2014.0,16/01/09,19 39 47.9634,+38 36 18.6271,1258.81,0.98,1.005,-0.42,6175.0,,Controversial
TOI-1478 b,0,0.847,1.06,10.180249,0.0903,0.025,100.0,,,88.51,918.0,,transit,2021.0,21/01/07,08 25 44.00,-13 33 35.00,153.0,0.946,1.05,0.08,5595.0,,Confirmed planets
Kepler-1014 b,0,,0.213,16.57110363,,,,,,,,,transit,2016.0,16/05/10,19 00 29.2876,+44 06 38.0630,636.254,0.88,0.84,-0.06,5388.0,,Confirmed planets
HD 20782 b,2,1.43,,597.065,1.397,0.956,142.1,,,,,,RV,2006.0,16/01/10,03 20 03.57791,-28 51 14.6651,35.49,1.02,1.09,0.01,5798.0,5.53,"Confirmed planets, Planets in binary systems, S-type"
HD 20781 b,2,0.037882,,29.15,0.169,0.11,,,,,,,RV,2011.0,16/01/10,03 20 03.57791,-28 51 14.6651,35.49,0.76,,-0.11,5256.0,,"Confirmed planets, Planets in binary systems, S-type"
HD 20781 c,2,0.049649,,85.131,0.3456,0.28,,,,,,,RV,2011.0,16/01/10,03 20 03.57791,-28 51 14.6651,35.49,0.76,,-0.11,5256.0,,"Confirmed planets, Planets in binary systems, S-type"
Kepler-1563 b,0,,0.067,3.43276598,,,,,,,,,transit,2016.0,16/05/10,19 14 17.6650,+51 28 21.9814,,1.0,0.99,0.02,5765.0,,Confirmed planets
HIP 67522 b,0,,0.898,6.959503,,0.059,-17.0,,,89.34,1174.0,,transit,2020.0,20/07/23,13 50 06.2796,-40 50 08.8782,127.27,1.22,1.38,0.0,5675.0,,Confirmed planets
OGLE-2019-BLG-0954L b,0,14.2,,,2.65,,,,,,,,microlensing,2021.0,21/04/15,17 51 39.00,-29 36 40.00,3630.0,0.8,,,,,Confirmed planets
HAT-P-68 b,0,0.724,1.072,2.29840551,0.02996,,,,,88.73,1028.0,,transit,2020.0,20/11/02,07 54 56.00,+23 56 18.00,202.0,0.6785,0.67,-0.06,4508.0,,Confirmed planets
TOI-2587 A b,0,0.218,1.077,5.45664,0.0635,0.0,,,,84.81,1445.0,,transit,2023.0,23/10/15,07 43 44,-01 04 24,373.675,1.15,1.73,0.13,5760.0,,Confirmed planets
G 264-012 b,0,0.0079,,2.30538,0.02279,,,,,,587.0,,RV,2021.0,21/05/31,21 46 41.00,+66 48 21.00,15.986,0.297,0.305,0.1,3326.0,,Confirmed planets
G 264-012 c,0,0.0118,,8.0518,0.0525,,,,,,387.0,,RV,2021.0,21/05/31,21 46 41.00,+66 48 21.00,15.986,0.297,0.305,0.1,3326.0,,Confirmed planets
Kepler-1615 b,0,,0.184,47.3126192,,,,,,,,,transit,2016.0,16/05/10,19 05 26.2154,+42 13 38.7707,1452.22,1.04,1.05,0.06,5865.0,,Confirmed planets
HAT-P-8 b,2,1.275,1.321,3.0763402,0.0439,0.0,,,,87.8,1713.0,,transit,2008.0,13/07/31,22 52 10,+35 26 50,230.0,1.192,1.475,0.01,6200.0,4.3,"Confirmed planets, Planets in binary systems, S-type"
Kepler-1573 b,0,,0.107,2.6157554,,,,,,,,,transit,2016.0,16/05/10,19 31 57.2014,+49 29 05.8651,1518.6,1.01,1.0,0.02,5808.0,,Confirmed planets
CoRoT-8 b,0,0.22,0.57,6.21229,0.063,0.0,,,,88.4,783.1,,transit,2010.0,10/06/14,19 26 21.2426,+01 25 35.1781,380.0,0.88,0.77,0.3,5080.0,,Confirmed planets
Kepler-738 b,0,,0.223,24.58721573,,,,,,,,,transit,2016.0,16/05/10,19 10 16.7150,+46 34 04.3584,1149.95,0.86,0.82,-0.09,5327.0,,Confirmed planets
TOI-1098 b,0,,0.285,10.18271,0.113,0.2,138.0,,,88.2,,,transit,2021.0,21/02/12,12 50 23.00,-88 07 16.00,105.1,1.21,1.19,0.08,6200.0,,Confirmed planets
Kepler-527 b,0,,0.253,13.28535633,,,,,,,,,transit,2016.0,16/05/10,19 23 49.8997,+47 24 22.5767,766.636,1.28,1.45,0.03,6388.0,,Confirmed planets
OGLE-2016-BLG-1928,0,0.0009,,,,,,,,,,,microlensing,2020.0,20/09/30,18 01 31.25,-29 07 46.20,,,,,,,Confirmed planets
WASP-79 b,0,0.9,1.7,3.6623817,0.0362,0.0,,,,85.4,1958.7,,transit,2012.0,13/06/04,04 25 29.0168,-30 36 01.6109,240.0,1.56,1.64,0.03,6600.0,,Confirmed planets
K2-378 b,0,0.0272,0.257,2.060438,,,,,,,,,transit,2022.0,22/03/01,13 40 38,-11 07 02,687.973,0.92,0.73,-0.206,4823.0,,Confirmed planets
HD 116029 b,0,2.1,,670.0,1.78,0.054,40.0,,,,,,RV,2011.0,17/12/10,13 20 39.5420,+24 38 55.3099,122.4,1.33,4.6,0.18,4951.0,,Confirmed planets
HD 116029 c,0,1.27,,907.0,2.02,0.038,17.3,,,,,,RV,2016.0,17/12/10,13 20 39.5420,+24 38 55.3099,122.4,1.33,4.6,0.18,4951.0,,Confirmed planets
GJ 3942 b,0,0.02246,,6.905,0.0608,0.121,112.7,,,,590.0,,RV,2017.0,17/12/21,16 09 03.1411,+52 56 37.9584,16.94,0.63,0.61,-0.04,3867.0,,Confirmed planets
Kepler-862 b,0,,0.197,3.14866453,,,,,,,,,transit,2016.0,16/05/10,19 51 07.0287,+46 29 33.8208,1067.92,0.88,0.84,0.04,5333.0,,Confirmed planets
KOI-206 b,0,2.82,1.45,5.33408384,0.0679,0.119,68.0,,,89.21,,,transit,2012.0,18/02/17,19 50 22.4723,+40 58 38.1541,1870.0,1.46,2.26,-0.01,6360.0,2.67,Confirmed planets
Kepler-836 b,0,,0.244,11.36112327,,,,,,,,,transit,2016.0,16/05/10,19 09 48.6675,+45 42 15.8047,1008.27,1.03,1.04,-0.01,5895.0,,Confirmed planets
11 UMi b,0,11.2,,516.22,1.54,0.08,117.63,,,,,,RV,2009.0,15/09/20,15 17 05.88899,+71 49 26.0466,122.1,1.8,24.08,0.04,4340.0,,Confirmed planets
HD 99109 b,0,0.502,,439.3,1.105,0.09,,,,,231.3,,RV,2006.0,06/07/15,11 24 17.3586,-01 31 44.6634,60.5,0.93,,0.315,5272.0,,Confirmed planets
MOA-2012-BLG-006L b,0,8.4,,,,,,,,,,,microlensing,2017.0,18/09/20,18 01 46.31,-29 06 31.6,5300.0,0.49,,,,,Confirmed planets
K2-60 b,0,0.426,0.683,3.00265,0.045,,,,,88.49,,,transit,2016.0,17/01/24,22 34 25.4864,-13 16 06,498.7,0.97,1.12,0.01,5500.0,10.0,Confirmed planets
Kepler-233 b,0,,0.22145,8.472382,,,,,,,,,transit,2014.0,14/02/26,19 45 27.9547,+51 19 10.2057,859.5,0.855,0.758,,5360.0,,Confirmed planets
Kepler-233 c,0,,0.24696,60.418955,,,,,,,,,transit,2014.0,14/02/26,19 45 27.9547,+51 19 10.2057,859.5,0.855,0.758,,5360.0,,Confirmed planets
Kepler-381 c,0,,0.10207,13.391635,,,,,,,,,transit,2014.0,14/02/26,19 00 43.8669,+43 49 51.9050,243.23,1.378,1.568,,6152.0,,Confirmed planets
Kepler-381 b,0,,0.09022,5.629021,,,,,,,,,transit,2014.0,14/02/26,19 00 43.8669,+43 49 51.9050,243.23,1.378,1.568,,6152.0,,Confirmed planets
OGLE2-TR-L9 b,0,4.34,1.614,2.4855335,0.0308,,,,,79.8,2154.6,,transit,2007.0,10/12/06,11 07 55.1807,-61 08 46.5371,900.0,1.52,1.53,-0.05,6933.0,,Confirmed planets
Kepler-167 b,0,,0.14408,4.3931632,0.0483,0.0,,,,89.33,,,transit,2014.0,17/11/28,19 30 38.0262,+38 20 43.4366,330.0,0.77,0.726,-0.03,4890.0,3.3,Confirmed planets
Kepler-167 c,0,,0.12485,7.406114,0.0684,0.0,,,,89.3,,,transit,2014.0,17/11/28,19 30 38.0262,+38 20 43.4366,330.0,0.77,0.726,-0.03,4890.0,3.3,Confirmed planets
Kepler-167 d,0,,0.10652,21.803855,0.1405,,,,,89.352,,,transit,2016.0,17/11/28,19 30 38.0262,+38 20 43.4366,330.0,0.77,0.726,-0.03,4890.0,3.3,Confirmed planets
Kepler-167 e,0,,0.90552,1071.23228,1.89,0.062,200.0,,,89.976,,,transit,2016.0,17/11/28,19 30 38.0262,+38 20 43.4366,330.0,0.77,0.726,-0.03,4890.0,3.3,Confirmed planets
Kepler-528 b,0,,0.186,19.78297415,,,,,,,,,transit,2016.0,16/05/10,19 42 44.3470,+47 44 53.0655,802.311,1.01,1.06,0.02,5807.0,,Confirmed planets
Kepler-1319 b,0,,0.12,2.88676265,,,,,,,,,transit,2016.0,16/05/10,19 23 49.4626,+49 21 58.5309,104.229,0.56,0.54,0.44,3655.0,,Confirmed planets
CoRoT-35 b,0,1.1,1.68,3.22748,0.0429,0.0,,,,84.1,1747.0,,transit,2022.0,22/07/19,19 17 15.00,-02 46 29.00,1140.0,1.01,1.65,-0.5,6390.0,,Confirmed planets
Kepler-560 b,0,,0.153,18.47764449,,,,,,,,,transit,2016.0,16/05/10,20 00 49.4706,+45 01 05.3709,109.653,0.34,0.33,-0.39,3556.0,,Confirmed planets
Kepler-1231 b,0,,0.127,10.41725184,,,,,,,,,transit,2016.0,16/05/10,19 14 21.2021,+42 36 20.4199,1015.95,1.01,1.0,0.06,5778.0,,Confirmed planets
Kepler-1336 b,0,,0.177,23.198681,,,,,,,,,transit,2016.0,16/05/10,19 45 06.6483,+46 53 59.4497,1164.14,0.94,1.3,0.05,5512.0,,Confirmed planets
Kepler-1336 c,0,,0.153,5.77721211,,,,,,,,,transit,2016.0,16/05/10,19 45 06.6483,+46 53 59.4497,1164.14,0.94,1.3,0.05,5512.0,,Confirmed planets
TOI-837 b,0,1.2,0.77,8.3248762,,0.0,,,,,,,transit,2020.0,20/10/22,10 28 08.9905,-64 30 18.9337,143.08,1.12,1.02,-0.069,6047.0,,Confirmed planets
Kepler-320 c,0,,0.12485,17.934937,,,,,,,,,transit,2014.0,14/02/26,19 32 51.2382,+46 10 30.4069,767.15,1.18,1.108,,6435.0,,Confirmed planets
Kepler-320 b,0,,0.10389,8.371554,,,,,,,,,transit,2014.0,14/02/26,19 32 51.2382,+46 10 30.4069,767.15,1.18,1.108,,6435.0,,Confirmed planets
Kepler-1059 b,0,,0.154,3.76419105,,,,,,,,,transit,2016.0,16/05/10,19 16 52.8497,+41 42 23.2791,727.749,0.75,0.72,-0.15,4906.0,,Confirmed planets
2MASS J0718-6415,0,3.0,1.29,,,,,,,,596.0,,imaging,2022.0,22/01/23,07 18 08.71,-64 15 31.09,9.34,,,,,,Confirmed planets
HD 155918 b,0,0.0236,0.236,1.87567261,0.030046,-0.079533,172.9453,,,,,,RV,2022.0,22/09/27,17 22 09,-75 20 57,27.561,1.03,1.02,-0.662,5771.84,,Confirmed planets
HD 155918 c,0,5.8203,1.14,17202.19446178,13.125939,0.07103,182.6866,,,31.771,,,RV,2022.0,22/09/27,17 22 09,-75 20 57,27.561,1.03,1.02,-0.662,5771.84,,Confirmed planets
TOI-2084 b,0,0.021,0.22,6.0784247,0.05006,,,,,89.15,527.0,,transit,2023.0,23/10/15,17 17 01,+72 44 49,114.549,0.45,0.48,-0.13,3551.0,,Confirmed planets
Kepler-1629 b,0,,0.069,3.87595807,,,,,,,,,transit,2016.0,16/05/10,18 40 49.5860,+43 46 27.5286,339.3627,1.01,1.01,0.05,5776.0,,Confirmed planets
K2-412 b,0,0.0161,0.189,5.9382,0.0586,,,,,89.998,,,transit,2022.0,23/10/15,05 05 03,+21 34 49,654.085,0.89,0.98,0.014,5590.0,,Confirmed planets
K2-292 b,0,0.07709,0.235,16.9841,0.13,0.04,104.0,,,88.4,795.0,,transit,2019.0,19/02/07,13 41 30.3033,-09 56 45.8791,114.29,1.0,1.09,0.07,5725.0,,Confirmed planets
Kepler-494 b,0,,0.637,8.02511821,,,,,,,,,transit,2016.0,16/05/10,19 48 51.3743,+41 39 50.5049,,1.1,1.26,0.02,6007.0,,Confirmed planets
ROXs 42 B b,1,10.0,,,,,,,,,,,imaging,2013.0,13/12/02,16 31 15,-24 32 24,120.0,,,,,,"Confirmed planets, Planets in binary systems, P-type"
Kepler-1547 b,0,,0.08,0.69297968,,,,,,,,,transit,2016.0,16/05/10,18 55 03.3744,+42 13 19.6919,688.089,1.12,1.18,0.04,6078.0,,Confirmed planets
HD 330075 b,0,0.62,,3.38773,0.039,0.0,,,,,1023.2,,RV,2004.0,10/12/29,15 49 37.6938,-49 57 48.6770,50.2,0.95,,0.03,6295.0,,Confirmed planets
BD+14 4559 b,0,1.47,,268.94,0.777,0.29,87.64,,,,,,RV,2009.0,15/11/26,21 13 35.99143,+14 41 21.7994,48.36,0.86,,0.1,5008.0,,Confirmed planets
Kepler-946 b,0,,0.172,11.79162572,,,,,,,,,transit,2016.0,16/05/10,20 03 43.1036,+44 01 43.5413,1174.95,0.94,0.93,-0.09,5665.0,,Confirmed planets
Kepler-1495 b,0,,0.262,85.273256,,,,,,,,,transit,2016.0,16/05/10,19 04 31.3776,+38 46 46.6032,,1.03,1.04,0.06,5831.0,,Confirmed planets
Kepler-1403 b,0,,0.191,5.19492202,,,,,,,,,transit,2016.0,16/05/10,19 23 28.2389,+38 57 36.4411,,1.11,1.15,0.03,6060.0,,Confirmed planets
TOI-1422 b,0,0.028,0.3533,12.9972,0.108,0.04,153.0,,,89.52,867.0,,transit,2022.0,22/07/08,23 36 57.80,+39 38 21.39,154.56,0.981,1.019,-0.09,5840.0,,Confirmed planets
TOI-1422 c,0,0.0349,,29.29,0.185,0.14,99.0,,,,881.0,,RV,2022.0,22/07/08,23 36 57.80,+39 38 21.39,154.56,0.981,1.019,-0.09,5840.0,,Confirmed planets
YBP401 b,0,0.42,,4.087,,0.16,343.33,,,,,,RV,2016.0,18/03/23,08 51 19.046,+11 40 15.67,843.0,1.14,,0.0,6165.0,4.0,"Confirmed planets, Planets in open clusters"
Kepler-690 b,0,,0.531,7.74809437,,,,,,,,,transit,2016.0,16/05/10,19 37 57.5774,+39 46 17.2732,,1.11,1.16,0.19,5913.0,,Confirmed planets
HD 106315 b,0,0.03964,0.218,9.55237,0.0907,0.093,239.0,,,87.54,1153.0,,transit,2017.0,19/07/25,12 13 53.3965,-00 23 36.5543,109.0,1.09,1.3,-0.311,6327.0,,Confirmed planets
HD 106315 c,0,0.04782,0.388,21.05704,0.1536,0.22,96.0,,,88.61,886.0,,transit,2017.0,19/07/25,12 13 53.3965,-00 23 36.5543,109.0,1.09,1.3,-0.311,6327.0,,Confirmed planets
USco1621 A b,0,16.0,,,2880.0,,,,,,2270.0,,imaging,2019.0,20/01/16,16 21 29.5475,-25 29 43.1383,138.0,0.36,,,3460.0,,Confirmed planets
Kepler-1605 b,0,,0.096,85.7565495,,,,,,,,,transit,2016.0,16/05/10,19 08 32.3763,+47 29 19.0661,554.908,0.86,0.82,-0.01,5280.0,,Confirmed planets
Kepler-813 b,0,,0.191,19.12947337,,,,,,,,,transit,2016.0,16/05/10,19 02 39.0491,+48 26 07.4156,,0.95,0.93,-0.13,5743.0,,Confirmed planets
OGLE-2019-BLG-1053L b,0,0.0078,0.123,,3.4,,,,,,,,microlensing,2021.0,23/10/15,18 00 40,-27 20 30,6800.0,0.61,,,,,Confirmed planets
HAT-P-24 b,2,0.685,1.242,3.35524,0.0465,0.067,,,,88.6,1495.0,,transit,2010.0,13/05/29,07 15 18,+14 15 44,396.0,1.191,1.317,-0.16,6329.0,,"Confirmed planets, Planets in binary systems, S-type"
HD 120084 b,0,4.5,,2082.0,4.3,0.66,117.0,,,,,,RV,2013.0,13/04/17,13 42 39.2025,+78 03 51.9792,98.0,2.4,9.12,0.09,4892.0,,Confirmed planets
TOI-1853 b,0,0.23031,0.309,1.2436258,0.0213,0.03,,,,84.7,1479.0,,transit,2023.0,23/10/15,14 05 50,+16 59 33,165.105,0.84,0.81,0.11,4985.0,,Confirmed planets
LHS 1140 b,0,0.02007,0.146,24.73694,0.0957,0.096,,,,89.877,378.9,,transit,2017.0,21/06/13,00 45 00,-15 16 27,14.9861,0.19,0.21,-0.24,3216.0,,Confirmed planets
LHS 1140 c,0,0.00554,0.104,3.77792,0.02734,0.274,,,,89.913,708.9,,transit,2018.0,21/06/13,00 45 00,-15 16 27,14.9861,0.19,0.21,-0.24,3216.0,,Confirmed planets
HD 75289 A b,2,0.42,,3.5098,0.046,0.024,,,,,,,RV,1999.0,12/12/08,08 47 40,-41 44 12,28.94,1.05,1.25,0.29,,,"Confirmed planets, Planets in binary systems, S-type"
Kepler-961 b,0,,0.227,16.87727414,,,,,,,,,transit,2016.0,16/05/10,18 48 08.5183,+43 37 52.5090,583.976,0.96,0.9,0.05,5582.0,,Confirmed planets
HIP 11915 b,0,0.99,,3830.0,4.8,0.1,150.0,172.0,,,,,RV,2015.0,15/08/15,02 33 49.02495,-19 36 42.5032,57.3,0.993,,-0.059,5760.0,4.0,Controversial
Kepler-1147 b,0,,0.233,10.62784997,,,,,,,,,transit,2016.0,16/05/10,19 30 11.4030,+41 38 34.6034,1737.92,1.09,1.14,0.11,5941.0,,Confirmed planets
Kepler-1009 b,0,,0.194,11.35011917,,,,,,,,,transit,2016.0,16/05/10,18 51 26.3744,+42 39 56.7407,358.41,0.59,0.57,-0.12,4027.0,,Confirmed planets
HD 99283 b,0,0.97,,310.4,1.08,0.2,291.0,,,,,,RV,2021.0,21/12/16,11 25 57.00,+55 51 02.00,,,,,,,Confirmed planets
Kepler-323 c,0,,0.14854,3.553822,,,,,,,,,transit,2014.0,14/02/26,19 25 31.7359,+38 07 38.8962,499.35,1.16,1.178,,5987.0,,Confirmed planets
Kepler-323 b,0,,0.13032,1.678327,,,,,,,,,transit,2014.0,14/02/26,19 25 31.7359,+38 07 38.8962,499.35,1.16,1.178,,5987.0,,Confirmed planets
Kepler-486 b,0,,0.981,30.36044667,,,,,,,,,transit,2016.0,16/05/10,18 59 31.1991,+49 16 01.1707,441.813,0.79,0.75,-0.04,4926.0,,Confirmed planets
K2-52 b,0,,1.606,3.535055,0.054,,,,,86.46,2004.0,,transit,2016.0,19/01/31,16 26 26.7310,-24 58 11.8188,1041.7,1.69,2.19,0.055,7147.0,,Confirmed planets
TOI-2459 b,0,0.0284,0.263,19.104718,,,,,,89.59,445.01,,transit,2023.0,23/10/15,05 28 34,-39 22 23,36.6113,0.66,0.68,,4195.0,,Confirmed planets
Kepler-238 e,0,,0.75274,23.653647,,,,,,,,,transit,2014.0,14/02/26,19 11 35.3058,+40 38 16.1435,1659.85,0.97,1.43,,5751.0,,Confirmed planets
Kepler-238 d,0,,0.27977,13.233549,,,,,,,,,transit,2014.0,14/02/26,19 11 35.3058,+40 38 16.1435,1659.85,0.97,1.43,,5751.0,,Confirmed planets
Kepler-238 c,0,,0.2178,6.155557,,,,,,,,,transit,2014.0,14/02/26,19 11 35.3058,+40 38 16.1435,1659.85,0.97,1.43,,5751.0,,Confirmed planets
Kepler-238 b,0,,0.15766,2.090876,,,,,,,,,transit,2014.0,14/02/26,19 11 35.3058,+40 38 16.1435,1659.85,0.97,1.43,,5751.0,,Confirmed planets
Kepler-238 f,0,,0.25152,50.44411,,,,,,,,,transit,2014.0,14/02/26,19 11 35.3058,+40 38 16.1435,1659.85,0.97,1.43,,5751.0,,Confirmed planets
Kepler-909 b,0,,0.131,13.93290318,,,,,,,,,transit,2016.0,16/05/10,19 18 01.5284,+45 22 15.6719,312.373,1.17,1.23,0.08,6154.0,,Confirmed planets
HATS-54 b,0,0.76,1.067,2.5441828,0.03763,0.0,,,,83.08,1625.0,,transit,2018.0,18/12/18,13 22 32.3724,-44 41 19.6988,764.4,1.097,1.317,0.396,5702.0,6.6,Confirmed planets
HD 100655 b,0,1.7,,157.57,0.76,0.085,,,,,749.4,,RV,2011.0,11/11/17,11 35 03.7529,+20 26 29.5636,122.0,2.4,9.3,0.15,4861.0,,Confirmed planets
Gliese 221 b,0,0.027,,3.8728,0.0428,0.0,360.0,,,,,,RV,2013.0,21/04/11,05 53 00.00,-05 59 40.92,20.0,0.7,,-0.14,4324.0,,Confirmed planets
Gliese 221 c,0,0.17,,125.94,0.435,0.31,41.0,,,,,,RV,2013.0,21/04/11,05 53 00.00,-05 59 40.92,20.0,0.7,,-0.14,4324.0,,Confirmed planets
Gliese 221 d,0,0.0582,,487.0,1.06,0.02,275.0,,,,,,RV,2014.0,21/04/11,05 53 00.00,-05 59 40.92,20.0,0.7,,-0.14,4324.0,,Confirmed planets
Gliese 221 e,0,0.0104,,2.3946,0.03,0.03,,,,,,,RV,2019.0,21/04/11,05 53 00.00,-05 59 40.92,20.0,0.7,,-0.14,4324.0,,Confirmed planets
WISE J1355-8258 b,0,9.0,,,,,,,,,,,imaging,2018.0,21/10/19,13 55 03.00,-82 58 38.00,16.7,0.011,,,,,Confirmed planets
HD 217107 b,0,1.4135,,7.126846,0.07505,0.1283,24.0,,,,,,RV,1998.0,17/12/10,22 58 15.5409,-02 23 43.3871,20.0,1.108,1.5,0.389,5704.0,,Confirmed planets
HD 217107 c,0,4.48,,5178.0,6.06,0.376,206.2,,,,,,RV,2005.0,17/12/10,22 58 15.5409,-02 23 43.3871,20.0,1.108,1.5,0.389,5704.0,,Confirmed planets
MOA-2016-BLG-231 b,0,9.0,,,0.88,,,,,,,,microlensing,2019.0,21/07/04,17 53 12.00,-30 11 32.00,2850.0,0.021,,,,,Confirmed planets
HATS-22 b,0,2.74,0.953,4.7228124,0.05025,0.079,56.0,,,87.96,,,transit,2016.0,16/07/11,11 36 02.3390,-29 32 35.9575,207.9,0.759,0.689,0.0,4803.0,4.6,Confirmed planets
K2-344 b,0,0.00993,0.142,3.35585,,,,,,,722.0,,transit,2018.0,21/10/03,09 05 27,+21 40 07,75.1691,0.51,0.49,-0.95,4374.0,,Confirmed planets
K2-167 b,0,,0.2516,9.9775,,,,,,88.6,,,transit,2018.0,18/07/24,22 26 18.1896,-18 00 40.2192,81.3,1.02,1.83,-0.45,,,Confirmed planets
TOI-3976 A b,0,0.175,1.095,6.607662,0.0743,0.0,,,,87.28,1295.0,,transit,2023.0,23/10/15,14 57 25,+44 16 28,516.087,1.25,1.5,0.182,5975.0,,Confirmed planets
Kepler-1656 b,0,0.15291,0.448,31.578659,0.197,0.836,53.9,,,89.31,651.0,,transit,2018.0,18/10/04,18 57 53.3247,+39 54 42.5287,186.88,1.03,1.1,0.19,5731.0,,Confirmed planets
KMT-2016-BLG-1820L b,0,4.57,,,1.08,,,,,,,,microlensing,2018.0,18/11/08,17 55 04,-29 31 01,6260.0,0.04,,,,,Confirmed planets
K2-409 b,0,0.0211,0.221,1.908084,,,,,,,,,transit,2022.0,22/03/01,15 13 49,-16 21 05,431.031,0.89,1.23,-0.036,5742.0,,Confirmed planets
WASP-160 B b,0,0.278,1.09,3.7684952,0.0452,0.0,,,,88.97,1119.0,,transit,2018.0,18/11/01,05 50 43.0631,-27 37 23.4187,284.0,0.87,0.87,0.27,5298.0,,Confirmed planets
Kepler-156 c,0,,0.23238,15.906801,,,,,,,,,transit,2014.0,14/02/26,19 21 11.1605,+37 44 58.1810,482.88,0.737,0.807,,5094.0,,Confirmed planets
Kepler-156 b,0,,0.2096,4.973456,,,,,,,,,transit,2014.0,14/02/26,19 21 11.1605,+37 44 58.1810,482.88,0.737,0.807,,5094.0,,Confirmed planets
Kepler-565 b,0,,0.325,4.24374723,,,,,,,,,transit,2016.0,16/05/10,18 54 28.3130,+47 11 48.0343,,0.98,0.95,-0.02,5735.0,,Confirmed planets
Kepler-373 b,0,,0.12394,5.535309,,,,,,,,,transit,2014.0,14/02/26,19 17 33.1220,+50 35 49.3719,763.85,0.978,0.845,,5787.0,,Confirmed planets
Kepler-373 c,0,,0.113,16.725948,,,,,,,,,transit,2014.0,14/02/26,19 17 33.1220,+50 35 49.3719,763.85,0.978,0.845,,5787.0,,Confirmed planets
TOI-3082 b,0,0.0409,0.327,1.926907,,,,,,87.63,1032.78,,transit,2023.0,23/10/15,13 03 38,-19 13 08,113.048,0.66,0.68,0.17,4263.0,,Confirmed planets
HD 98649 b,0,6.8,,4951.0,5.6,0.85,248.0,,,,,,RV,2011.0,12/11/29,11 20 51.7687,-23 13 02.4250,40.3,1.0,1.0,0.02,5759.0,2.3,Confirmed planets
HD 95089 b,0,1.2,,507.0,1.51,0.157,317.0,,,,,,RV,2010.0,17/12/10,10 58 47.73629,+01 43 45.1758,139.0,1.38,4.9,0.05,5002.0,,Confirmed planets
HD 95089 c,0,3.97,,1860.0,3.3,0.294,74.6,,,,,,RV,2016.0,17/12/10,10 58 47.73629,+01 43 45.1758,139.0,1.38,4.9,0.05,5002.0,,Confirmed planets
GJ 338 B b,0,0.03231,,24.45,0.141,0.11,204.3,,,,391.0,,RV,2020.0,20/07/09,09 14 24.6830,+52 41 10.9061,6.33,0.64,0.58,-0.03,4005.0,,Confirmed planets
DMPP-3 A b,0,0.00812,,6.6732,0.0662,0.14,80.57,,,,854.0,,RV,2019.0,20/01/30,06 06 30,-72 30 46,48.9,0.87,0.91,0.18,5138.0,,Confirmed planets
HD 136352 b,0,0.0166,,11.577,0.0933,0.18,,,,,842.3,,RV,2011.0,11/09/12,15 21 48.1511,-48 19 03.4624,14.8,,,,5940.0,,Confirmed planets
HD 136352 c,0,0.0358,,27.582,0.1665,0.16,,,,,630.8,,RV,2011.0,11/09/12,15 21 48.1511,-48 19 03.4624,14.8,,,,5940.0,,Confirmed planets
HD 136352 d,0,0.03,,106.72,0.411,0.43,,,,,397.3,,RV,2011.0,11/09/12,15 21 48.1511,-48 19 03.4624,14.8,,,,5940.0,,Confirmed planets
Kepler-1379 b,0,,0.116,0.88184115,,,,,,,,,transit,2016.0,16/05/10,19 34 40.9078,+41 24 36.9156,996.711,0.83,0.79,-0.04,5188.0,,Confirmed planets
16 Cygni B b,2,1.77,,799.5,1.72,0.689,83.4,,,45.0,,,RV,1996.0,15/09/22,19 41 48.95343,+50 31 30.2153,21.146,1.07,1.127,0.052,5750.0,6.8,"Confirmed planets, Planets in binary systems, S-type"
HD 47366 b,0,2.3,,359.15,1.28,0.06,6.08,,,,,,RV,2016.0,19/09/26,06 37 40.7939,-12 59 06.4248,84.56,2.19,6.2,-0.07,4914.0,,Confirmed planets
HD 47366 c,0,1.88,,682.85,1.97,0.1,48.97,,,,,,RV,2016.0,19/09/26,06 37 40.7939,-12 59 06.4248,84.56,2.19,6.2,-0.07,4914.0,,Confirmed planets
Kepler-1515 b,0,,0.852,214.3114164,,,,,,,,,transit,2016.0,16/05/10,19 23 53.7420,+48 10 41.3901,547.765,1.3,1.41,0.07,6511.0,,Confirmed planets
TOI-444 b,0,0.0255,0.247,17.9636,0.133,,,,,89.647,609.0,,transit,2023.0,23/10/15,04 16 44,-26 45 59,57.3973,0.96,0.78,0.08,5225.0,,Confirmed planets
Kepler-224 c,0,,0.28433,5.925003,,,,,,,,,transit,2014.0,14/02/26,19 23 44.2257,+47 21 27.3023,773.13,0.825,0.676,,5018.0,,Confirmed planets
Kepler-224 d,0,,0.2096,11.349393,,,,,,,,,transit,2014.0,14/02/26,19 23 44.2257,+47 21 27.3023,773.13,0.825,0.676,,5018.0,,Confirmed planets
Kepler-224 b,0,,0.12667,3.132924,,,,,,,,,transit,2014.0,14/02/26,19 23 44.2257,+47 21 27.3023,773.13,0.825,0.676,,5018.0,,Confirmed planets
Kepler-224 e,0,,0.17953,18.643577,,,,,,,,,transit,2014.0,14/02/26,19 23 44.2257,+47 21 27.3023,773.13,0.825,0.676,,5018.0,,Confirmed planets
HIP 13044 b,0,1.25,,16.2,0.116,0.25,,,,,2011.0,,RV,2010.0,14/01/05,02 47 37.4431,-36 06 27.0322,701.0,0.8,6.7,-2.09,6025.0,,Controversial
Kepler-775 b,0,,0.106,0.97486893,,,,,,,,,transit,2016.0,16/05/10,19 25 43.9934,+41 42 12.3335,403.323,0.92,0.84,-0.04,5468.0,,Confirmed planets
K2-242 b,0,,0.227,6.51389,0.0494,,,,,,416.0,,transit,2018.0,18/07/12,11 59 20.6093,-06 31 04.2042,109.6,0.38,0.37,-0.01,3459.0,,Confirmed planets
Kepler-1658 b,0,5.88,1.07,3.84937278,0.0544,0.0628,-7.73,,,76.52,,,transit,2019.0,19/03/14,19 37 25.5734,+38 56 50.5158,806.07,1.45,2.89,-0.18,6216.0,,Confirmed planets
Kepler-1661 b,0,0.05349,0.345,175.06,0.633,0.057,67.1,,,89.46,243.0,,transit,2020.0,20/02/27,19 00 40.1133,+41 58 01.3874,415.52,0.84,0.76,-0.12,5100.0,,Confirmed planets
Kepler-376 c,0,,0.16312,14.172327,,,,,,,,,transit,2014.0,14/02/26,19 26 25.7196,+38 24 37.3761,785.94,1.14,1.175,,5900.0,,Confirmed planets
Kepler-376 b,0,,0.09751,4.920199,,,,,,,,,transit,2014.0,14/02/26,19 26 25.7196,+38 24 37.3761,785.94,1.14,1.175,,5900.0,,Confirmed planets
TOI-1696 b,0,,0.2757,2.500311,0.0229,0.0,,,,,489.0,,transit,2022.0,22/03/08,04 21 07.00,+48 49 11.00,65.03,0.255,0.2775,0.336,3185.0,,Confirmed planets
AF Lep b,0,3.2,1.17,8030.0,8.4,0.24,210.0,,,50.0,1400.0,,imaging,2023.0,23/10/15,05 27 05,-11 54 04,26.8564,1.2,1.25,0.19,6130.0,,Confirmed planets
Kepler-1115 b,0,,0.152,23.5540725,,,,,,,,,transit,2016.0,16/05/10,19 39 58.0258,+40 08 39.8235,1011.12,1.6,1.73,-0.51,8480.0,,Confirmed planets
Kepler-1581 b,0,,0.071,6.28385491,,,,,,,,,transit,2016.0,16/05/10,19 09 29.1035,+39 36 12.8969,500.225,1.12,1.23,0.07,6022.0,,Confirmed planets
Kepler-727 b,0,,0.226,5.15448442,,,,,,,,,transit,2016.0,16/05/10,19 39 23.2595,+45 02 03.8565,851.716,0.89,0.86,-0.01,5441.0,,Confirmed planets
HD 27631 b,0,1.45,,2208.0,3.25,0.12,134.0,,,,137.7,,RV,2011.0,12/11/29,04 19 45.4693,-41 57 36.9515,45.5,0.94,1.0,-0.12,5737.0,4.4,Confirmed planets
Gliese 3021 A b,2,3.37,,133.71,0.49,0.511,,,,,,,RV,2000.0,14/06/24,00 16 12,-79 51 04,17.62,0.9,0.9,0.1,5540.0,0.8,"Confirmed planets, Planets in binary systems, S-type"
Kepler-299 c,0,,0.2415,6.885875,,,,,,,,,transit,2014.0,14/02/26,18 52 49.6708,+48 34 49.7935,1107.98,1.001,1.032,,5617.0,,Confirmed planets
Kepler-299 d,0,,0.1695,15.054786,,,,,,,,,transit,2014.0,14/02/26,18 52 49.6708,+48 34 49.7935,1107.98,1.001,1.032,,5617.0,,Confirmed planets
Kepler-299 b,0,,0.12029,2.927128,,,,,,,,,transit,2014.0,14/02/26,18 52 49.6708,+48 34 49.7935,1107.98,1.001,1.032,,5617.0,,Confirmed planets
Kepler-299 e,0,,0.17041,38.285489,,,,,,,,,transit,2014.0,14/02/26,18 52 49.6708,+48 34 49.7935,1107.98,1.001,1.032,,5617.0,,Confirmed planets
HATS-41 b,0,9.7,1.33,4.193649,0.0583,0.38,136.0,,,80.4,1710.0,,transit,2018.0,18/04/12,06 54 04.1655,-27 03 01.4223,800.0,1.5,1.71,0.47,6424.0,,Confirmed planets
HD 217850 b,0,21.6,,3501.3,4.56,0.7621,165.95,,,,,,RV,2018.0,18/09/27,23 02 36.6763,+58 52 33.5377,65.9,1.03,1.21,0.26,5544.0,,Confirmed planets
KELT-6 b,0,0.442,1.18,7.845582,0.08,0.029,308.0,,,88.81,,,transit,2013.0,15/08/27,13 03 55.6468,+30 38 24.2797,222.0,1.126,1.529,-0.27,6272.0,4.9,Confirmed planets
KELT-6 c,0,3.71,,1276.0,2.39,0.21,268.7,,,,,,RV,2015.0,15/08/27,13 03 55.6468,+30 38 24.2797,222.0,1.126,1.529,-0.27,6272.0,4.9,Confirmed planets
Kepler-1067 b,0,0.00137,0.071,0.76212926,0.0162,0.0,,,,84.88,1872.0,,transit,2016.0,22/09/15,19 01 33,+45 02 56,667.693,0.95,0.93,0.03,5592.0,,Confirmed planets
Kepler-1067 c,0,0.0116,0.156,5.4258399,0.0601,0.0,,,,89.65,973.0,,transit,2021.0,22/09/15,19 01 33,+45 02 56,667.693,0.95,0.93,0.03,5592.0,,Confirmed planets
HAT-P-28 b,0,0.626,1.212,3.257215,0.0434,0.051,,,,88.0,1262.4,,transit,2011.0,11/03/09,00 52 00.1877,+34 43 42.2030,395.0,1.025,1.103,0.12,5680.0,,Confirmed planets
Kepler-1220 b,0,,0.136,7.42693741,,,,,,,,,transit,2016.0,16/05/10,19 48 16.8891,+42 58 39.9123,987.849,1.0,0.99,-0.04,5842.0,,Confirmed planets
OGLE-2006-BLG-109L b,0,0.727,,1790.0,2.3,,,,,64.0,,,microlensing,2008.0,18/09/18,17 52 34.55,-30 05 15.7,1510.0,0.51,,,,,Confirmed planets
OGLE-2006-BLG-109L c,0,0.271,,4930.0,4.5,0.15,,,,64.0,,,microlensing,2008.0,18/09/18,17 52 34.55,-30 05 15.7,1510.0,0.51,,,,,Confirmed planets
Kepler-59 b,0,0.003828,0.100243,11.8681707,,,,,,,,,transit,2012.0,12/08/19,19 08 09.4789,+46 38 24.4410,811.89,1.04,0.94,,6074.0,,Confirmed planets
Kepler-59 c,0,0.012848,0.180438,17.9801235,,,,,,,,,transit,2012.0,12/08/19,19 08 09.4789,+46 38 24.4410,811.89,1.04,0.94,,6074.0,,Confirmed planets
WASP-11 b,2,0.46,1.045,3.722469,0.0439,0.0,,,,88.5,943.2,,transit,2008.0,08/11/27,03 09 29,+30 40 25,125.1,0.82,0.81,0.13,4974.0,,"Confirmed planets, Planets in binary systems, S-type"
Kepler-649 b,0,,0.202,29.90722674,,,,,,,,,transit,2016.0,16/05/10,19 02 37.4250,+45 04 46.3688,521.458,0.97,0.94,-0.17,5871.0,,Confirmed planets
Kepler-82 b,0,0.03823,0.363,26.44,0.1683,0.0033,236.0,,,89.052,,,transit,2012.0,19/07/25,19 31 29.6084,+42 57 58.0673,927.97,0.91,0.9,,,,Confirmed planets
Kepler-82 c,0,0.04373,0.476,51.54,0.2626,0.007,162.0,,,90.15,,,transit,2012.0,19/07/25,19 31 29.6084,+42 57 58.0673,927.97,0.91,0.9,,,,Confirmed planets
Kepler-82 d,0,,0.158,2.382961,0.034,,,,,,,,transit,2014.0,14/05/14,19 31 29.6084,+42 57 58.0673,927.97,0.91,0.9,,,,Confirmed planets
Kepler-82 e,0,,0.22,5.902206,0.063,,,,,,,,transit,2014.0,14/05/14,19 31 29.6084,+42 57 58.0673,927.97,0.91,0.9,,,,Confirmed planets
Kepler-82 f,0,0.06576,,75.732,0.3395,0.0014,62.0,,,86.3,,,timing,2019.0,19/07/25,19 31 29.6084,+42 57 58.0673,927.97,0.91,0.9,,,,Confirmed planets
TOI-1298 b,0,0.356,0.841,4.537164,0.059,0.032,130.0,,,,1388.0,,transit,2021.0,21/07/15,16 05 18.00,+70 11 23.00,319.0,1.44,1.412,0.49,5889.0,,Confirmed planets
TOI-2081 b,0,0.016,0.182,10.50534,0.0752,,,,,89.34,488.0,,transit,2022.0,22/06/23,17 37 13.00,+53 01 32.00,62.31,0.54,0.534,,3800.0,,Confirmed planets
Kepler-1054 b,0,,0.235,4.30655689,,,,,,,,,transit,2016.0,16/05/10,19 22 24.2747,+44 33 23.0173,1125.75,1.22,1.34,0.09,6209.0,,Confirmed planets
Kepler-641 b,0,,0.165,9.48961571,,,,,,,,,transit,2016.0,16/05/10,19 27 17.6422,+42 30 58.3953,997.705,1.02,1.13,0.15,5713.0,,Confirmed planets
HD 76920 b,0,3.93,,415.4,1.149,0.856,352.9,,,,,,RV,2017.0,17/11/30,08 55 16.8171,-67 15 55.6996,184.8,1.17,7.47,-0.11,4698.0,,Confirmed planets
Kepler-280 b,0,,0.13214,2.139542,,,,,,,,,transit,2014.0,14/02/26,19 25 33.7229,+42 10 50.0529,771.8,0.957,0.886,,5744.0,,Confirmed planets
Kepler-280 c,0,,0.18317,4.807091,,,,,,,,,transit,2014.0,14/02/26,19 25 33.7229,+42 10 50.0529,771.8,0.957,0.886,,5744.0,,Confirmed planets
Kepler-1887 b,0,0.0279,0.261,19.94750023,0.1421,0.0,,,,89.94,625.0,,transit,2021.0,22/02/01,19 15 49,+44 42 21,1366.18,0.96,0.86,-0.1,5749.0,,Confirmed planets
OGLE-2018-BLG-0506 b,0,0.0513,,,3.0,,,,,,,,microlensing,2021.0,21/06/16,17 50 31.00,-31 55 27.00,5600.0,0.63,,,,,Confirmed planets
Kepler-1984 b,0,0.117,0.072,1.99281234,0.0238,0.0,,,,55.11,675.0,,transit,2023.0,23/10/15,19 25 08,+40 43 48,,0.45,0.42,-0.14,3638.0,,Confirmed planets
KIC 5479689 b,0,0.5,,1.701531,,,,,,,,,transit,2021.0,21/08/05,19 57 18.1378,+40 38 17.5502,460.9569,0.966,0.894,0.161,5459.0,,Confirmed planets
WASP-64 b,0,1.271,1.271,1.57329,0.02648,0.0,,,,86.57,1689.0,,transit,2011.0,12/10/17,06 44 27.6052,-32 51 30.1787,350.0,0.98,1.03,-0.08,5400.0,,Confirmed planets
HD 136118 b,0,13.1353,1.1,1187.5976527,2.325263,0.344143,313.2671,,,116.779,,,RV,2022.0,22/09/27,15 18 55,-01 35 32,51.4359,1.18,1.68,-0.042,6182.43,,Confirmed planets
Kepler-1999 b,0,0.0341,0.317,8.7396758,0.0713,0.0,,,,82.59,577.0,,transit,2023.0,23/10/15,18 49 29,+48 15 33,701.255,0.63,0.63,-0.24,4406.0,,Confirmed planets
Kepler-1480 b,0,,0.149,22.12679948,,,,,,,,,transit,2016.0,16/05/10,19 27 59.9479,+49 18 06.5961,508.208,0.85,0.81,0.07,5156.0,,Confirmed planets
Kepler-298 b,0,,0.17862,10.475464,,,,,,,,,transit,2014.0,14/02/26,18 52 09.5528,+48 49 31.3162,474.25,0.66,0.582,,4465.0,,Confirmed planets
Kepler-298 c,0,,0.17588,22.92881,,,,,,,,,transit,2014.0,14/02/26,18 52 09.5528,+48 49 31.3162,474.25,0.66,0.582,,4465.0,,Confirmed planets
Kepler-298 d,0,,0.22783,77.473633,,,,,,,,,transit,2014.0,14/02/26,18 52 09.5528,+48 49 31.3162,474.25,0.66,0.582,,4465.0,,Confirmed planets
HATS-46 b,0,0.173,0.903,4.7423729,0.05367,0.559,,,,87.32,,,transit,2017.0,17/07/26,00 26 48.5936,-56 41 02,448.0,0.917,0.853,-0.06,5495.0,3.0,Confirmed planets
Kepler-1774 b,0,0.0322,0.284,59.77080154,0.3096,0.0,,,,88.9,522.0,,transit,2021.0,22/02/01,19 14 18,+40 59 19,816.592,1.1,1.12,-0.02,6214.0,,Confirmed planets
Kepler-468 b,0,,1.19,38.47875707,,,,,,,,,transit,2016.0,16/05/10,19 15 36.5420,+49 22 13.7485,448.612,0.96,0.87,0.1,5498.0,,Confirmed planets
Kepler-1552 b,0,,0.22,184.771853,,,,,,,,,transit,2016.0,16/05/10,19 26 42.4387,+38 52 29.6656,786.287,0.85,0.78,-0.07,5202.0,,Confirmed planets
TOI-3785 b,0,0.04704,0.459,4.6747373,0.043,0.11,96.26,,,88.1,582.0,,transit,2023.0,23/10/15,08 43 36,+63 04 41,79.7634,0.52,0.5,0.099,3576.0,,Confirmed planets
mu Leo b,0,2.4,,357.8,1.1,0.09,227.1,,,,,,RV,2014.0,15/11/26,09 52 45.81654,+26 00 25.0319,38.05,1.5,11.4,0.36,4538.2,3.35,Confirmed planets
Kepler-1286 b,0,,0.192,11.25402929,,,,,,,,,transit,2016.0,16/05/10,18 41 02.0135,+43 50 08.7467,1409.24,1.0,0.98,0.03,5753.0,,Confirmed planets
TOI-1601 b,0,0.99,1.239,5.331751,0.06864,0.036,180.0,,,88.84,1619.0,,transit,2021.0,21/01/07,02 33 27.00,+41 00 48.00,336.0,1.517,2.186,0.329,5948.0,,Confirmed planets
KOI-341 b,0,,0.153,4.7,0.0529,,,,,,,,transit,2014.0,15/03/18,19 51 50.7704,+48 14 39.7396,418.445,0.892,0.946,,5523.0,,Confirmed planets
KOI-341 c,0,,0.268,7.171,0.0701,,,,,,,,transit,2014.0,15/03/18,19 51 50.7704,+48 14 39.7396,418.445,0.892,0.946,,5523.0,,Confirmed planets
K2-332 b,0,0.0172,0.196,17.70632,,,,,,,266.0,,transit,2016.0,21/10/03,09 03 32,+14 15 02,123.202,0.27,0.28,0.09,3315.0,,Confirmed planets
EPIC 206032309 b,0,,0.09,2.87814,,,,,,,,,transit,2019.0,19/06/13,22 44 57.7798,-13 54 03.2712,162.09,0.22,,,,,Confirmed planets
Kepler-1610 b,0,,0.144,8.70181574,,,,,,,,,transit,2016.0,16/05/10,19 43 37.2019,+45 24 19.5528,885.583,0.91,0.87,0.1,5383.0,,Confirmed planets
Kepler-728 b,0,,0.298,5.74347727,,,,,,,,,transit,2016.0,16/05/10,19 24 22.1632,+45 06 55.9428,1859.77,0.95,0.93,-0.03,5660.0,,Confirmed planets
Kepler-831 b,0,,0.113,5.62153941,,,,,,,,,transit,2016.0,16/05/10,19 39 56.5153,+42 43 39.6184,603.865,0.99,0.97,0.02,5732.0,,Confirmed planets
TOI-733 b,0,0.018,0.178,4.884765,0.0618,0.046,-53.2,,,88.85,1055.8,,transit,2023.0,23/10/15,10 37 38,-40 53 18,75.2092,0.96,0.95,-0.04,5585.0,,Confirmed planets
Kepler-1238 b,0,,0.172,4.14787559,,,,,,,,,transit,2016.0,16/05/10,19 51 37.3870,+40 09 46.2749,1709.4,1.3,1.48,0.05,6386.0,,Confirmed planets
Kepler-665 b,0,,0.232,16.01310205,,,,,,,,,transit,2016.0,16/05/10,19 48 06.1451,+48 28 42.9076,623.558,0.79,0.74,-0.03,4913.0,,Confirmed planets
Kepler-219 b,0,,0.26883,4.585512,,,,,,,,,transit,2014.0,14/02/26,19 14 57.3495,+46 45 45.2903,953.85,1.171,1.491,,5786.0,,Confirmed planets
Kepler-219 c,0,,0.32625,22.714613,,,,,,,,,transit,2014.0,14/02/26,19 14 57.3495,+46 45 45.2903,953.85,1.171,1.491,,5786.0,,Confirmed planets
Kepler-219 d,0,,0.25608,47.903645,,,,,,,,,transit,2014.0,14/02/26,19 14 57.3495,+46 45 45.2903,953.85,1.171,1.491,,5786.0,,Confirmed planets
GJ 514 b,0,0.01636,0.19,140.43,0.422,0.45,-143.0,,,,202.0,,RV,2022.0,22/04/01,13 30 01,+10 22 21,7.61778,0.51,0.5,-0.14,3728.0,,Confirmed planets
Kepler-1485 b,0,,0.131,19.9157725,,,,,,,,,transit,2016.0,16/05/10,19 52 22.9003,+44 44 13.4698,626.723,1.11,1.12,0.02,6087.0,,Confirmed planets
K2-401 b,0,0.0181,0.202,6.293099,,,,,,,,,transit,2022.0,22/03/01,10 19 57,+03 57 17,200.727,0.87,0.68,-0.098,4213.0,,Confirmed planets
HD 114783 b,0,1.1,,493.7,1.16,0.144,86.0,,,10.0,,,RV,2001.0,17/12/10,13 12 43.78556,-02 15 54.1335,20.5,0.853,0.78,0.33,5105.0,,Confirmed planets
HD 114783 c,0,0.611,,4319.0,4.92,0.0,6.5,,,,,,RV,2016.0,17/12/10,13 12 43.78556,-02 15 54.1335,20.5,0.853,0.78,0.33,5105.0,,Confirmed planets
HD 190228 b,0,5.03,1.15,1143.59858,2.406,0.559,97.211,,,94.987,,,RV,2022.0,23/10/15,20 03 01,+28 18 24,62.7146,1.42,2.59,-0.24,5360.0,,Confirmed planets
HN Lib b,0,0.01718,0.196,36.116,0.1417,0.079,,,,,234.4,,RV,2023.0,23/10/15,14 34 16,-12 31 01,6.24442,0.29,0.3,-0.18,3347.0,,Confirmed planets
HIP 38594 b,0,0.02549,,60.722,0.256,0.17,125.0,,,,,,RV,2020.0,20/09/03,07 54 10.8827,-25 18 11.4205,17.8,0.61,,,,,Confirmed planets
HIP 38594 c,0,0.15228,,3477.768,3.805,0.16,196.0,,,,,,RV,2020.0,20/09/03,07 54 10.8827,-25 18 11.4205,17.8,0.61,,,,,Confirmed planets
Kepler-526 b,0,,0.178,5.45849832,,,,,,,,,transit,2016.0,16/05/10,19 50 36.2245,+47 23 46.5942,679.117,1.15,1.14,0.34,5894.0,,Confirmed planets
Kepler-283 b,0,,0.19411,11.008151,,,,,,,,,transit,2014.0,14/02/26,19 34 27.2929,+47 50 20.4314,534.37,0.596,0.566,,4351.0,,Confirmed planets
Kepler-283 c,0,,0.16586,92.743711,,,,,,,,,transit,2014.0,14/02/26,19 34 27.2929,+47 50 20.4314,534.37,0.596,0.566,,4351.0,,Confirmed planets
Kepler-834 b,0,,0.18,13.32388301,,,,,,,,,transit,2016.0,16/05/10,19 08 13.0766,+45 10 49.2962,645.245,0.7,0.66,-0.13,4554.0,,Confirmed planets
Kepler-993 b,0,,0.265,22.08557563,,,,,,,,,transit,2016.0,16/05/10,19 30 27.3825,+44 23 40.7223,327.397,0.57,0.54,0.03,3843.0,,Confirmed planets
WASP-6 b,0,0.503,1.224,3.361006,0.0421,0.054,,,,88.47,1092.2,,transit,2008.0,12/04/08,23 12 37.7368,-22 40 26.2774,307.0,0.888,0.87,-0.2,5450.0,,Confirmed planets
Kepler-318 b,0,,0.42922,4.662715,,,,,,,,,transit,2014.0,14/02/26,19 53 55.8773,+46 47 37.0430,605.0,0.98,1.189,,5746.0,,Confirmed planets
Kepler-318 c,0,,0.33536,11.815007,,,,,,,,,transit,2014.0,14/02/26,19 53 55.8773,+46 47 37.0430,605.0,0.98,1.189,,5746.0,,Confirmed planets
Kepler-441 b,0,,0.146,207.2482,0.64,,,,,89.97,,,transit,2015.0,15/01/28,18 58 16.0587,+49 00 45.2160,284.0,0.0572,0.55,-0.57,4340.0,1.9,Confirmed planets
Kepler-1611 b,0,,0.072,5.1762429,,,,,,,,,transit,2016.0,16/05/10,19 46 02.8868,+49 43 39.9165,,0.94,0.93,0.01,5605.0,,Confirmed planets
Kepler-657 b,0,,0.314,24.54350418,,,,,,,,,transit,2016.0,16/05/10,19 24 47.3506,+47 18 28.0033,1778.73,1.01,1.01,0.03,5808.0,,Confirmed planets
Kepler-620 b,0,,0.296,12.91375431,,,,,,,,,transit,2016.0,16/05/10,19 24 38.2539,+51 20 05.5508,1410.24,1.15,1.22,0.03,6155.0,,Confirmed planets
Kepler-828 b,0,,0.135,0.56785714,,,,,,,,,transit,2016.0,16/05/10,19 07 32.9431,+42 28 16.4697,585.001,0.81,0.77,-0.02,5039.0,,Confirmed planets
Kepler-1326 b,0,,0.373,42.3514267,,,,,,,,,transit,2016.0,16/05/10,19 44 53.3177,+39 16 08.2246,712.099,1.45,1.74,0.02,6725.0,,Confirmed planets
Kepler-653 b,0,,0.174,14.70748976,,,,,,,,,transit,2016.0,16/05/10,18 48 51.1087,+46 43 04.1574,606.061,1.02,1.19,0.23,5665.0,,Confirmed planets
Kepler-653 c,0,,0.07,0.90037648,,,,,,,,,transit,2016.0,16/05/10,18 48 51.1087,+46 43 04.1574,606.061,1.02,1.19,0.23,5665.0,,Confirmed planets
Kepler-225 c,0,,0.16768,18.794234,,,,,,,,,transit,2014.0,14/02/26,19 28 46.5622,+47 27 25.5640,342.18,,0.48,,3682.0,,Confirmed planets
Kepler-225 b,0,,0.10936,6.738975,,,,,,,,,transit,2014.0,14/02/26,19 28 46.5622,+47 27 25.5640,342.18,,0.48,,3682.0,,Confirmed planets
Kepler-499 b,0,,0.194,5.63252845,,,,,,,,,transit,2016.0,16/05/10,19 40 26.3811,+43 54 54.6542,565.739,0.87,0.83,0.0,5312.0,,Confirmed planets
K2-157 b,0,,0.0946,0.365257,,,,,,77.0,,,transit,2018.0,18/07/24,12 15 00.3208,-05 46 55.1454,294.6,0.94,0.876,0.13,,,Confirmed planets
TOI-561 b,0,0.005,0.127,0.446578,0.01055,0.0,90.0,,,87.0,,,transit,2020.0,21/01/11,09 52 44,+06 12 58,85.8,0.79,0.85,-0.33,5455.0,,Confirmed planets
TOI-561 c,0,0.01699,0.257,10.779,0.08809,0.06,200.0,,,89.53,,,transit,2020.0,21/01/11,09 52 44,+06 12 58,85.8,0.79,0.85,-0.33,5455.0,,Confirmed planets
TOI-561 d,0,0.0376,0.226,25.62,0.1569,0.051,246.0,,,89.54,,,transit,2020.0,21/01/11,09 52 44,+06 12 58,85.8,0.79,0.85,-0.33,5455.0,,Controversial
TOI-561 e,0,0.05034,0.238,77.23,0.3274,0.061,155.0,,,89.75,,,transit,2020.0,21/01/11,09 52 44,+06 12 58,85.8,0.79,0.85,-0.33,5455.0,,Controversial
TOI-561 f,0,0.00944,0.207,16.287,0.1174,0.0,,,,,750.0,,transit,2020.0,21/01/11,09 52 44,+06 12 58,85.8,0.79,0.85,-0.33,5455.0,,Controversial
HD 188015 A b,2,1.26,,456.46,1.19,0.15,,,,,,,RV,2004.0,12/12/08,19 52 04,+28 06 01,52.6,1.09,1.1,0.29,,,"Confirmed planets, Planets in binary systems, S-type"
Kepler-353 c,0,,0.12576,8.410894,,,,,,,,,transit,2014.0,14/02/26,19 47 25.5847,+41 45 29.4197,370.06,0.553,0.504,,3903.0,,Confirmed planets
Kepler-353 b,0,,0.08111,5.795278,,,,,,,,,transit,2014.0,14/02/26,19 47 25.5847,+41 45 29.4197,370.06,0.553,0.504,,3903.0,,Confirmed planets
Kepler-711 b,0,,0.304,23.58914398,,,,,,,,,transit,2016.0,16/05/10,19 49 50.3993,+42 50 23.6679,635.768,0.84,0.8,-0.04,5222.0,,Confirmed planets
HAT-P-18 b,0,0.196,0.947,5.507978,0.0559,0.009,,,,88.79,841.0,,transit,2010.0,14/03/31,17 05 23.1475,+33 00 44.9391,166.0,0.77,0.717,0.1,4870.0,,Confirmed planets
Kepler-529 b,0,,0.166,1.98035766,,,,,,,,,transit,2016.0,16/05/10,19 03 33.2082,+47 52 49.3433,,1.07,1.14,-0.1,6087.0,,Confirmed planets
Kepler-529 c,0,,0.178,12.8345022,,,,,,,,,transit,2016.0,16/05/10,19 03 33.2082,+47 52 49.3433,,1.07,1.14,-0.1,6087.0,,Confirmed planets
Gliese 504 b,0,,0.96,,,,,,,,544.0,,imaging,2013.0,17/12/04,13 16 46.51596,+09 25 26.9590,17.56,1.16,1.36,0.13,5978.0,4.5,Confirmed planets
GJ 393 b,0,0.00538,,7.02679,0.05402,,,,,,485.0,,RV,2021.0,21/05/31,10 28 55.5513,+00 50 27.6018,7.0375,0.426,0.426,-0.09,3579.0,,Confirmed planets
Kepler-329 c,0,,0.17588,18.684737,,,,,,,,,transit,2014.0,14/02/26,19 57 04.3231,+45 13 38.7576,390.8,0.602,0.523,,4257.0,,Confirmed planets
Kepler-329 b,0,,0.12758,7.416397,,,,,,,,,transit,2014.0,14/02/26,19 57 04.3231,+45 13 38.7576,390.8,0.602,0.523,,4257.0,,Confirmed planets
HD 34445 b,0,0.629,,1056.7,2.075,0.014,115.0,,,,,,RV,2010.0,17/10/28,05 17 40.9804,+07 21 12.0547,45.37,1.07,1.38,0.14,5836.0,8.5,Confirmed planets
HD 34445 c,0,0.168,,214.67,,0.036,149.0,,,,,,RV,2017.0,17/10/20,05 17 40.9804,+07 21 12.0547,45.37,1.07,1.38,0.14,5836.0,8.5,Confirmed planets
HD 34445 d,0,0.097,,117.87,,0.027,246.0,,,,,,RV,2017.0,17/10/20,05 17 40.9804,+07 21 12.0547,45.37,1.07,1.38,0.14,5836.0,8.5,Confirmed planets
HD 34445 e,0,0.0529,,49.175,,0.09,304.0,,,,,,RV,2017.0,17/10/20,05 17 40.9804,+07 21 12.0547,45.37,1.07,1.38,0.14,5836.0,8.5,Confirmed planets
HD 34445 f,0,0.119,,676.8,,0.031,212.0,,,,,,RV,2017.0,17/10/20,05 17 40.9804,+07 21 12.0547,45.37,1.07,1.38,0.14,5836.0,8.5,Confirmed planets
HD 34445 g,0,0.38,,5700.0,,0.032,235.0,,,,,,RV,2017.0,17/10/20,05 17 40.9804,+07 21 12.0547,45.37,1.07,1.38,0.14,5836.0,8.5,Confirmed planets
Kepler-437 b,0,,0.191,66.65062,0.288,,,,,89.9,,,transit,2015.0,15/01/28,19 49 23.3655,+44 01 36.9642,417.0,0.707,0.68,0.0,4551.0,2.9,Confirmed planets
Kepler-1209 b,0,,0.135,25.369116,,,,,,,,,transit,2016.0,16/05/10,19 10 20.3835,+49 09 17.1888,512.899,1.23,1.38,0.12,6210.0,,Confirmed planets
K2-288 B b,2,,0.17,31.393463,0.164,,,,,89.81,226.0,,transit,2018.0,19/01/10,03 41 46,+18 16 08,65.72,0.33,0.32,-0.21,3341.0,,"Confirmed planets, Planets in binary systems, S-type"
MOA-bin-1L b,0,3.7,,,8.3,,,,,,,,microlensing,2012.0,18/09/19,17 51 10.20,-29 47 38.3,5100.0,0.75,,,,,Confirmed planets
Kepler-622 b,0,,0.19,14.28226676,,,,,,,,,transit,2016.0,16/05/10,18 57 54.8324,+40 55 59.1867,287.117,0.64,0.61,-0.09,4201.0,,Confirmed planets
TOI-2000 b,0,0.0347,0.241,3.09833,0.04271,0.0,,,,84.59,1488.0,,transit,2023.0,23/10/15,09 45 35,-66 41 12,175.713,1.08,1.13,0.439,5611.0,,Confirmed planets
TOI-2000 c,0,0.257,0.727,9.127055,0.0878,0.063,196.0,,,87.86,1038.0,,transit,2023.0,23/10/15,09 45 35,-66 41 12,175.713,1.08,1.13,0.439,5611.0,,Confirmed planets
Kepler-34 (AB) b,1,0.22,0.764,288.822,1.0896,0.182,,,,90.355,,,transit,2012.0,12/01/11,19 45 45,+44 38 30,1500.0,,,,,,"Confirmed planets, Planets in binary systems, P-type"
HD 32963 b,0,0.7,,2372.0,3.41,0.07,107.0,,,,,,RV,2015.0,15/12/18,05 07 55.76384,+26 19 40.6623,36.39,0.94,,0.11,5727.0,4.99,Confirmed planets
Kepler-1952 b,0,0.0065,0.111,27.21080017,0.1724,0.0,,,,80.02,725.0,,transit,2021.0,22/09/15,19 12 18,+43 57 31,852.062,0.92,1.31,-0.34,5973.0,,Confirmed planets
Kepler-1459 b,0,,0.121,62.8691611,,,,,,,,,transit,2016.0,16/05/10,18 49 41.5277,+46 00 50.4299,461.51,0.78,0.74,0.01,4828.0,,Confirmed planets
Kepler-1883 b,0,0.0334,0.29,103.427002,0.4438,0.0,,,,90.0,416.0,,transit,2021.0,22/02/01,19 27 41,+42 00 09,1377.61,1.09,1.02,-0.12,6208.0,,Confirmed planets
HIP 35173 b,0,0.03996,,41.516,0.217,0.16,10.73,,,,,,RV,2019.0,19/05/23,07 16 10.6750,-03 39 57.2724,33.19,0.79,,,4881.0,,Confirmed planets
HD 20003 b,0,0.0378,,11.849,0.0974,0.4,,,,,751.7,,RV,2011.0,11/09/12,03 07 37.9173,-72 19 18.7956,43.8,,,,5940.0,,Confirmed planets
HD 20003 c,0,0.0422,,33.823,0.1961,0.16,,,,,534.5,,RV,2011.0,11/09/12,03 07 37.9173,-72 19 18.7956,43.8,,,,5940.0,,Confirmed planets
Kepler-569 b,0,,0.282,34.18890521,,,,,,,,,transit,2016.0,16/05/10,18 54 01.7407,+48 33 09.4005,650.237,0.95,0.93,0.01,5616.0,,Confirmed planets
TrES-1 b,0,0.761,1.099,3.0300722,0.0393,0.0,,,,88.4,,,transit,2004.0,11/02/09,19 04 09.8516,+36 37 57.4459,157.0,0.88,0.85,0.001,5250.0,,Confirmed planets
K2-240 c,0,,0.161,20.523,0.1159,,,,,89.66,389.0,,transit,2018.0,18/06/21,15 11 23.9073,-17 52 30.7961,70.0,0.58,0.54,-0.1,3810.0,,Confirmed planets
K2-240 b,0,,0.178,6.034,0.0513,,,,,89.26,586.0,,transit,2018.0,18/06/21,15 11 23.9073,-17 52 30.7961,70.0,0.58,0.54,-0.1,3810.0,,Confirmed planets
KOI-195 b,0,0.34,1.09,3.21751883,0.0414,,,,,85.74,1300.0,,transit,2014.0,14/10/02,19 17 44.3197,+49 28 24.3051,880.0,0.91,0.92,-0.21,5725.0,3.0,Confirmed planets
Kepler-1885 b,0,0.0091,0.135,2.52255988,0.036,0.0,,,,63.8,1205.0,,transit,2021.0,22/02/01,19 15 00,+47 29 27,818.482,0.98,0.86,0.07,5591.0,,Confirmed planets
Kepler-178 b,0,,0.26428,9.576694,,,,,,,,,transit,2014.0,14/02/26,19 08 24.2566,+46 53 47.3599,963.58,0.89,1.066,,5676.0,,Confirmed planets
Kepler-178 d,0,,0.35996,96.678988,,,,,,,,,transit,2014.0,14/02/26,19 08 24.2566,+46 53 47.3599,963.58,0.89,1.066,,5676.0,,Confirmed planets
Kepler-178 c,0,,0.26246,20.552802,,,,,,,,,transit,2014.0,14/02/26,19 08 24.2566,+46 53 47.3599,963.58,0.89,1.066,,5676.0,,Confirmed planets
Kepler-1217 b,0,,0.178,2.03232507,,,,,,,,,transit,2016.0,16/05/10,19 16 44.8010,+50 56 15.2396,1401.74,1.06,1.08,0.07,5905.0,,Confirmed planets
Kepler-773 b,0,,0.128,3.74910006,,,,,,,,,transit,2016.0,16/05/10,19 23 32.3203,+38 03 27.2683,555.803,1.04,1.01,0.05,5850.0,,Confirmed planets
Kepler-19 b,0,0.02643,,9.28716,,0.12,59.1,,,,,,transit,2011.0,17/04/13,19 21 40.9995,+37 51 06.4362,219.95,0.94,0.86,-0.08,5544.0,,Confirmed planets
Kepler-19 c,0,0.04122,,28.731,,0.21,23.8,,,,,,timing,2011.0,17/04/13,19 21 40.9995,+37 51 06.4362,219.95,0.94,0.86,-0.08,5544.0,,Confirmed planets
Kepler-19 d,0,0.07079,,62.95,,0.05,55.2,,,,,,RV,2017.0,17/04/13,19 21 40.9995,+37 51 06.4362,219.95,0.94,0.86,-0.08,5544.0,,Confirmed planets
HD 96700 b,0,0.0284,,8.1256,0.0774,0.1,,,,,1001.4,,RV,2011.0,11/09/12,11 07 54.4269,-30 10 28.4451,25.6,,,,5940.0,,Confirmed planets
HD 96700 c,0,0.04,,103.49,0.422,0.37,,,,,425.4,,RV,2011.0,11/09/12,11 07 54.4269,-30 10 28.4451,25.6,,,,5940.0,,Confirmed planets
Kepler-1799 b,0,0.0501,0.368,11.9296999,0.1028,0.0,,,,89.99,770.0,,transit,2021.0,22/02/01,19 13 14,+51 28 42,2254.69,1.02,0.92,0.0,5831.0,,Confirmed planets
Kepler-945 b,0,,0.235,31.0033814,,,,,,,,,transit,2016.0,16/05/10,19 25 04.7401,+42 05 45.7662,,0.97,0.97,-0.01,5718.0,,Confirmed planets
Kepler-1377 b,0,,0.112,0.74092842,,,,,,,,,transit,2016.0,16/05/10,19 16 46.9091,+46 39 05.9572,1183.85,0.86,0.82,0.05,5218.0,,Confirmed planets
Kepler-520 b,0,,0.148,19.67416124,,,,,,,,,transit,2016.0,16/05/10,19 32 43.2753,+41 37 03.9270,747.943,1.1,1.09,-0.03,6112.0,,Confirmed planets
Kepler-520 c,0,,0.095,5.21104261,,,,,,,,,transit,2016.0,16/05/10,19 32 43.2753,+41 37 03.9270,747.943,1.1,1.09,-0.03,6112.0,,Confirmed planets
HD 113996 b,0,6.3,,610.2,1.6,0.28,92.06,,,,,,RV,2017.0,17/11/30,13 07 10.7300,+27 37 29.0585,116.34,1.49,25.11,0.13,4181.0,,Confirmed planets
OGLE-TR-56 b,0,1.3,1.2,1.211909,0.0225,0.0,,,,78.8,1390.3,,transit,2002.0,10/06/24,17 56 35.5015,-29 32 21.4767,1500.0,1.17,1.32,,5940.0,,Confirmed planets
K2-320 b,0,,0.234,1.995,0.0142,,,,,87.84,698.0,,transit,2020.0,20/09/03,10 53 01,+05 18 24,109.07,0.12,0.3,,3157.0,,Confirmed planets
NGTS-14 A b,2,0.092,0.44,3.5357173,0.0403,0.0,,,,86.7,1143.0,,transit,2021.0,21/01/12,21 54 04.00,-38 22 39.00,325.1,0.898,0.842,0.1,5187.0,,"Confirmed planets, Planets in binary systems, S-type"
K2-346 b,0,0.018,0.202,26.201446,,,,,,89.517,450.0,,transit,2016.0,21/10/03,08 23 57,+22 39 48,105.58,0.71,0.7,-0.18,4801.0,,Confirmed planets
WASP-172 b,0,0.47,1.57,5.477433,0.0694,,,,,86.7,1740.0,,transit,2018.0,18/03/06,13 17 44.1223,-47 14 15.2770,562.0,1.49,1.91,-0.1,6900.0,1.8,Confirmed planets
Kepler-1693 b,0,,0.115,12.0999,,,,,,,,,transit,2020.0,20/09/03,19 20 48,+48 11 09,776.92,,0.89,,5356.0,,Confirmed planets
Kepler-644 b,0,,0.281,3.1739171,,,,,,,,,transit,2016.0,16/05/10,19 41 54.1747,+43 29 35.2746,1369.11,1.49,1.81,0.08,6747.0,,Confirmed planets
Kepler-1592 b,0,,0.137,3.05710069,,,,,,,,,transit,2016.0,16/05/10,19 35 24.1534,+38 23 51.9145,1717.92,1.18,1.28,0.04,6213.0,,Confirmed planets
Kepler-714 b,0,,0.863,8.09888799,,,,,,,,,transit,2016.0,16/05/10,18 50 47.8787,+43 16 21.8794,,1.09,1.12,0.04,5995.0,,Confirmed planets
WTS-2 b,0,1.12,1.363,1.0187068,0.01855,,,,,83.55,2000.0,,RV,2014.0,14/02/25,19 34 55.8667,+36 48 55.8471,1030.7,0.82,0.752,0.2,5000.0,,Confirmed planets
HD 142022 A b,2,5.1,,1928.0,3.03,0.53,,,,10.0,112.3,,RV,2005.0,12/12/08,16 10 15,-84 13 53,35.87,0.99,0.705,0.19,5382.0,,"Confirmed planets, Planets in binary systems, S-type"
KMT-2021-BLG-1554 b,0,0.12,,,0.84,,,,,,,,microlensing,2022.0,22/05/26,17 51 13.00,-31 51 52.00,7680.0,0.08,,,,,Confirmed planets
KMT-2019-BLG-1953L b,0,0.64,,,,,,,,,,,microlensing,2020.0,20/09/03,17 56 28,-28 12 04,7040.0,0.31,,,,,Confirmed planets
HIP 105854 b,0,8.2,,184.2,0.81,0.02,343.2,,,,,,RV,2014.0,14/06/11,21 26 22.8744,-37 49 45.9539,78.8,2.1,,0.31,4780.0,,Confirmed planets
WASP-108 b,0,0.892,1.284,2.6755463,0.0397,,,,,88.49,1590.0,,transit,2014.0,14/10/14,13 03 18.7182,-49 38 22.8319,220.0,1.167,1.215,0.05,6000.0,6.4,Confirmed planets
HD 31527 b,0,0.0363,,16.546,0.1253,0.13,,,,,770.9,,RV,2011.0,11/09/12,04 55 38.3827,-23 14 30.7589,38.6,,,,5940.0,,Confirmed planets
HD 31527 c,0,0.0498,,51.284,0.2665,0.11,,,,,528.8,,RV,2011.0,11/09/12,04 55 38.3827,-23 14 30.7589,38.6,,,,5940.0,,Confirmed planets
HD 31527 d,0,0.0519,,274.49,0.8181,0.38,,,,,299.2,,RV,2011.0,11/09/12,04 55 38.3827,-23 14 30.7589,38.6,,,,5940.0,,Confirmed planets
WISE J033605.05-014350.4 b,0,8.25,1.12,2560.0,0.97,,,,,,325.0,,imaging,2023.0,23/10/15,03 36 05,-01 43 50,,0.01,,,415.0,,Confirmed planets
K2-138 g,0,,0.284,41.96645,0.2287,,,,,89.29,445.0,,transit,2021.0,21/03/04,23 15 48,-10 50 59,202.59,0.92,0.84,0.134,5283.0,,Confirmed planets
K2-138 b,0,,0.133,2.35321,0.0338,,,,,87.72,1157.0,,transit,2017.0,21/03/04,23 15 48,-10 50 59,202.59,0.92,0.84,0.134,5283.0,,Confirmed planets
K2-138 c,0,,0.202,3.56015,0.0442,,,,,88.59,1012.0,,transit,2017.0,21/03/04,23 15 48,-10 50 59,202.59,0.92,0.84,0.134,5283.0,,Confirmed planets
K2-138 d,0,,0.219,5.40484,0.0575,,,,,89.11,888.0,,transit,2017.0,21/03/04,23 15 48,-10 50 59,202.59,0.92,0.84,0.134,5283.0,,Confirmed planets
K2-138 e,0,,0.277,8.26147,0.0792,,,,,88.92,757.0,,transit,2017.0,21/03/04,23 15 48,-10 50 59,202.59,0.92,0.84,0.134,5283.0,,Confirmed planets
K2-138 f,0,,0.244,12.75758,0.1064,,,,,88.99,653.0,,transit,2017.0,21/03/04,23 15 48,-10 50 59,202.59,0.92,0.84,0.134,5283.0,,Confirmed planets
Kepler-331 b,0,,0.16586,8.457496,,,,,,,,,transit,2014.0,14/02/26,19 27 20.2410,+39 18 26.4843,466.86,0.653,0.492,,4347.0,,Confirmed planets
Kepler-331 c,0,,0.16768,17.28111,,,,,,,,,transit,2014.0,14/02/26,19 27 20.2410,+39 18 26.4843,466.86,0.653,0.492,,4347.0,,Confirmed planets
Kepler-331 d,0,,0.14945,32.134328,,,,,,,,,transit,2014.0,14/02/26,19 27 20.2410,+39 18 26.4843,466.86,0.653,0.492,,4347.0,,Confirmed planets
Kepler-815 b,0,,0.367,8.57503552,,,,,,,,,transit,2016.0,16/05/10,19 00 53.0660,+47 52 52.8201,1306.85,1.25,3.42,-0.03,5028.0,,Confirmed planets
Kepler-270 b,0,,0.18317,11.476094,,,,,,,,,transit,2014.0,14/02/26,18 48 48.0254,+44 25 20.1854,1098.1,1.17,1.461,,6067.0,,Confirmed planets
Kepler-270 c,0,,0.1613,25.262887,,,,,,,,,transit,2014.0,14/02/26,18 48 48.0254,+44 25 20.1854,1098.1,1.17,1.461,,6067.0,,Confirmed planets
K2-195 b,0,,0.2623,15.85354,,,,,,89.0,,,transit,2018.0,18/07/24,13 19 19.5635,-08 30 34.1363,499.8,0.963,0.906,-0.09,,,Confirmed planets
K2-195 c,0,,0.2302,28.4828,,,,,,88.5,,,transit,2018.0,18/07/24,13 19 19.5635,-08 30 34.1363,499.8,0.963,0.906,-0.09,,,Confirmed planets
EPIC 203311200 b,0,,0.51,540.0,1.25,,,,,,,,transit,2015.0,17/12/09,16 03 54.3405,-26 33 13.4138,437.0,0.91,0.94,,5200.0,,Controversial
Kepler-636 b,0,,0.397,16.08066115,,,,,,,,,transit,2016.0,16/05/10,19 34 22.0931,+41 05 42.5186,504.566,0.85,0.8,-0.02,5203.0,,Confirmed planets
HATS-17 b,0,1.338,0.777,16.254611,0.1308,,,,,89.08,,,transit,2015.0,15/11/01,12 48 45.5453,-47 36 49.2878,339.0,1.131,1.091,0.3,5846.0,2.1,Confirmed planets
TOI-564 b,0,1.463,1.02,1.651144,0.02734,0.072,94.0,,,78.38,1714.0,,transit,2020.0,21/01/28,08 41 10.8395,-16 02 10.6079,197.4,1.0,1.09,0.143,5640.0,,Confirmed planets
HATS-8 b,0,0.138,0.873,3.583893,0.04667,,,,,87.8,1324.0,,transit,2015.0,15/06/03,19 39 46.0127,-25 44 54.0091,829.0,1.056,1.086,0.21,5679.0,5.1,Confirmed planets
HAT-P-30 b,2,0.711,1.34,2.810595,0.0419,0.035,,,,83.6,1552.5,,transit,2011.0,12/11/24,08 15 48,+05 50 12,193.0,1.242,1.215,0.13,6304.0,1.0,"Confirmed planets, Planets in binary systems, S-type"
HD 218566 b,0,0.21,,225.7,0.6873,0.3,36.0,,,,,,RV,2010.0,15/11/03,23 09 10.72771,-02 15 38.6775,28.55,0.85,0.86,0.38,4820.0,8.5,Confirmed planets
HD 9446 b,0,0.7,,30.052,0.189,0.2,,,,,586.1,,RV,2010.0,10/01/05,01 33 20.1848,+29 15 54.5389,53.0,1.0,1.0,0.09,5793.0,,Confirmed planets
HD 9446 c,0,1.82,,192.9,0.654,0.06,,,,,315.8,,RV,2010.0,10/01/05,01 33 20.1848,+29 15 54.5389,53.0,1.0,1.0,0.09,5793.0,,Confirmed planets
Kepler-957 b,0,,0.491,5.90741354,,,,,,,,,transit,2016.0,16/05/10,19 20 37.5226,+48 49 08.3452,844.381,0.81,0.75,-0.01,4963.0,,Confirmed planets
TOI-4010 d,0,0.12003,0.551,14.70886,0.113,0.07,109.0,,,89.0,650.0,,transit,2023.0,23/10/15,01 20 52,+66 04 20,177.504,0.88,0.83,0.37,4960.0,,Confirmed planets
TOI-4010 b,0,0.03461,0.269,1.348335,0.0229,0.03,0.0,,,88.1,1441.0,,transit,2023.0,23/10/15,01 20 52,+66 04 20,177.504,0.88,0.83,0.37,4960.0,,Confirmed planets
TOI-4010 e,0,2.17728,1.19,762.0,1.57,0.26,138.0,,,,174.0,,RV,2023.0,23/10/15,01 20 52,+66 04 20,177.504,0.88,0.83,0.37,4960.0,,Confirmed planets
TOI-4010 c,0,0.0639,0.529,5.414654,0.058,0.03,57.0,,,88.8,907.0,,transit,2023.0,23/10/15,01 20 52,+66 04 20,177.504,0.88,0.83,0.37,4960.0,,Confirmed planets
Kepler-42 b,0,,0.07108,1.21376,0.0116,,,,,,,,transit,2012.0,12/01/11,19 28 52.5687,+44 37 08.9902,38.7,0.13,0.17,-0.3,,,Confirmed planets
Kepler-42 c,0,,0.0665,0.4532,0.006,,,,,,,,transit,2012.0,12/01/11,19 28 52.5687,+44 37 08.9902,38.7,0.13,0.17,-0.3,,,Confirmed planets
Kepler-42 d,0,,0.0519,1.865,0.0154,,,,,,,,transit,2012.0,12/01/11,19 28 52.5687,+44 37 08.9902,38.7,0.13,0.17,-0.3,,,Confirmed planets
Kepler-1443 b,0,,0.087,2.41811321,,,,,,,,,transit,2016.0,16/05/10,18 53 44.5820,+47 04 00.6385,603.064,1.19,1.27,0.0,6289.0,,Confirmed planets
Kepler-903 b,0,,0.179,10.3507721,,,,,,,,,transit,2016.0,16/05/10,19 15 05.0446,+40 39 51.1192,1425.31,0.98,0.97,0.05,5682.0,,Confirmed planets
Kepler-903 c,0,,0.226,62.9228557,,,,,,,,,transit,2016.0,16/05/10,19 15 05.0446,+40 39 51.1192,1425.31,0.98,0.97,0.05,5682.0,,Confirmed planets
WASP-126 b,0,0.28411,,3.28883,,,,,,89.51,,,transit,2016.0,19/12/05,04 13 29.7455,-69 13 36.5617,234.0,1.12,1.27,,5800.0,,Confirmed planets
WASP-126 c,0,0.20199,,7.63,,0.05,183.2,,,85.5,,,timing,2019.0,19/12/05,04 13 29.7455,-69 13 36.5617,234.0,1.12,1.27,,5800.0,,Confirmed planets
KMT-2019-BLG-1552L b,0,4.05,1.16,,2.6,,,,,,,,microlensing,2022.0,23/10/15,17 58 23,-27 34 01,4600.0,0.79,,,,,Confirmed planets
Kepler-1869 b,0,0.00458,0.1,8.16736031,0.0791,0.0,,,,86.03,865.0,,transit,2021.0,22/02/01,19 30 28,+42 45 52,113.025,0.99,0.9,-0.06,5808.0,,Confirmed planets
Kepler-1327 b,0,,0.161,14.88801098,,,,,,,,,transit,2016.0,16/05/10,19 16 15.5722,+50 27 39.6245,691.611,1.02,1.03,-0.03,5885.0,,Confirmed planets
Kepler-1475 b,0,,0.261,82.177374,,,,,,,,,transit,2016.0,16/05/10,19 43 47.5872,+44 45 11.2254,1639.08,1.18,1.28,0.03,6214.0,,Confirmed planets
KIC 7917485 b,0,11.8,,840.0,2.03,0.15,,,,,,,transit,2016.0,16/08/11,19 57 44.3028,+43 37 57.4786,1439.2631,1.63,,-0.02,7067.0,,Confirmed planets
HD 221416 b,0,0.19,0.836,14.2767,0.1228,0.115,-106.0,,,85.75,,,transit,2019.0,19/04/18,23 32 08.0724,-21 48 05.1168,95.08,1.21,2.94,-0.08,5080.0,,Confirmed planets
TOI-2406 b,0,0.0286,0.2623,3.0766896,0.0228,0.26,279.0,,,89.63,447.0,,transit,2021.0,21/08/02,00 35 13.00,-03 22 14.00,55.6,0.162,0.202,-0.38,3100.0,,Confirmed planets
Kepler-305 b,0,0.033,0.321,5.487,,,,,,,,,transit,2013.0,14/05/14,19 56 54,+40 20 36,889.64,,0.79,,5100.0,,Confirmed planets
Kepler-305 c,0,0.019,0.294,8.291,,,,,,,,,transit,2013.0,14/05/14,19 56 54,+40 20 36,889.64,,0.79,,5100.0,,Confirmed planets
Kepler-305 d,0,,0.242,16.738661,0.121,,,,,,,,transit,2014.0,14/05/14,19 56 54,+40 20 36,889.64,,0.79,,5100.0,,Confirmed planets
Kepler-305 e,0,,0.16,3.20538,,,,,,,,,transit,2020.0,20/09/03,19 56 54,+40 20 36,889.64,,0.79,,5100.0,,Confirmed planets
Kepler-930 b,0,,0.19,71.4517775,,,,,,,,,transit,2016.0,16/05/10,19 53 15.4626,+42 14 50.7594,869.565,1.25,1.4,0.04,6335.0,,Confirmed planets
K2-382 b,0,0.0156,0.185,21.700156,,,,,,88.298,,,transit,2022.0,22/03/01,19 09 39,-19 37 37,278.412,0.92,0.81,-0.027,5452.0,,Confirmed planets
HIP 4845 b,0,0.04531,,34.15,0.176,0.25,108.0,,,,,,RV,2020.0,20/09/03,01 02 21.1343,-10 25 25.8942,21.11,0.62,,,,,Confirmed planets
Kepler-1366 b,0,,0.128,2.16457097,,,,,,,,,transit,2016.0,16/05/10,19 00 15.5801,+41 33 17.5584,471.921,0.62,0.6,-0.02,4070.0,,Confirmed planets
K2-230 b,0,,0.1722,2.86064,,,,,,86.0,,,transit,2018.0,18/07/24,12 45 27.1694,-06 34 33.9987,497.6,1.131,1.18,0.21,,,Confirmed planets
Kepler-184 b,0,,0.21507,10.687576,,,,,,,,,transit,2014.0,14/02/26,19 27 48.4549,+43 04 28.9733,727.97,0.97,0.873,,5788.0,,Confirmed planets
Kepler-184 c,0,,0.17953,20.303005,,,,,,,,,transit,2014.0,14/02/26,19 27 48.4549,+43 04 28.9733,727.97,0.97,0.873,,5788.0,,Confirmed planets
Kepler-184 d,0,,0.22691,29.022358,,,,,,,,,transit,2014.0,14/02/26,19 27 48.4549,+43 04 28.9733,727.97,0.97,0.873,,5788.0,,Confirmed planets
HD 209458 b,0,0.714,1.38,3.52474859,0.04747,0.0004,,,,86.59,1316.1,,transit,1999.0,14/04/18,22 03 10.7729,+18 53 03.5482,47.0,1.148,1.146,0.02,6075.0,4.0,Confirmed planets
Kepler-1080 b,0,,0.293,77.2548396,,,,,,,,,transit,2016.0,16/05/10,19 45 51.4802,+49 10 58.4601,1440.09,1.1,1.16,0.09,5956.0,,Confirmed planets
Kepler-1283 b,0,,0.17,12.9460978,,,,,,,,,transit,2016.0,16/05/10,19 41 50.9652,+40 46 37.0946,,1.16,1.25,0.04,6175.0,,Confirmed planets
GJ 4276 b,0,0.05213,,13.352,0.082,0.37,216.83,,,,,,RV,2019.0,19/01/24,22 25 17.0663,+59 24 49.8171,21.35,0.41,0.41,0.12,3387.0,,Confirmed planets
HD 187085 b,0,0.75,,986.0,2.05,0.47,,,,,215.5,,RV,2006.0,10/12/22,19 49 33.9664,-37 46 49.9739,44.98,1.22,,0.05,6075.0,,Confirmed planets
Kepler-538 b,0,0.03335,0.198,81.73778,0.4669,0.041,140.0,,,89.73,380.0,,transit,2016.0,19/09/26,19 49 56.8507,+49 37 24.3558,156.66,0.89,0.87,-0.03,5547.0,,Confirmed planets
HD 156846 b,2,263.0,,359.5546,1.096,0.84785,51.62,,185.3,177.3,,,RV,2008.0,14/11/06,17 20 34.31129,-19 20 01.4991,49.0,1.35,2.12,0.17,5969.0,,"Controversial, Planets in binary systems, S-type"
TOI-2193 b,0,0.94,1.77,2.1225735,0.03319,0.0,,,,79.96,1763.0,,transit,2022.0,22/05/24,20 54 46.00,-72 48 17.00,345.3,1.082,1.248,0.027,5966.0,,Confirmed planets
Kepler-702 b,0,,0.818,10.52629406,,,,,,,,,transit,2016.0,16/05/10,19 35 30.7407,+41 39 42.3152,1020.3,0.9,0.86,0.0,5419.0,,Confirmed planets
HD 67087 b,0,3.06,,352.2,1.08,0.17,,,,,,,RV,2015.0,15/03/26,08 07 39.75457,+31 33 04.7381,88.8,1.36,1.55,0.25,6330.0,1.45,Confirmed planets
HD 67087 c,0,4.85,,2374.0,3.86,0.76,,,,,,,RV,2015.0,15/03/26,08 07 39.75457,+31 33 04.7381,88.8,1.36,1.55,0.25,6330.0,1.45,Confirmed planets
K2-146 c,0,0.02358,0.195,4.00498,,0.075,130.0,,,87.54,,,transit,2019.0,19/08/15,08 40 06.4242,+19 05 34.4295,79.31,0.33,0.33,,3385.0,,Confirmed planets
K2-146 b,0,0.01816,0.183,2.6446,,0.129,-64.0,,,88.93,,,transit,2018.0,19/08/15,08 40 06.4242,+19 05 34.4295,79.31,0.33,0.33,,3385.0,,Confirmed planets
HAT-P-48 b,0,0.168,1.131,4.40865,0.0543,0.0,,,,86.8,,,transit,2016.0,17/06/25,02 57 53.0158,+30 37 32.3336,321.9,1.099,1.223,0.02,5946.0,4.7,Confirmed planets
K2-279 b,0,,0.108,7.122605,0.067,,,,,,879.0,,transit,2018.0,18/10/26,13 39 07.1208,-06 02 29.4997,183.8,0.79,0.86,-0.37,5558.0,,Confirmed planets
MOA-2020-BLG-135L b,0,0.03555,0.301,,1.11,,,,,,,,microlensing,2022.0,23/01/12,17 53 42,-29 48 27,7900.0,0.23,,,,,Confirmed planets
Kepler-1391 b,0,,0.15,54.4092333,,,,,,,,,transit,2016.0,16/05/10,19 39 19.4446,+46 39 34.5028,1070.2055,1.03,1.1,0.04,5840.0,,Confirmed planets
Kepler-1566 b,0,,0.07,0.53991524,,,,,,,,,transit,2016.0,16/05/10,18 54 21.0265,+40 34 29.7801,472.947,0.84,0.81,-0.07,5254.0,,Confirmed planets
Wolf 1061 b,0,0.00428,,4.8876,0.035509,0.0,,,,,,,RV,2015.0,15/12/27,16 30 18.05803,-12 39 45.3232,4.2922,0.25,0.26,-0.05,3345.0,,Confirmed planets
Wolf 1061 c,0,0.0134,,17.867,0.08427,0.19,37.0,,,,,,RV,2015.0,15/12/27,16 30 18.05803,-12 39 45.3232,4.2922,0.25,0.26,-0.05,3345.0,,Confirmed planets
Wolf 1061 d,0,0.0164,,67.27,0.2039,0.32,102.0,,,,,,RV,2015.0,15/12/27,16 30 18.05803,-12 39 45.3232,4.2922,0.25,0.26,-0.05,3345.0,,Confirmed planets
GJ 9827 b,0,0.01545,0.141,1.2089819,0.0188,0.0,,,,86.07,,,transit,2017.0,19/08/29,23 27 04.8376,-01 17 10.5856,29.69,0.61,0.6,-0.26,4340.0,,Confirmed planets
GJ 9827 c,0,0.00264,0.111,3.6480957,0.03925,0.0,,,,88.19,,,transit,2017.0,19/08/29,23 27 04.8376,-01 17 10.5856,29.69,0.61,0.6,-0.26,4340.0,,Confirmed planets
GJ 9827 d,0,0.01271,0.18,6.2014698,0.05591,0.0,,,,87.443,,,transit,2017.0,19/08/29,23 27 04.8376,-01 17 10.5856,29.69,0.61,0.6,-0.26,4340.0,,Confirmed planets
Kepler-203 b,0,,0.2342,3.162697,,,,,,,,,transit,2014.0,14/02/26,19 48 21.5923,+41 23 16.9865,800.07,1.01,1.114,,5821.0,,Confirmed planets
Kepler-203 c,0,,0.22509,5.370647,,,,,,,,,transit,2014.0,14/02/26,19 48 21.5923,+41 23 16.9865,800.07,1.01,1.114,,5821.0,,Confirmed planets
Kepler-203 d,0,,0.13123,11.32972,,,,,,,,,transit,2014.0,14/02/26,19 48 21.5923,+41 23 16.9865,800.07,1.01,1.114,,5821.0,,Confirmed planets
Kepler-1091 b,0,,0.13,1.43474156,,,,,,,,,transit,2016.0,16/05/10,19 59 08.5083,+43 40 14.7021,938.615,1.01,1.03,0.0,5851.0,,Confirmed planets
EPIC 201170410 b,0,,0.093,6.7987,0.0349,0.0,,,,89.002,,,transit,2020.0,20/11/19,11 20 33.8054,-04 48 25.2140,134.0,0.29,0.28,-0.048,3648.0,,Confirmed planets
Kepler-824 b,0,,0.167,4.51436633,,,,,,,,,transit,2016.0,16/05/10,19 21 54.5790,+39 43 55.2172,1243.78,1.15,1.22,0.14,6035.0,,Confirmed planets
2M 1938+4603 b,1,1.9,,416.0,0.92,,,,,,,,timing,2015.0,15/06/11,19 38 32.6,+46 03 59,400.8,,,,,,"Confirmed planets, Planets in binary systems, P-type"
KMT-2022-BLG-0371L b,0,0.26,0.971,,3.02,,,,,,,,microlensing,2023.0,23/10/15,17 41 27,-34 41 55,7140.0,0.63,,,,,Confirmed planets
OGLE-2007-BLG-349L (AB) c,1,0.252,,,,,,,,,,,microlensing,2016.0,18/09/20,18 05 24.43,-26 25 19.0,2760.0,,,,,,"Confirmed planets, Planets in binary systems, P-type"
HD 41004 A b,2,2.54,,963.0,1.7,0.74,,,,,174.8,,RV,2004.0,12/11/30,05 59 50,-48 14 23,43.03,0.4,,-0.09,5035.0,,"Confirmed planets, Planets in binary systems, S-type"
Kepler-1289 b,0,,0.136,7.99019627,,,,,,,,,transit,2016.0,16/05/10,19 45 33.3136,+41 02 25.9954,1086.1301,1.1,1.17,0.02,6080.0,,Confirmed planets
Kepler-1304 b,0,,0.204,16.1288853,,,,,,,,,transit,2016.0,16/05/10,19 01 06.3334,+39 26 48.7330,,0.85,0.81,-0.05,5259.0,,Confirmed planets
Kepler-1092 b,0,,0.185,58.6017925,,,,,,,,,transit,2016.0,16/05/10,19 50 53.5575,+47 06 45.5336,1009.49,0.99,1.0,-0.09,5862.0,,Confirmed planets
K2-118 b,0,,0.227,50.92092,0.245,0.2,58.67,,,89.5,,,transit,2017.0,17/10/05,08 48 30.4546,+15 39 21.5303,324.7,0.76,0.73,,4726.29,,Confirmed planets
KOI-428 b,0,2.2,1.17,6.87349,0.08,0.0,,,,89.7,,,transit,2010.0,11/01/01,19 47 15.2875,+47 31 35.6652,2468.5,1.48,2.13,0.1,,,Confirmed planets
K2-85 b,0,,0.1142,0.684553,,,,,,85.5,,,transit,2018.0,18/07/24,03 57 51.4565,+18 27 54.8860,85.56,0.678,0.647,-0.14,,,Confirmed planets
K2-264 b,0,,0.199,5.840002,0.05023,,,,,89.01,496.0,,transit,2018.0,19/02/07,08 45 26.0461,+19 41 54.4462,187.0,0.5,0.47,-0.013,3660.0,,Confirmed planets
K2-264 c,0,,0.238,19.660302,0.11283,,,,,89.38,331.0,,transit,2018.0,19/02/07,08 45 26.0461,+19 41 54.4462,187.0,0.5,0.47,-0.013,3660.0,,Confirmed planets
Kepler-367 b,0,,0.11847,37.815724,,,,,,,,,transit,2014.0,14/02/26,19 49 10.1869,+49 58 53.9242,196.01,0.677,0.695,,4710.0,,Confirmed planets
Kepler-367 c,0,,0.10936,53.578637,,,,,,,,,transit,2014.0,14/02/26,19 49 10.1869,+49 58 53.9242,196.01,0.677,0.695,,4710.0,,Confirmed planets
Kepler-172 b,0,,0.21416,2.940309,,,,,,,,,transit,2014.0,14/02/26,18 53 28.4170,+41 49 18.5507,901.77,0.85,1.085,,5526.0,,Confirmed planets
Kepler-172 c,0,,0.26063,6.388996,,,,,,,,,transit,2014.0,14/02/26,18 53 28.4170,+41 49 18.5507,901.77,0.85,1.085,,5526.0,,Confirmed planets
Kepler-172 d,0,,0.20504,14.627119,,,,,,,,,transit,2014.0,14/02/26,18 53 28.4170,+41 49 18.5507,901.77,0.85,1.085,,5526.0,,Confirmed planets
Kepler-172 e,0,,0.25152,35.118736,,,,,,,,,transit,2014.0,14/02/26,18 53 28.4170,+41 49 18.5507,901.77,0.85,1.085,,5526.0,,Confirmed planets
KMT-2022-BLG-1013L b,0,0.31,1.08,,1.38,,,,,,,,microlensing,2023.0,23/10/15,17 38 50,-28 21 20,7710.0,0.18,,,,,Confirmed planets
Kepler-772 b,0,,0.162,12.99207337,,,,,,,,,transit,2016.0,16/05/10,19 25 41.6593,+38 12 59.6775,1167.82,0.98,1.11,0.03,5714.0,,Confirmed planets
GJ 9714 b,0,9.60029,1.11,19240.75467009,12.341073,0.155099,92.1304,,,155.326,,,RV,2022.0,22/09/27,21 01 39,-32 31 30,20.5121,0.67,0.66,,4263.0,,Confirmed planets
Kepler-102 e,0,0.028091,0.202309,16.1457,,,,,,,,,transit,2014.0,14/02/24,18 45 55.8561,+47 12 28.8435,119.3,0.8,0.74,0.08,4903.0,1.41,Confirmed planets
Kepler-102 d,0,0.011954,0.107534,10.3117,,,,,,,,,transit,2014.0,14/02/24,18 45 55.8561,+47 12 28.8435,119.3,0.8,0.74,0.08,4903.0,1.41,Confirmed planets
Kepler-102 f,0,,0.080195,27.4536,,,,,,,,,transit,2014.0,14/02/24,18 45 55.8561,+47 12 28.8435,119.3,0.8,0.74,0.08,4903.0,1.41,Confirmed planets
Kepler-102 c,0,,0.052856,7.07142,,,,,,,,,transit,2014.0,14/02/24,18 45 55.8561,+47 12 28.8435,119.3,0.8,0.74,0.08,4903.0,1.41,Confirmed planets
Kepler-102 b,0,,0.042831,5.28696,,,,,,,,,transit,2014.0,14/02/24,18 45 55.8561,+47 12 28.8435,119.3,0.8,0.74,0.08,4903.0,1.41,Confirmed planets
K2-250 b,0,,0.218,4.01457,0.0459,,,,,,958.0,,transit,2018.0,18/07/12,12 20 07.6229,-08 58 32.8261,417.6,0.8,0.81,-0.09,5172.0,,Confirmed planets
Kepler-1070 b,0,,0.154,6.2216147,,,,,,,,,transit,2016.0,16/05/10,19 32 46.8881,+49 18 59.5227,965.158,1.21,1.32,0.03,6261.0,,Confirmed planets
WASP-34 b,0,0.59,1.22,4.3176779,0.0524,0.0109,-40.2,,,85.2,,,transit,2010.0,17/12/21,11 01 35.8969,-23 51 38.3846,112.7,1.01,0.93,-0.02,5700.0,,Confirmed planets
WASP-34 c,0,14.96,,4093.0,14.96,0.0,90.0,,,,,,RV,2014.0,17/12/21,11 01 35.8969,-23 51 38.3846,112.7,1.01,0.93,-0.02,5700.0,,Confirmed planets
Kepler-1149 b,0,,0.128,3.73089898,,,,,,,,,transit,2016.0,16/05/10,19 36 45.4119,+45 09 05.6789,1260.56,1.02,1.01,0.02,5833.0,,Confirmed planets
GSC 06214-00210 b,0,17.0,,,,,,,,,1700.0,,imaging,2010.0,15/06/10,16 21 54.6675,-20 43 09.1388,145.0,0.9,,,4060.0,11.0,Confirmed planets
TRAPPIST-1 b,0,0.0032,0.10001,1.5108739,0.01154775,0.00622,336.86,,,89.65,400.1,,transit,2016.0,18/09/18,23 06 29.3684052886,-05 02 29.031690445,12.43,0.089,0.121,0.04,2516.0,7.6,Confirmed planets
TRAPPIST-1 c,0,0.003637,0.09769,2.421818,0.01581512,0.00654,282.45,,,89.67,341.9,,transit,2016.0,18/09/18,23 06 29.3684052886,-05 02 29.031690445,12.43,0.089,0.121,0.04,2516.0,7.6,Confirmed planets
TRAPPIST-1 d,0,0.000934,0.06994,4.04982,0.02228038,0.00837,-8.73,,,89.75,288.0,,transit,2017.0,18/09/18,23 06 29.3684052886,-05 02 29.031690445,12.43,0.089,0.121,0.04,2516.0,7.6,Confirmed planets
TRAPPIST-1 e,0,0.002429,0.08118,6.09957,0.02928285,0.0051,108.37,,,89.86,251.3,,transit,2017.0,18/09/18,23 06 29.3684052886,-05 02 29.031690445,12.43,0.089,0.121,0.04,2516.0,7.6,Confirmed planets
TRAPPIST-1 f,0,0.002939,0.09332,9.20648,0.03853361,0.01007,368.81,,,89.68,219.0,,transit,2017.0,18/09/18,23 06 29.3684052886,-05 02 29.031690445,12.43,0.089,0.121,0.04,2516.0,7.6,Confirmed planets
TRAPPIST-1 g,0,0.003612,0.10242,12.35281,0.04687692,0.00208,191.34,,,89.71,198.6,,transit,2017.0,18/09/18,23 06 29.3684052886,-05 02 29.031690445,12.43,0.089,0.121,0.04,2516.0,7.6,Confirmed planets
TRAPPIST-1 h,0,0.001041,0.06896,18.76626,0.06193488,0.00567,338.92,,,89.8,167.0,,transit,2017.0,18/09/18,23 06 29.3684052886,-05 02 29.031690445,12.43,0.089,0.121,0.04,2516.0,7.6,Confirmed planets
GJ 3998 b,0,0.00777,,2.64977,0.029,0.0,,,,,,,RV,2016.0,16/07/28,17 16 00.6367,+11 03 27.6136,18.16,0.5,0.49,-0.16,3722.0,,Confirmed planets
GJ 3998 c,0,0.0197,,13.74,0.089,0.049,,,,,,,RV,2016.0,16/07/28,17 16 00.6367,+11 03 27.6136,18.16,0.5,0.49,-0.16,3722.0,,Confirmed planets
OGLE-2019-BLG-0468L b,0,3.43,1.17,,3.29,,,,,,,,microlensing,2021.0,23/02/22,17 45 37,-24 26 50,4400.0,0.92,,,,,Confirmed planets
OGLE-2019-BLG-0468L c,0,10.22,1.11,,2.77,,,,,,,,microlensing,2022.0,23/02/22,17 45 37,-24 26 50,4400.0,0.92,,,,,Confirmed planets
HD 102195 b,0,0.45,,4.113775,0.049,0.0,,,,,963.1,,RV,2005.0,10/12/21,11 45 42.2927,+02 49 17.3261,28.98,0.926,0.835,0.05,5291.0,,Confirmed planets
Kepler-1277 b,0,,0.143,40.8365012,,,,,,,,,transit,2016.0,16/05/10,19 40 24.5780,+40 34 20.5704,566.251,0.94,0.92,-0.01,5578.0,,Confirmed planets
Kepler-1456 b,0,,0.102,18.1373829,,,,,,,,,transit,2016.0,16/05/10,19 07 46.8806,+43 49 21.9851,374.266,0.64,0.62,-0.09,4231.0,,Confirmed planets
Kepler-1567 b,0,,0.244,153.979578,,,,,,,,,transit,2016.0,16/05/10,19 06 46.8521,+40 17 30.4946,1248.75,0.95,0.93,-0.03,5655.0,,Confirmed planets
Kepler-313 b,0,,0.23056,14.970418,,,,,,,,,transit,2014.0,14/02/26,19 53 10.7788,+48 46 31.6015,1159.02,0.96,1.536,,5727.0,,Confirmed planets
Kepler-313 c,0,,0.2342,32.273273,,,,,,,,,transit,2014.0,14/02/26,19 53 10.7788,+48 46 31.6015,1159.02,0.96,1.536,,5727.0,,Confirmed planets
OGLE-2018-BLG-0740L b,0,4.8,,5480.0,6.1,0.0,,,,,,,microlensing,2019.0,19/09/12,18 08 42,-29 50 09,3200.0,1.0,,-0.24,5912.0,,Confirmed planets
HD 5608 b,0,1.4,,792.6,1.9,0.19,269.0,,,,,,RV,2012.0,15/11/02,00 58 14.21893,+33 57 03.1843,56.4,1.55,5.5,0.06,4854.0,,Confirmed planets
TOI-1807 b,0,,0.16496,0.549372,0.00812,,,,,77.7,2100.0,,transit,2021.0,21/07/13,13 25 07.9958,+38 55 20.9460,42.577,0.75,0.68,-0.029,4757.0,,Confirmed planets
Kepler-604 b,0,,0.231,25.85501786,,,,,,,,,transit,2016.0,16/05/10,19 29 15.8430,+42 37 34.5714,1057.53,1.02,1.03,-0.02,5890.0,,Confirmed planets
HD 33564 b,0,9.1,,388.0,1.1,0.34,,,,,273.5,,RV,2005.0,10/12/23,05 22 33.5290,+79 13 52.1426,20.98,1.25,1.1,-0.12,6250.0,,Confirmed planets
TVLM 513-46546 b,0,0.38,,220.0,0.3063,0.0,0.0,,139.0,71.0,,,astrometry,2020.0,22/09/29,15 01 08.18646,+22 50 02.1379,10.706,0.08,,,,,Confirmed planets
91 Aquarii A b,2,3.2,,181.4,0.7,0.027,177.3,,,,,,RV,2003.0,15/11/03,23 15 53.49482,-09 05 15.8546,45.93,1.4,11.0,-0.03,4665.0,3.56,"Confirmed planets, Planets in binary systems, S-type"
TrES-2,2,1.253,1.169,2.470613402,0.03556,0.0,,,,83.874,,,transit,2006.0,13/01/27,19 07 14,+49 18 59,213.0,0.983,1.003,0.001,5850.0,,"Confirmed planets, Planets in binary systems, S-type"
MOA-2012-BLG-505L b,0,0.02108,,,0.9,,,,,,,,microlensing,2017.0,17/06/22,17 52 34,-32 02 24,7210.0,0.1,,,,,Confirmed planets
Kepler-142 c,0,,0.26063,4.761702,,,,,,,,,transit,2014.0,14/02/26,19 40 28.5407,+48 28 52.6544,627.86,0.988,1.269,,5790.0,,Confirmed planets
Kepler-142 b,0,,0.18135,2.024152,,,,,,,,,transit,2014.0,14/02/26,19 40 28.5407,+48 28 52.6544,627.86,0.988,1.269,,5790.0,,Confirmed planets
Kepler-142 d,0,,0.19684,41.809118,,,,,,,,,transit,2014.0,14/02/26,19 40 28.5407,+48 28 52.6544,627.86,0.988,1.269,,5790.0,,Confirmed planets
WASP-35 b,0,0.72,1.32,3.161575,0.04317,0.0,,,,87.96,1450.0,,transit,2011.0,11/04/15,05 04 19.6324,-06 13 47.3761,216.5,1.07,1.09,-0.15,5990.0,,Confirmed planets
Kepler-1323 b,0,,0.136,0.92990668,,,,,,,,,transit,2016.0,16/05/10,19 31 29.3446,+46 05 55.9142,471.698,1.18,1.4,0.02,6169.0,,Confirmed planets
Kepler-521 b,0,,0.284,22.20813214,,,,,,,,,transit,2016.0,16/05/10,19 55 15.9328,+43 59 52.9268,850.774,1.34,1.46,0.25,6406.0,,Confirmed planets
NGTS-21 b,0,2.36,1.33,1.5433897,0.0236,0.0,90.0,,,83.85,1357.0,,transit,2022.0,23/01/12,20 45 02,-35 25 40,592.891,0.72,0.86,-0.26,4660.0,,Confirmed planets
Kepler-807 b,0,,0.93,117.93108781,,,,,,,,,transit,2016.0,16/05/10,19 16 04.8354,+48 07 11.3084,1560.06,1.04,1.06,-0.04,5965.0,,Confirmed planets
Kepler-354 b,0,,0.16768,5.47666,,,,,,,,,transit,2014.0,14/02/26,19 03 00.3548,+41 20 08.2963,633.05,,0.674,,4648.0,,Confirmed planets
Kepler-354 d,0,,0.113,24.209842,,,,,,,,,transit,2014.0,14/02/26,19 03 00.3548,+41 20 08.2963,633.05,,0.674,,4648.0,,Confirmed planets
Kepler-354 c,0,,0.11938,16.934402,,,,,,,,,transit,2014.0,14/02/26,19 03 00.3548,+41 20 08.2963,633.05,,0.674,,4648.0,,Confirmed planets
Kepler-1434 b,0,,0.099,8.05333618,,,,,,,,,transit,2016.0,16/05/10,19 42 09.2148,+51 12 10.6704,793.021,1.47,2.04,0.19,6291.0,,Confirmed planets
HAT-P-42 b,0,0.975,1.277,4.641876,0.0575,0.0,,,,85.9,1427.0,,transit,2013.0,13/05/29,09 01 22.6490,+06 05 50.0155,447.0,1.179,1.528,0.27,5743.0,5.1,Confirmed planets
OGLE-2019-BLG-0679L b,0,3.34,1.17,,6.99,,,,,,,,microlensing,2023.0,23/10/15,17 42 58,-27 46 22,5630.0,0.66,,,,,Confirmed planets
kappa CrB b,0,1.6,,1251.0,2.6,0.073,210.0,,,,,,RV,2007.0,15/11/02,15 51 13.93127,+35 39 26.5671,30.5,1.51,4.71,0.1,4877.0,,Confirmed planets
Kepler-817 b,0,,0.806,3.99010623,,,,,,,,,transit,2016.0,16/05/10,19 44 19.6487,+39 09 41.8504,1546.55,1.03,1.03,0.02,5861.0,,Confirmed planets
Kepler-786 b,0,,0.217,53.5293487,,,,,,,,,transit,2016.0,16/05/10,19 34 58.5476,+38 56 21.3627,492.102,0.81,0.74,0.09,4838.0,,Confirmed planets
TOI-2589 b,0,3.5,1.08,61.6277,0.3,0.522,218.0,,,89.17,592.0,,transit,2023.0,23/10/15,07 09 57,-37 13 51,200.273,0.93,1.07,0.12,5579.0,,Confirmed planets
Kepler-1668 b,0,,0.388,15.434,,,,,,,,,transit,2020.0,20/09/03,19 49 25,+46 05 45,1386.19,,1.05,,5328.33,,Confirmed planets
Psi-1 Draconis B b,2,1.53,,3117.0,4.43,0.4,64.0,,,,,,RV,2015.0,15/12/28,17 41 56.35536,+72 08 55.8481,22.93,1.19,,0.0,6213.0,2.5,"Confirmed planets, Planets in binary systems, S-type"
Kepler-708 b,0,,0.261,3.16789194,,,,,,,,,transit,2016.0,16/05/10,19 35 15.9487,+42 12 45.0292,1450.33,0.97,0.96,0.01,5692.0,,Confirmed planets
EPIC 201427007 b,0,0.00899,0.134,0.72091,,,,,,88.5,,,transit,2021.0,22/09/15,12 18 25,-00 33 05,706.391,0.93,0.94,-0.053,5633.0,,Confirmed planets
Kepler-1085 b,0,,0.644,219.3217528,,,,,,,,,transit,2016.0,16/05/10,19 09 55,+46 08 28,1518.0,1.11,1.14,0.08,6000.0,,Confirmed planets
Kepler-1085 c,0,,0.292,56.7771,,,,,,,,,transit,2020.0,20/09/03,19 09 55,+46 08 28,1518.0,1.11,1.14,0.08,6000.0,,Confirmed planets
K2-377 b,0,0.011,0.151,12.832235,,,,,,,,,transit,2022.0,22/03/01,13 31 35,-12 05 42,195.149,0.82,0.69,-0.008,4200.0,,Confirmed planets
OGLE-2014-BLG-0319 b,0,0.57,,,3.49,,,,,,,,microlensing,2022.0,22/01/03,17 47 51.00,-33 56 06.00,7730.0,0.52,,,,,Confirmed planets
KOI-680 b,0,0.84,1.99,8.6001536,0.0948,0.114,104.0,,,85.51,,,transit,2012.0,18/02/17,19 29 08.9490,+43 11 50.1602,2070.0,1.538,3.21,-0.18,6161.0,2.25,Confirmed planets
Kepler-121 b,0,,0.21324,3.177422,,,,,,,,,transit,2014.0,14/02/26,19 04 38.8957,+39 40 40.8569,583.6,0.859,0.701,,5311.0,,Confirmed planets
Kepler-121 c,0,,0.20687,41.008011,,,,,,,,,transit,2014.0,14/02/26,19 04 38.8957,+39 40 40.8569,583.6,0.859,0.701,,5311.0,,Confirmed planets
Kepler-602 b,0,,0.186,15.28469497,,,,,,,,,transit,2016.0,16/05/10,19 44 07.6744,+42 08 31.0079,1198.75,1.08,1.13,-0.02,6062.0,,Confirmed planets
KELT-19 A b,2,4.07,1.91,4.6117093,0.0637,0.0,,,,85.41,,,transit,2017.0,17/12/22,07 26 02.289,+07 36 56.83,278.0,1.62,1.83,-0.12,7500.0,1.1,"Confirmed planets, Planets in binary systems, S-type"
Kepler-988 b,0,,0.185,17.76080053,,,,,,,,,transit,2016.0,16/05/10,19 22 50.0071,+42 14 14.0973,307.569,0.55,0.53,-0.32,4005.0,,Confirmed planets
Kepler-1226 b,0,,0.129,17.2923453,,,,,,,,,transit,2016.0,16/05/10,19 45 30.4495,+50 37 17.3015,1162.39,1.02,1.02,-0.08,5923.0,,Confirmed planets
Kepler-1951 b,0,0.0189,0.207,20.65780067,0.1435,0.0,,,,89.39,728.0,,transit,2021.0,22/02/01,19 21 60,+40 17 16,1277.32,0.92,1.31,0.14,5468.0,,Confirmed planets
Kepler-1232 b,0,,0.172,26.7839183,,,,,,,,,transit,2016.0,16/05/10,19 46 12.0070,+49 06 08.3387,644.579,0.92,0.89,0.06,5471.0,,Confirmed planets
TOI-776 b,0,0.01259,0.165,8.24661,0.0652,0.06,-67.0,,,89.65,514.0,,transit,2020.0,21/01/11,11 54 18,-37 33 10,27.19,0.54,0.54,-0.2,3709.0,,Confirmed planets
TOI-776 c,0,0.01668,0.18,15.6653,0.1,0.04,-11.0,,,89.51,415.0,,transit,2020.0,21/01/11,11 54 18,-37 33 10,27.19,0.54,0.54,-0.2,3709.0,,Confirmed planets
Kepler-421 b,0,,0.379102,704.1984,1.219,0.041,160.0,,,89.965,184.0,,transit,2014.0,14/07/21,18 53 01.6406,+45 05 15.9725,320.0,0.794,0.757,-0.25,5308.0,4.0,Confirmed planets
Kepler-1488 b,0,0.013,0.166,39.8189932,0.2285,0.0,,,,88.51,650.0,,transit,2016.0,22/09/15,19 06 35,+49 56 16,905.825,1.05,1.31,0.06,5820.0,,Confirmed planets
Kepler-1488 c,0,0.0106,0.147,6.15826988,0.0658,0.0,,,,84.39,1212.0,,transit,2021.0,22/09/15,19 06 35,+49 56 16,905.825,1.05,1.31,0.06,5820.0,,Confirmed planets
Kepler-595 b,0,0.05475,0.331,25.3029092,,,,,,,,,transit,2016.0,20/11/19,19 38 17,+50 40 23,639.0,0.93,0.82,,,,Confirmed planets
Kepler-595 c,0,0.01038,0.09,12.38602,,,,,,,,,transit,2020.0,20/11/19,19 38 17,+50 40 23,639.0,0.93,0.82,,,,Confirmed planets
Kepler-1081 b,0,,0.09,3.85691855,,,,,,,,,transit,2016.0,16/05/10,19 17 46.6930,+41 19 03.9773,425.369,0.88,0.84,0.01,5345.0,,Confirmed planets
GJ 3323 b,0,0.00636,,5.3636,0.03282,0.23,,,,,,,RV,2017.0,17/03/21,05 01 57.4261,-06 56 46.3718,5.38,0.164,0.119,-0.27,3159.0,,Confirmed planets
GJ 3323 c,0,0.00727,,40.54,0.1264,0.17,,,,,,,RV,2017.0,17/03/21,05 01 57.4261,-06 56 46.3718,5.38,0.164,0.119,-0.27,3159.0,,Confirmed planets
CoRoT-2 b,0,3.31,1.465,1.7429964,0.0281,0.0,,,,87.84,1392.7,,transit,2007.0,12/04/05,19 27 06.4944,+01 23 01.3575,300.0,0.97,0.902,,5575.0,,Confirmed planets
Kepler-1073 c,0,0.0105,0.146,4.02582254,0.0483,0.0,,,,89.92,1169.0,,transit,2016.0,22/09/15,19 36 37,+38 13 59,809.897,1.0,1.0,0.0,5792.0,,Confirmed planets
Kepler-1073 b,0,0.0186,0.205,8.67888593,0.0805,0.0,,,,89.38,905.0,,transit,2016.0,22/09/15,19 36 37,+38 13 59,809.897,1.0,1.0,0.0,5792.0,,Confirmed planets
Kepler-1073 d,0,0.00887,0.133,2.50476003,0.0352,0.0,,,,89.08,1369.0,,transit,2021.0,22/09/15,19 36 37,+38 13 59,809.897,1.0,1.0,0.0,5792.0,,Confirmed planets
Kepler-1635 b,0,,0.325,469.63111,,,,,,,,,transit,2016.0,16/05/10,19 01 23.7644,+45 33 22.2628,1102.66,0.89,0.85,0.06,5347.0,,Confirmed planets
Kepler-1469 b,0,,0.25,21.8635301,,,,,,,,,transit,2016.0,16/05/10,19 35 17.1210,+39 23 28.9000,1196.89,0.92,0.89,0.02,5507.0,,Confirmed planets
Kepler-106 c,0,0.032841,0.227826,13.5708,,,,,,,,,transit,2014.0,14/02/24,20 03 27.3499,+44 20 15.1908,453.9,1.0,1.04,-0.12,5858.0,4.83,Confirmed planets
Kepler-106 e,0,0.035137,0.233294,43.8445,,,,,,,,,transit,2014.0,14/02/24,20 03 27.3499,+44 20 15.1908,453.9,1.0,1.04,-0.12,5858.0,4.83,Confirmed planets
Kepler-106 b,0,,0.074727,6.16486,,,,,,,,,transit,2014.0,14/02/24,20 03 27.3499,+44 20 15.1908,453.9,1.0,1.04,-0.12,5858.0,4.83,Confirmed planets
Kepler-106 d,0,,0.086574,23.9802,,,,,,,,,transit,2014.0,14/02/24,20 03 27.3499,+44 20 15.1908,453.9,1.0,1.04,-0.12,5858.0,4.83,Confirmed planets
Kepler-1628 b,0,,0.574,76.378033,,,,,,,,,transit,2016.0,16/05/10,18 46 32.0864,+43 24 41.5968,,0.55,0.52,0.17,3724.0,,Confirmed planets
Kepler-1129 b,0,,0.264,24.3397804,,,,,,,,,transit,2016.0,16/05/10,19 26 25.0767,+41 18 33.6789,1224.44,1.0,1.0,-0.04,5831.0,,Confirmed planets
Kepler-1129 c,0,,0.244,76.5369586,,,,,,,,,transit,2016.0,16/05/10,19 26 25.0767,+41 18 33.6789,1224.44,1.0,1.0,-0.04,5831.0,,Confirmed planets
Kepler-707 b,0,,0.119,2.23749275,,,,,,,,,transit,2016.0,16/05/10,19 20 01.8181,+42 06 59.2898,601.974,0.8,0.76,-0.12,5099.0,,Confirmed planets
Kepler-1494 b,0,,0.274,91.080482,,,,,,,,,transit,2016.0,16/05/10,18 50 37.7736,+43 09 45.0071,1334.76,0.96,0.94,0.01,5659.0,,Confirmed planets
TOI-674 b,0,0.0739,0.4693,1.977143,0.0231,0.1,45.4,,,86.68,661.0,,transit,2021.0,21/06/03,10 58 21.00,-36 51 29.00,46.16,0.442,0.421,0.114,3505.0,,Confirmed planets
K2-388 b,0,0.0409,0.327,6.339069,,,,,,,,,transit,2022.0,22/03/01,23 30 51,-11 04 38,290.495,0.84,0.9,0.124,5367.0,,Confirmed planets
Kepler-1540 b,0,,0.222,125.4131177,,,,,,,,,transit,2016.0,16/05/10,18 53 22.6835,+41 12 06.3775,246.706,0.74,0.69,0.1,4540.0,,Confirmed planets
omi CrB b,0,1.5,,187.83,0.83,0.191,79.0,,,,,,RV,2012.0,15/11/02,15 20 08.55879,+29 36 58.3488,82.8,2.13,10.5,-0.29,4749.0,,Confirmed planets
Kepler-125 b,0,,0.21598,4.164389,,,,,,,,,transit,2014.0,14/02/26,19 53 01.9454,+47 36 17.8465,223.85,0.537,0.512,,3810.0,,Confirmed planets
Kepler-125 c,0,,0.06744,5.774464,,,,,,,,,transit,2014.0,14/02/26,19 53 01.9454,+47 36 17.8465,223.85,0.537,0.512,,3810.0,,Confirmed planets
WASP-124 b,0,0.6,1.24,3.37265,0.0449,,,,,86.3,1400.0,,transit,2016.0,16/02/04,22 10 51.4418,-30 44 58.7628,433.0,1.07,,-0.02,6050.0,,Confirmed planets
Kepler-1310 b,0,,0.128,0.67933627,,,,,,,,,transit,2016.0,16/05/10,18 55 40.8089,+40 44 24.3527,578.637,0.91,0.88,-0.07,5549.0,,Confirmed planets
HATS-47 b,0,0.369,1.117,3.9228038,0.04269,0.088,,,,87.08,853.0,,transit,2020.0,20/02/27,19 09 56.2503,-49 39 53.8684,301.7,0.67,0.66,-0.113,4512.0,,Confirmed planets
MASCARA-4 b,0,3.1,1.53,2.82406,0.047,0.0,,,,88.5,2100.0,,transit,2020.0,20/03/19,09 50 19.2005,-66 06 49.8925,171.54,1.75,1.92,0.0,7800.0,,Confirmed planets
Kepler-1436 b,0,,0.117,9.705716,,,,,,,,,transit,2016.0,16/05/10,19 50 50.7748,+46 46 04.7982,,1.06,1.09,-0.01,5972.0,,Confirmed planets
Kepler-404 b,0,,0.11574,11.829851,,,,,,,,,transit,2014.0,14/02/26,19 05 35.6672,+45 20 36.7430,1059.76,0.925,0.884,,5654.0,,Confirmed planets
Kepler-404 c,0,,0.15674,14.751166,,,,,,,,,transit,2014.0,14/02/26,19 05 35.6672,+45 20 36.7430,1059.76,0.925,0.884,,5654.0,,Confirmed planets
K2-291 b,0,0.02042,0.142,2.225177,0.03261,0.0,0.0,,,85.26,,,transit,2019.0,19/01/24,05 05 46.9914,+21 32 55.0212,90.29,0.93,0.9,0.08,5520.0,,Confirmed planets
HD 20367 b,0,1.07,,500.0,1.25,0.23,,,,,261.6,,RV,2002.0,10/12/16,03 17 40.0466,+31 07 37.3584,26.12,1.04,1.18,0.1,6128.0,,Confirmed planets
GJ 273 b,0,0.00909,,18.6498,0.091101,0.1,,,,,,,RV,2017.0,17/03/21,07 27 24.50,+05 13 32.8,3.8,0.29,0.293,0.09,3382.0,,Confirmed planets
GJ 273 c,0,0.00371,,4.7234,0.036467,0.17,,,,,,,RV,2017.0,17/03/21,07 27 24.50,+05 13 32.8,3.8,0.29,0.293,0.09,3382.0,,Confirmed planets
K2-278 b,0,,0.266,3.334966,0.0488,,,,,,1711.0,,transit,2018.0,18/10/26,13 33 12.4281,-14 30 14.6030,804.13,1.4,1.61,0.0,6747.0,,Confirmed planets
Kepler-147 c,0,,0.22145,33.416423,,,,,,,,,transit,2014.0,14/02/26,19 11 54.1829,+39 05 13.8584,1106.65,0.98,1.468,,6012.0,,Confirmed planets
Kepler-147 b,0,,0.13943,12.610584,,,,,,,,,transit,2014.0,14/02/26,19 11 54.1829,+39 05 13.8584,1106.65,0.98,1.468,,6012.0,,Confirmed planets
Kepler-68 b,2,0.026,0.206,5.398763,0.0617,0.02,,,,87.6,1280.0,,transit,2013.0,15/06/09,19 24 07.7644,+49 02 24.957,135.0,1.079,1.243,0.12,5793.0,6.3,"Confirmed planets, Planets in binary systems, S-type"
Kepler-68 c,2,0.015,0.085,9.605085,0.09059,,,,,86.93,,,transit,2013.0,15/06/09,19 24 07.7644,+49 02 24.957,135.0,1.079,1.243,0.12,5793.0,6.3,"Confirmed planets, Planets in binary systems, S-type"
Kepler-68 d,2,0.947,,580.0,1.4,0.18,,,,,,,RV,2013.0,15/06/09,19 24 07.7644,+49 02 24.957,135.0,1.079,1.243,0.12,5793.0,6.3,"Confirmed planets, Planets in binary systems, S-type"
HD 35759 b,0,3.76,,82.467,0.389,0.389,-104.0,,,,,,RV,2016.0,17/12/09,05 31 33.3492,+64 19 07.5900,70.9,1.15,,0.04,6060.0,,Confirmed planets
Kepler-116 b,0,,0.31167,5.968734,,,,,,,,,transit,2014.0,14/02/26,19 38 58.0982,+43 32 12.4997,1025.72,1.206,1.454,,6142.0,,Confirmed planets
Kepler-116 c,0,,0.2096,13.07163,,,,,,,,,transit,2014.0,14/02/26,19 38 58.0982,+43 32 12.4997,1025.72,1.206,1.454,,6142.0,,Confirmed planets
KMT-2021-BLG-1253L b,0,0.05994,0.409,,1.52,,,,,,,,microlensing,2022.0,23/10/15,17 50 28,-29 16 45,6640.0,0.24,,,,,Confirmed planets
OGLE-2012-BLG-0838L b,0,0.167,,,4.43,,,,,,,,microlensing,2020.0,20/06/24,18 12 01,-25 42 42,6320.0,0.4,,,,,Confirmed planets
KELT-12 b,0,0.95,1.79,5.03145,0.0671,,,,,84.46,,,transit,2016.0,17/11/28,17 50 33.7179,+36 34 12.8037,360.0,1.592,2.37,0.19,6278.0,2.2,Confirmed planets
KIC 8012732 b,0,,0.87,431.4681,,,,,,89.741,,,transit,2015.0,16/05/23,18 58 55,+43 51 51,,0.92,1.22,0.2,6221.0,,Confirmed planets
Kepler-1820 b,0,0.0312,0.278,31.03249931,0.1964,0.0,,,,89.38,561.0,,transit,2021.0,22/02/01,19 46 51,+48 16 20,1425.39,1.05,0.93,0.07,5841.0,,Confirmed planets
Kepler-210 c,0,,0.436,7.9725,0.03710232851,,,,,85.73,,,transit,2014.0,14/03/14,19 30 00.8101,+43 04 59.3626,265.15,0.612,0.65,,4559.0,0.35,Confirmed planets
Kepler-210 b,0,,0.3419,2.4532,0.01420769609,,,,,77.86,,,transit,2014.0,14/03/14,19 30 00.8101,+43 04 59.3626,265.15,0.612,0.65,,4559.0,0.35,Confirmed planets
K2-379 b,0,0.017,0.195,8.777247,,,,,,,,,transit,2022.0,22/03/01,18 52 08,-27 10 51,182.207,0.86,0.75,-0.045,4603.0,,Confirmed planets
HD 126525 b,0,0.224,,948.12,1.8105,0.13,,,,,185.0,,RV,2011.0,11/09/12,14 27 32.9718,-51 55 59.1075,38.1,,,,5940.0,,Confirmed planets
Kepler-45 b,0,0.505,0.96,2.455239,0.027,0.11,,,,87.0,774.0,,transit,2011.0,13/03/25,19 31 29.4966,+41 03 51.3563,333.0,0.59,0.55,0.08,3820.0,13.9,Confirmed planets
Kepler-1066 b,0,,0.211,1.93155984,,,,,,,,,transit,2016.0,16/05/10,19 55 27.9747,+46 30 08.0383,347.693,0.98,0.98,-0.03,5762.0,,Confirmed planets
Kepler-143 c,0,,0.30711,27.082511,,,,,,,,,transit,2014.0,14/02/26,19 52 16.2480,+49 24 45.2918,890.59,1.008,1.359,,5848.0,,Confirmed planets
Kepler-143 b,0,,0.21962,16.007583,,,,,,,,,transit,2014.0,14/02/26,19 52 16.2480,+49 24 45.2918,890.59,1.008,1.359,,5848.0,,Confirmed planets
WASP-16 b,0,0.855,1.008,3.1186009,0.0421,0.0,,,,85.22,1160.0,,transit,2009.0,12/07/05,14 18 43.9226,-20 16 31.8422,195.2,1.022,0.946,0.01,5550.0,,Confirmed planets
Kepler-550 b,0,,0.394,8.60010411,,,,,,,,,transit,2016.0,16/05/10,19 50 48.0481,+47 51 49.4956,540.219,0.87,0.83,-0.02,5322.0,,Confirmed planets
WASP-90 b,0,0.63,1.63,3.916243,0.0562,,,,,82.1,1840.0,,transit,2013.0,13/10/22,21 02 07.6771,+07 03 22.5172,340.0,1.55,1.98,0.11,6430.0,,Confirmed planets
HD 155358 b,0,0.85,,194.3,0.64,0.17,,,,,377.6,,RV,2007.0,12/02/04,17 09 34.6179,+33 21 21.0864,43.0,0.92,,-0.51,5900.0,,Confirmed planets
HD 155358 c,0,0.82,,391.9,1.02,0.16,,,,,299.1,,RV,2007.0,12/02/04,17 09 34.6179,+33 21 21.0864,43.0,0.92,,-0.51,5900.0,,Confirmed planets
HD 102272 b,0,5.9,,127.58,0.614,0.05,,,,,877.6,,RV,2008.0,08/06/12,11 46 23.5354,+14 07 26.3538,360.0,1.9,10.1,0.26,4908.0,,Confirmed planets
HD 102272 c,0,2.6,,520.0,1.57,0.68,,,,,530.8,,RV,2008.0,08/06/12,11 46 23.5354,+14 07 26.3538,360.0,1.9,10.1,0.26,4908.0,,Confirmed planets
HD 25171 b,0,0.95,,1845.0,3.02,0.08,,,,,169.7,,RV,2010.0,10/12/20,03 55 49.4402,-65 11 12.0291,55.0,1.09,1.18,-0.11,6160.0,,Confirmed planets
OGLE-2016-BLG-1190L b,0,13.38,,1220.0,2.17,0.42,,,,41.2,,,microlensing,2017.0,17/01/01,17 58 52.30,-27 36 48.8,6800.0,0.88,,,,,Confirmed planets
HD 88133 b,0,0.22,,3.416,0.047,0.133,,,,,1550.6,,RV,2004.0,09/10/06,10 10 07.6764,+18 11 12.7321,74.5,1.2,1.93,0.34,5494.0,,Confirmed planets
HD 76700 b,0,0.197,,3.971,0.049,0.0,,,,,1315.4,,RV,2002.0,10/12/29,08 53 55.5158,-66 48 03.5742,59.7,1.0,1.33,0.14,5726.0,,Confirmed planets
KMT-2018-BLG-1025L b,0,0.01906,0.208,,1.305,,,,,,,,microlensing,2021.0,21/10/03,17 59 28,-27 52 41,6705.0,0.22,,,,,Confirmed planets
HD 60292 b,0,6.5,,495.4,1.5,0.27,83.5,,,,,,RV,2020.0,20/12/11,07 38 28.8262,+66 14 06.5996,318.5,1.7,27.0,-0.17,4348.0,,Confirmed planets
Kepler-1345 b,0,,0.211,44.6169557,,,,,,,,,transit,2016.0,16/05/10,19 29 54.7084,+46 01 22.2008,1410.24,1.32,1.55,0.04,6449.0,,Confirmed planets
KOI-4878 b,0,,0.092783,449.01499,1.137,,,,,89.95,258.0,,transit,2015.0,20/10/04,19 04 54.7475,+50 00 48.8083,347.814,0.972,1.068,-0.22,6031.0,,Kepler Objects of Interest
K2-108 b,0,0.187,0.471,4.73401,0.0573,0.18,,,,,,,transit,2016.0,17/02/02,08 13 31.6510,+16 25 10.6097,262.4,1.121,1.75,0.33,5474.0,7.8,Confirmed planets
38 Vir b,0,4.51,,825.9,1.82,0.03,,,,,,,RV,2016.0,17/02/20,12 53 11.1564,-03 33 11.1481,33.3,1.18,1.45,0.07,6557.0,1.9,Confirmed planets
TOI-913 b,0,0.0207,0.219,11.098644,,,,,,89.1,712.01,,transit,2023.0,23/10/15,15 38 17,-80 48 12,65.1769,0.82,0.73,-0.133,4969.0,,Confirmed planets
HD 215152 b,0,0.00572,,5.75999,0.057638,0.0,,,,,,,RV,2018.0,18/02/22,22 43 21.3028,-06 24 02.9557,21.61,0.77,0.73,-0.1,4935.0,,Confirmed planets
HD 215152 c,0,0.00541,,7.28243,0.067393,0.0,,,,,,,RV,2018.0,18/02/22,22 43 21.3028,-06 24 02.9557,21.61,0.77,0.73,-0.1,4935.0,,Confirmed planets
HD 215152 d,0,0.00881,,10.86499,0.08799,0.0,,,,,,,RV,2018.0,18/02/22,22 43 21.3028,-06 24 02.9557,21.61,0.77,0.73,-0.1,4935.0,,Confirmed planets
HD 215152 e,0,0.00905,,25.1967,0.15417,0.0,,,,,,,RV,2018.0,18/02/22,22 43 21.3028,-06 24 02.9557,21.61,0.77,0.73,-0.1,4935.0,,Confirmed planets
OGLE-2018-BLG-0298 b,0,0.14,,,2.86,,,,,,,,microlensing,2022.0,22/06/24,17 37 08.00,-29 42 33.00,6540.0,0.69,,,,,Confirmed planets
GJ 180 b,0,0.02042,,17.133,0.092,0.07,276.0,,,,,,RV,2014.0,20/02/13,04 53 49.9799,-17 46 24.3092,11.94,0.43,,,,,Confirmed planets
GJ 180 c,0,0.02014,,24.329,0.129,0.09,230.0,,,,,,RV,2014.0,19/10/10,04 53 49.9799,-17 46 24.3092,11.94,0.43,,,,,Confirmed planets
GJ 180 d,0,0.02379,,106.3,0.309,0.14,155.0,,,,,,RV,2020.0,20/02/13,04 53 49.9799,-17 46 24.3092,11.94,0.43,,,,,Confirmed planets
Kepler-1033 b,0,,0.224,7.56052806,,,,,,,,,transit,2016.0,16/05/10,18 55 22.8322,+44 36 32.7207,1518.14,0.94,0.92,0.06,5547.0,,Confirmed planets
Kepler-600 b,0,,0.259,23.67517607,,,,,,,,,transit,2016.0,16/05/10,18 55 19.9329,+41 58 43.0924,630.955,0.84,0.81,-0.09,5279.0,,Confirmed planets
Kepler-190 b,0,,0.14216,2.019999,,,,,,,,,transit,2014.0,14/02/26,19 14 20.1671,+44 44 01.6411,470.3,0.802,0.795,,5106.0,,Confirmed planets
Kepler-190 c,0,,0.13305,3.763024,,,,,,,,,transit,2014.0,14/02/26,19 14 20.1671,+44 44 01.6411,470.3,0.802,0.795,,5106.0,,Confirmed planets
EPIC 201855371 b,0,,0.205,17.96753,0.119,,,,,89.4,487.0,,transit,2015.0,18/07/24,11 53 19.1469,+06 24 44.1066,134.0,0.71,0.66,0.15,4320.0,,Confirmed planets
Kepler-1679 b,0,,0.185,9.75376,,,,,,,,,transit,2020.0,20/09/03,19 35 36,+50 25 37,932.63,,0.9,,5358.25,,Confirmed planets
BD+20 1790 b,0,6.37,,7.78287,0.066,0.22,262.0,,,50.41,,,RV,2015.0,15/11/23,07 23 43.5892,+20 24 58.6545,25.4,0.63,,0.3,4410.0,,Confirmed planets
K2-414 b,0,0.00622,0.109,4.3696,0.0487,,,,,90.005,,,transit,2022.0,23/02/22,23 26 33,-04 36 24,260.036,0.81,0.73,-0.102,4343.0,,Confirmed planets
K2-414 c,0,0.0138,0.172,6.669,0.0552,,,,,89.997,,,transit,2022.0,23/02/22,23 26 33,-04 36 24,260.036,0.81,0.73,-0.102,4343.0,,Confirmed planets
Kepler-586 b,0,,0.249,2.10472218,,,,,,,,,transit,2016.0,16/05/10,19 32 13.7346,+45 33 04.1770,707.814,0.94,0.92,0.0,5575.0,,Confirmed planets
HAT-P-54 b,0,0.76,0.944,,0.04117,,,,,87.04,818.0,,transit,2014.0,14/04/18,06 39 35.5182,+25 28 57.1570,135.8,0.645,0.617,-0.127,4390.0,3.9,Confirmed planets
TOI-969 b,0,0.02863,0.247,1.8237305,0.02636,,,,,86.75,941.0,,transit,2022.0,23/02/22,07 40 33,+02 05 55,77.2554,0.73,0.67,0.175,4435.0,,Confirmed planets
TOI-969 c,0,11.3,1.11,1700.0,2.52,0.628,208.5,,,,96.4,,RV,2022.0,23/02/22,07 40 33,+02 05 55,77.2554,0.73,0.67,0.175,4435.0,,Confirmed planets
Kepler-919 b,0,,0.201,11.04603384,,,,,,,,,transit,2016.0,16/05/10,19 52 27.5480,+48 29 39.8515,1155.94,1.15,1.21,0.07,6113.0,,Confirmed planets
Kepler-1201 b,0,,0.204,15.18725932,,,,,,,,,transit,2016.0,16/05/10,19 38 27.5585,+40 49 59.3624,970.026,1.15,1.24,0.03,6177.0,,Confirmed planets
Kepler-1425 b,0,,0.084,14.4541302,,,,,,,,,transit,2016.0,16/05/10,19 39 48.2487,+43 00 44.7571,885.818,0.97,0.95,-0.03,5718.0,,Confirmed planets
Kepler-1826 b,0,0.00874,0.132,1.61536002,0.0213,0.0,,,,78.69,806.0,,transit,2021.0,22/09/15,19 31 05,+48 53 59,336.952,0.49,0.49,-0.28,3821.0,,Confirmed planets
K2-191 b,0,,0.141,2.85865,,,,,,87.1,,,transit,2018.0,18/07/24,13 26 33.4003,-12 48 23.6249,297.5,0.901,0.84,0.31,,,Confirmed planets
Kepler-1574 b,0,,0.115,6.9424334,,,,,,,,,transit,2016.0,16/05/10,19 28 38.0765,+49 38 15.9888,1441.34,1.06,1.08,0.08,5892.0,,Confirmed planets
Kepler-1685 b,0,,0.23,20.4905,,,,,,,,,transit,2020.0,20/09/03,19 44 45,+43 56 13,1178.83,,0.79,,5378.58,,Confirmed planets
Kepler-543 b,0,,0.223,13.89961966,,,,,,,,,transit,2016.0,16/05/10,19 08 52.4930,+38 51 45.0363,223.229,0.7,0.67,-0.19,4671.0,,Confirmed planets
DMPP-1 b,0,0.07636,,18.57,0.1462,0.083,,,,,877.0,,RV,2019.0,20/01/30,05 47 06.2667,-10 37 48.8282,62.0,1.21,1.26,,6196.0,,Confirmed planets
DMPP-1 c,0,0.0302,,6.584,0.0733,0.057,,,,,1239.0,,RV,2019.0,20/01/30,05 47 06.2667,-10 37 48.8282,62.0,1.21,1.26,,6196.0,,Confirmed planets
DMPP-1 d,0,0.01054,,2.882,0.0422,0.07,,,,,1632.0,,RV,2019.0,20/01/30,05 47 06.2667,-10 37 48.8282,62.0,1.21,1.26,,6196.0,,Confirmed planets
DMPP-1 e,0,0.01299,,5.516,0.0651,0.07,,,,,1314.0,,RV,2019.0,20/01/30,05 47 06.2667,-10 37 48.8282,62.0,1.21,1.26,,6196.0,,Confirmed planets
K2-147 b,0,,0.123,0.961917,0.0159,,,,,,,,transit,2018.0,18/02/01,19 35 19.9648,-28 29 52.2232,88.0,0.58,0.55,0.19,3672.0,,Confirmed planets
Kepler-1236 b,0,,0.191,31.0571618,,,,,,,,,transit,2016.0,16/05/10,19 42 29.9334,+42 32 45.1689,1027.54,0.86,0.82,-0.09,5337.0,,Confirmed planets
Kepler-148 c,0,,0.32807,4.180043,,,,,,,,,transit,2014.0,14/02/26,19 19 08.6833,+46 51 31.7383,934.81,0.777,0.851,,5272.0,,Confirmed planets
Kepler-148 b,0,,0.16403,1.729366,,,,,,,,,transit,2014.0,14/02/26,19 19 08.6833,+46 51 31.7383,934.81,0.777,0.851,,5272.0,,Confirmed planets
Kepler-148 d,0,,0.774,51.84688575,,,,,,,,,transit,2016.0,16/05/10,19 19 08.6833,+46 51 31.7383,934.81,0.777,0.851,,5272.0,,Confirmed planets
HD 145377 b,0,5.76,,103.95,0.45,0.307,138.1,,,,,,RV,2008.0,15/11/17,16 11 36.44543,-27 04 41.4286,55.0,1.12,1.14,0.12,6046.0,1.3,Confirmed planets
K2-211 b,0,,0.1222,0.669558,,,,,,82.0,,,transit,2018.0,18/07/24,01 24 25.4277,+01 42 17.8334,272.0,0.882,0.816,0.11,,,Confirmed planets
Kepler-1827 b,0,0.0129,0.166,3.70061994,0.0455,0.0,,,,79.31,1329.0,,transit,2021.0,22/02/01,19 29 01,+40 47 34,686.461,0.92,1.4,0.08,5423.0,,Confirmed planets
HD 39194 b,0,0.0117,,5.6363,0.0519,0.2,,,,,881.3,,RV,2011.0,11/09/12,05 44 31.9183,-70 08 36.8567,25.9,,,,5150.0,,Confirmed planets
HD 39194 c,0,0.0187,,14.025,0.0954,0.11,,,,,651.2,,RV,2011.0,11/09/12,05 44 31.9183,-70 08 36.8567,25.9,,,,5150.0,,Confirmed planets
HD 39194 d,0,0.0162,,33.941,0.172,0.2,,,,,484.1,,RV,2011.0,11/09/12,05 44 31.9183,-70 08 36.8567,25.9,,,,5150.0,,Confirmed planets
WASP-61 b,0,2.06,1.24,3.8559,0.0514,0.0,,,,89.35,1417.5,,transit,2011.0,12/04/24,05 01 11.9187,-26 03 14.9667,480.0,1.22,1.36,-0.1,6250.0,,Confirmed planets
K2-30 b,0,0.624,1.196,4.098507,0.04986,0.027,120.0,,,86.32,,,transit,2016.0,16/06/07,03 29 22.0746,+22 17 57.8741,336.3,0.984,0.941,0.136,5581.0,,Confirmed planets
Kepler-413 b,1,0.210762,0.396143,66.262,,0.118,94.6,3.139,,4.073,,,transit,2014.0,14/01/29,19 14 03,+51 09 45,,,,,,,"Confirmed planets, Planets in binary systems, P-type"
Kepler-434 b,0,2.86,1.13,12.8747099,0.1143,,,,,86.46,1000.0,,transit,2015.0,15/01/07,19 34 20.7343,+42 45 44.08,1240.0,1.198,1.38,0.35,5970.0,,Confirmed planets
Kepler-509 b,0,,0.222,41.74600392,,,,,,,,,transit,2016.0,16/05/10,19 18 39.4603,+48 42 22.2876,335.616,1.1,1.2,0.01,6060.0,,Confirmed planets
CoRoTID 223977153 b,0,0.15,0.57,6.71837,0.071,,,,,89.0,938.0,,transit,2017.0,17/09/15,06 40 47,+09 15 27,586.2,1.08,0.79,0.0,5970.0,,Confirmed planets
Kepler-37 b,0,,0.027,13.367308,0.1003,0.08,,,,88.63,,,transit,2013.0,15/06/09,18 56 14.3077,+44 31 05.3892,66.0,0.803,0.77,-0.32,5417.0,6.0,Confirmed planets
Kepler-37 c,0,,0.0662,21.301886,0.1368,0.09,,,,89.07,,,transit,2013.0,15/06/09,18 56 14.3077,+44 31 05.3892,66.0,0.803,0.77,-0.32,5417.0,6.0,Confirmed planets
Kepler-37 d,0,,0.181349,39.792187,0.2076,0.15,,,,89.335,,,transit,2013.0,15/06/09,18 56 14.3077,+44 31 05.3892,66.0,0.803,0.77,-0.32,5417.0,6.0,Confirmed planets
Kepler-37 e,0,,,51.196,0.2508,,,,,,,,timing,2014.0,15/03/18,18 56 14.3077,+44 31 05.3892,66.0,0.803,0.77,-0.32,5417.0,6.0,Confirmed planets
WASP-136 b,0,1.51,1.38,5.215357,0.0661,,,,,84.7,,,transit,2016.0,16/07/27,00 01 18.1800,-08 55 34.6537,164.0,1.51,1.38,,6260.0,3.62,Confirmed planets
HD 170469 b,0,0.67,,1145.0,2.24,0.11,,,,,188.9,,RV,2007.0,07/10/31,18 29 10.9812,+11 41 43.7984,64.97,1.14,1.22,0.3,5810.0,,Confirmed planets
HD 125390 b,0,22.16,,1756.2,3.16,0.591,342.4,,,,,,RV,2019.0,19/11/07,14 18 09.3182,+38 58 01.1355,154.33,1.36,6.47,,4850.0,,Confirmed planets
OGLE-2012-BLG-0724L b,0,0.47,,,,,,,,,,,microlensing,2016.0,18/09/20,17 55 52.39,-29 49 06.7,6700.0,0.29,,,,,Confirmed planets
K2-287 b,0,0.315,0.847,14.893291,0.1206,0.478,10.1,,,88.13,804.0,,transit,2018.0,19/01/10,15 32 17.8467,-22 21 29.7634,159.05,1.06,1.07,0.2,5695.0,,Confirmed planets
Kepler-1077 b,0,,0.247,34.3511874,,,,,,,,,transit,2016.0,16/05/10,19 24 08.0729,+42 16 04.3074,1137.01,1.02,1.02,0.03,5816.0,,Confirmed planets
HATS-3 b,0,1.138,1.697,3.547849,0.0497,0.253,134.0,,,84.3,1816.0,,transit,2013.0,13/06/04,20 49 49.7852,-24 25 43.5398,556.0,1.3,1.725,-0.157,6351.0,3.1,Confirmed planets
GJ 357 b,0,0.00579,0.109,3.93072,0.035,,,,,89.12,525.0,,transit,2019.0,19/08/15,09 36 01.6372,-21 39 38.8782,9.44,0.34,0.34,-0.12,3505.0,,Confirmed planets
GJ 357 c,0,0.0107,,9.1247,0.061,,,,,,401.0,,RV,2019.0,19/08/01,09 36 01.6372,-21 39 38.8782,9.44,0.34,0.34,-0.12,3505.0,,Confirmed planets
GJ 357 d,0,0.01919,,55.661,0.204,,,,,,220.0,,RV,2019.0,19/08/01,09 36 01.6372,-21 39 38.8782,9.44,0.34,0.34,-0.12,3505.0,,Confirmed planets
Kepler-1157 b,0,,0.097,4.45743164,,,,,,,,,transit,2016.0,16/05/10,18 52 29.0519,+43 31 32.3035,345.543,0.76,0.71,0.05,4679.0,,Confirmed planets
Kepler-678 b,0,,0.459,7.27503724,,,,,,,,,transit,2016.0,16/05/10,19 41 49.2708,+50 29 40.3706,1927.53,0.94,0.91,0.07,5520.0,,Confirmed planets
Qatar-8 b,0,0.371,1.285,3.71495,0.0474,0.0,,,,89.29,1457.0,,transit,2019.0,19/05/02,10 29 39,+70 31 38,276.7,1.03,1.31,0.025,5738.0,,Confirmed planets
HD 222155 b,0,1.9,,3999.0,5.1,0.16,,,,,145.2,,RV,2012.0,12/05/25,23 38 00.3072,+48 59 47.4864,49.1,1.13,1.67,-0.11,5765.0,,Confirmed planets
Kepler-1933 b,0,0.00553,0.105,4.94329023,0.0561,0.0,,,,79.91,1058.0,,transit,2021.0,22/02/01,18 55 59,+39 55 01,328.007,0.96,1.01,0.1,5661.0,,Confirmed planets
TOI-2842 b,0,0.37,1.146,3.5514058,0.0475,0.0,,,,84.42,1471.0,,transit,2023.0,23/10/15,07 12 11,-10 38 22,460.995,1.14,1.27,0.233,5910.0,,Confirmed planets
alf Ari b,0,1.8,,380.8,1.2,0.25,89.16,,,,,,RV,2011.0,15/11/17,02 07 10.40570,+23 27 44.7032,20.18,1.5,13.9,-0.09,4553.0,,Confirmed planets
KMT-2019-BLG-1367L b,0,0.01284,0.165,,1.7,,,,,,,,microlensing,2023.0,23/10/15,18 09 53,-29 45 44,4670.0,0.25,,,,,Confirmed planets
Kepler-679 b,0,,0.269,12.39358604,,,,,,,,,transit,2016.0,16/05/10,19 44 05.1220,+50 34 04.0039,946.79,0.87,0.84,-0.09,5403.0,,Confirmed planets
K2-154 b,0,,0.178,3.67626,0.0405,,,,,,715.0,,transit,2018.0,18/07/12,12 36 00.3633,-02 40 10.1022,129.8,0.65,0.63,0.21,4097.0,,Confirmed planets
K2-154 c,0,,0.185,7.95486,0.0677,,,,,,552.0,,transit,2018.0,18/07/12,12 36 00.3633,-02 40 10.1022,129.8,0.65,0.63,0.21,4097.0,,Confirmed planets
Kepler-351 c,0,,0.29071,57.24809,,,,,,,,,transit,2014.0,14/02/26,19 05 48.6589,+42 39 28.3198,1448.51,,0.854,,5643.0,,Confirmed planets
Kepler-351 b,0,,0.27886,37.054919,,,,,,,,,transit,2014.0,14/02/26,19 05 48.6589,+42 39 28.3198,1448.51,,0.854,,5643.0,,Confirmed planets
Kepler-351 d,0,,0.243,142.544247,,,,,,,,,transit,2016.0,16/05/10,19 05 48.6589,+42 39 28.3198,1448.51,,0.854,,5643.0,,Confirmed planets
Kepler-1038 b,0,,0.315,148.4603382,,,,,,,,,transit,2016.0,16/05/10,19 55 53.3289,+44 07 56.5656,593.93,0.87,0.83,-0.04,5335.0,,Confirmed planets
Kepler-452 b,0,,0.148542,384.843,1.046,,,,,89.806,265.0,,transit,2015.0,15/07/23,19 44 00.8860,+44 16 39.1704,430.0,1.037,1.11,0.21,5757.0,6.0,Confirmed planets
HD 45350 b,0,1.79,,890.76,1.92,0.778,,,,,197.0,,RV,2004.0,10/12/22,06 28 45.7111,+38 57 46.6628,49.0,1.02,1.27,0.29,5754.0,,Confirmed planets
Kepler-931 b,0,,0.119,8.03755877,,,,,,,,,transit,2016.0,16/05/10,19 48 31.8358,+42 46 05.6863,,0.86,0.81,-0.01,5241.0,,Confirmed planets
HIP 75092 b,0,1.79,,926.4,2.02,0.42,262.4,,,,,,RV,2021.0,21/03/29,15 20 41.4182,-25 59 25.3948,81.86,1.28,4.53,-0.01,4891.0,,Confirmed planets
Kepler-646 b,0,,0.178,15.87364565,,,,,,,,,transit,2016.0,16/05/10,19 21 53.1200,+44 23 13.4153,457.75,0.93,0.91,-0.07,5634.0,,Confirmed planets
Kepler-1008 b,0,,0.114,12.43931193,,,,,,,,,transit,2016.0,16/05/10,19 46 11.4123,+44 56 30.8693,284.892,0.81,0.78,-0.01,5066.0,,Confirmed planets
Kepler-149 b,0,,0.38366,29.198943,,,,,,,,,transit,2014.0,14/02/26,19 03 24.8909,+38 23 02.8100,588.12,0.909,0.953,,5381.0,,Confirmed planets
Kepler-149 d,0,,0.36088,160.018032,,,,,,,,,transit,2014.0,14/02/26,19 03 24.8909,+38 23 02.8100,588.12,0.909,0.953,,5381.0,,Confirmed planets
Kepler-149 c,0,,0.14672,55.328328,,,,,,,,,transit,2014.0,14/02/26,19 03 24.8909,+38 23 02.8100,588.12,0.909,0.953,,5381.0,,Confirmed planets
Kepler-191 c,0,,0.1695,17.738506,,,,,,,,,transit,2014.0,14/02/26,19 24 44.0051,+45 19 23.3974,680.33,0.828,0.789,,5282.0,,Confirmed planets
Kepler-191 b,0,,0.12211,9.939632,,,,,,,,,transit,2014.0,14/02/26,19 24 44.0051,+45 19 23.3974,680.33,0.828,0.789,,5282.0,,Confirmed planets
Kepler-191 d,0,,0.203,5.94504102,,,,,,,,,transit,2016.0,16/05/10,19 24 44.0051,+45 19 23.3974,680.33,0.828,0.789,,5282.0,,Confirmed planets
Kepler-1517 b,0,,0.871,5.54608367,,,,,,,,,transit,2016.0,16/05/10,19 11 13.7297,+43 11 19.6733,868.357,1.58,1.95,0.01,7010.0,,Confirmed planets
Kepler-380 b,0,,0.10845,3.930821,,,,,,,,,transit,2014.0,14/02/26,18 49 34.7111,+48 45 32.8516,811.74,1.11,1.224,,6045.0,,Confirmed planets
Kepler-380 c,0,,0.11574,7.630004,,,,,,,,,transit,2014.0,14/02/26,18 49 34.7111,+48 45 32.8516,811.74,1.11,1.224,,6045.0,,Confirmed planets
Kepler-683 b,0,,0.176,2.53918318,,,,,,,,,transit,2016.0,16/05/10,19 25 45.5973,+37 54 20.3743,1053.19,0.96,0.95,-0.03,5703.0,,Confirmed planets
Kepler-991 b,0,,0.227,82.5342519,,,,,,,,,transit,2016.0,16/05/10,19 48 21.7558,+49 37 35.6026,393.949,0.64,0.61,-0.25,4392.0,,Confirmed planets
Kepler-740 b,0,,0.408,3.58410122,,,,,,,,,transit,2016.0,16/05/10,19 05 55.7371,+46 41 32.8950,1503.99,0.91,0.87,0.03,5438.0,,Confirmed planets
K2-281 b,0,,0.73,8.687721,0.0773,,,,,,665.0,,transit,2018.0,18/10/26,01 04 54.5697,+07 16 09.1656,466.11,0.82,0.76,0.22,4812.0,,Confirmed planets
Kepler-1189 b,0,,0.158,3.78858982,,,,,,,,,transit,2016.0,16/05/10,19 53 42.3280,+47 56 48.4507,800.769,1.11,1.16,0.08,6012.0,,Confirmed planets
Kepler-399 d,0,,0.17224,58.034616,,,,,,,,,transit,2014.0,14/02/26,19 58 00.4150,+40 40 14.8840,543.74,0.927,0.68,,5502.0,,Confirmed planets
Kepler-399 b,0,,0.08749,14.425281,,,,,,,,,transit,2014.0,14/02/26,19 58 00.4150,+40 40 14.8840,543.74,0.927,0.68,,5502.0,,Confirmed planets
Kepler-399 c,0,,0.13032,26.67569,,,,,,,,,transit,2014.0,14/02/26,19 58 00.4150,+40 40 14.8840,543.74,0.927,0.68,,5502.0,,Confirmed planets
2MASS J0642+4101,0,12.0,1.23,,,,,,,,1124.0,,imaging,2022.0,22/01/23,06 42 05.59,+41 01 60.00,16.1,,,,,,Confirmed planets
TOI-4342 b,0,,0.20216,5.5382498,0.05251,,,,,89.13,633.6,,transit,2023.0,23/01/08,21 37 33.48,-77 58 44.97,61.543,0.6296,0.599,,3901.0,,Confirmed planets
TOI-4342 c,0,,0.21545,10.688716,0.0814,,,,,89.63,509.0,,transit,2023.0,23/01/08,21 37 33.48,-77 58 44.97,61.543,0.6296,0.599,,3901.0,,Confirmed planets
Kepler-9 b,0,0.25,0.84,19.22418,0.143,0.0626,,,,87.1,707.2,,transit,2010.0,15/12/03,19 02 17.7544,+38 24 03.1772,650.0,1.07,1.02,0.12,5777.0,,Confirmed planets
Kepler-9 c,0,0.17,0.82,39.03106,0.229,0.0684,,,,87.2,557.9,,transit,2010.0,15/12/03,19 02 17.7544,+38 24 03.1772,650.0,1.07,1.02,0.12,5777.0,,Confirmed planets
Kepler-9 d,0,0.022,0.147,1.592851,0.0271,,,,,,1601.5,,transit,2010.0,14/03/10,19 02 17.7544,+38 24 03.1772,650.0,1.07,1.02,0.12,5777.0,,Confirmed planets
HD 43197 b,0,0.6,,327.8,0.92,0.83,,,,,239.6,,RV,2009.0,10/09/08,06 13 35.6616,-29 53 50.1517,54.9,0.96,1.0,0.4,5508.0,,Confirmed planets
Kepler-14 b,0,8.4,1.136,6.790123,,0.035,,,,90.0,,,transit,2011.0,11/06/29,19 10 50.1101,+47 19 58.8763,980.0,1.512,2.048,0.12,6395.0,,Confirmed planets
BD+60 1417 b,0,15.0,1.31,,1662.0,,,,,,1303.0,,imaging,2021.0,21/12/10,12 43 33.00,+69 00 51.84,44.957,1.0,0.797,,4993.0,,Confirmed planets
Kepler-319 c,0,,0.23967,6.941357,,,,,,,,,transit,2014.0,14/02/26,19 15 14.8707,+39 46 14.4039,542.69,0.96,0.903,,5526.0,,Confirmed planets
Kepler-319 d,0,,0.20869,31.781925,,,,,,,,,transit,2014.0,14/02/26,19 15 14.8707,+39 46 14.4039,542.69,0.96,0.903,,5526.0,,Confirmed planets
Kepler-319 b,0,,0.14854,4.362705,,,,,,,,,transit,2014.0,14/02/26,19 15 14.8707,+39 46 14.4039,542.69,0.96,0.903,,5526.0,,Confirmed planets
Kepler-36 b,0,0.01346359,0.13778,13.83988,0.1151,,,,,,978.8,,transit,2012.0,12/06/22,19 25 00.0430,+49 13 54.6312,436.937,1.071,1.619,,5911.0,,Confirmed planets
Kepler-36 c,0,0.02541726,0.33526835,16.23855,0.1283,,,,,,927.8,,transit,2012.0,12/06/22,19 25 00.0430,+49 13 54.6312,436.937,1.071,1.619,,5911.0,,Confirmed planets
K2-318 b,0,,0.148,7.01,0.0911,,,,,89.38,456.0,,transit,2020.0,20/09/03,15 29 47,-17 33 26,148.49,0.56,0.55,,3851.0,,Confirmed planets
Kepler-187 c,0,,0.24332,10.640263,,,,,,,,,transit,2014.0,14/02/26,19 59 11.1536,+44 05 21.4973,1106.61,1.0,1.287,,6105.0,,Confirmed planets
Kepler-187 b,0,,0.12849,4.938864,,,,,,,,,transit,2014.0,14/02/26,19 59 11.1536,+44 05 21.4973,1106.61,1.0,1.287,,6105.0,,Confirmed planets
HD 66141 b,0,6.0,,480.5,1.2,0.07,,,,,801.4,,RV,2012.0,12/11/12,08 02 15.9365,+02 20 04.4521,80.9,1.1,22.0,-0.36,4305.0,,Confirmed planets
KOI-135 b,0,3.23,1.22,3.02409309,0.0444,0.017,52.0,,,84.57,,,transit,2011.0,15/12/03,19 00 57.8034,+46 40 05.6648,1950.0,1.27,1.38,0.4,6050.0,2.3,Confirmed planets
Kepler-1028 b,0,,0.119,2.51462432,,,,,,,,,transit,2016.0,16/05/10,19 18 22.3469,+49 46 52.1844,618.735,0.9,0.87,-0.09,5522.0,,Confirmed planets
TOI-2570 b,0,0.82,1.217,2.9887615,0.04145,0.0,,,,87.73,1431.0,,transit,2022.0,22/09/15,05 48 45,+32 05 03,361.857,1.06,1.09,0.191,5771.0,,Confirmed planets
Kepler-913 b,0,,0.184,10.29672521,,,,,,,,,transit,2016.0,16/05/10,19 50 19.9442,+41 57 08.6153,1019.26,0.63,0.61,-0.52,4687.0,,Confirmed planets
HD 2952 b,0,1.6,,311.6,1.2,0.129,64.0,,,,,,RV,2013.0,13/04/17,00 33 10.3945,+54 53 41.9464,115.0,2.5,12.02,0.0,4844.0,,Confirmed planets
TOI-1452 b,0,0.01517,0.149,11.06201,0.061,0.0,90.0,,,89.77,326.0,,transit,2022.0,22/09/15,19 20 42,+73 11 42,30.5212,0.25,0.28,-0.07,3185.0,,Confirmed planets
WASP-3 b,2,2.06,1.454,1.8468372,0.0313,0.0,,,,85.06,1825.6,,transit,2007.0,11/06/23,18 34 32,+35 39 42,220.0,1.24,1.31,,6400.0,,"Confirmed planets, Planets in binary systems, S-type"
Kepler-1854 b,0,0.0227,0.231,39.83110046,0.2119,0.0,,,,89.89,420.0,,transit,2021.0,22/02/01,19 05 09,+37 23 13,423.348,0.8,0.76,0.0,5026.0,,Confirmed planets
K2-87 b,0,,0.678,9.726618,0.094,,,,,87.74,979.0,,transit,2016.0,19/01/31,04 24 56.6989,+18 49 38.7135,503.6,1.16,1.4,0.328,5747.0,,Confirmed planets
2M 2206-20 b,0,30.0,1.3,8686.0,4.48,0.0,,,,44.3,,,imaging,2010.0,12/01/20,22 06 22.802,-20 47 05.90,26.67,0.13,0.11,,2350.0,,Confirmed planets
Kepler-796 b,0,,0.116,6.40087618,,,,,,,,,transit,2016.0,16/05/10,19 09 13.8842,+39 08 41.0096,837.24,0.93,1.09,0.09,5475.0,,Confirmed planets
81 Cet b,0,5.3,,952.7,2.5,0.206,175.0,,,,,,RV,2008.0,15/09/20,02 37 42.80105,-03 23 46.2201,92.5,2.4,11.0,-0.06,4790.0,,Confirmed planets
Kepler-1586 b,0,,0.136,15.6049212,,,,,,,,,transit,2016.0,16/05/10,19 52 48.6208,+44 55 33.0196,561.482,1.45,1.75,0.06,6681.0,,Confirmed planets
2M 2140+16 b,0,20.0,0.92,7340.0,3.53,0.26,,,,46.2,,,imaging,2010.0,12/01/20,21 40 29,+16 25 18,25.0,0.08,0.1,,2300.0,,Confirmed planets
Kepler-954 b,0,,0.207,16.78176602,,,,,,,,,transit,2016.0,16/05/10,19 43 26.2521,+47 56 22.2669,217.165,0.82,0.76,0.02,4990.0,,Confirmed planets
Kepler-154 b,0,,0.20595,33.040532,,,,,,,,,transit,2014.0,14/02/26,19 19 07.3336,+49 53 47.5512,882.88,,1.001,,5690.0,,Confirmed planets
Kepler-154 c,0,,0.26883,62.303276,,,,,,,,,transit,2014.0,14/02/26,19 19 07.3336,+49 53 47.5512,882.88,,1.001,,5690.0,,Confirmed planets
Kepler-154 d,0,,0.343,20.54981883,,,,,,,,,transit,2016.0,16/05/10,19 19 07.3336,+49 53 47.5512,882.88,,1.001,,5690.0,,Confirmed planets
Kepler-154 e,0,,0.134,3.93276465,,,,,,,,,transit,2016.0,16/05/10,19 19 07.3336,+49 53 47.5512,882.88,,1.001,,5690.0,,Confirmed planets
Kepler-154 f,0,,0.134,9.91935684,,,,,,,,,transit,2016.0,16/05/10,19 19 07.3336,+49 53 47.5512,882.88,,1.001,,5690.0,,Confirmed planets
Kepler-307 b,0,0.023403,0.29162,10.416,,,,,,,,,transit,2013.0,16/01/13,19 51 10.8251,+40 25 03.6696,705.48,0.78,1.03,,5577.0,13.5,Confirmed planets
Kepler-307 c,0,0.011468,0.25516,13.084,,,,,,,,,transit,2013.0,16/01/13,19 51 10.8251,+40 25 03.6696,705.48,0.78,1.03,,5577.0,13.5,Confirmed planets
KOI-1576.03,0,,0.14854,23.34032,0.152,,,,,,640.0,,transit,2014.0,14/02/25,19 51 10.8251,+40 25 03.6696,705.48,0.78,1.03,,5577.0,13.5,Kepler Objects of Interest
KMT-2022-BLG-0440L b,0,0.04845,0.361,,1.9,,,,,,,,microlensing,2023.0,23/10/15,17 58 20,-32 17 43,3500.0,0.53,,,,,Confirmed planets
KMT-2021-BLG-2478L b,0,0.9,1.24,,1.85,,,,,,,,microlensing,2023.0,23/10/15,17 57 14,-29 06 07,2970.0,0.2,,,,,Confirmed planets
TOI-1052 c,0,0.10792,0.578,35.806,0.2263,0.237,-45.0,,,,719.0,,RV,2023.0,23/10/15,22 30 02,-75 38 48,129.804,1.2,1.26,0.14,6146.0,,Confirmed planets
TOI-1052 b,0,0.05317,0.256,9.139703,0.09103,0.18,-119.0,,,87.53,1135.0,,transit,2023.0,23/10/15,22 30 02,-75 38 48,129.804,1.2,1.26,0.14,6146.0,,Confirmed planets
TOI-1442 b,0,0.005,0.1044,,0.0071,,,,,,1072.0,,transit,2022.0,22/01/30,19 09 10.00,+74 10 20.00,41.2,0.29,0.31,,3330.0,,Confirmed planets
Kepler-1063 b,0,,0.133,14.07971466,,,,,,,,,transit,2016.0,16/05/10,19 22 06.4180,+38 08 34.7290,,1.09,1.14,0.09,5945.0,,Confirmed planets
Kepler-46 b,0,,0.65705,33.601528,0.1968,0.01,,,,89.038,543.0,,transit,2012.0,14/03/06,19 17 04.4928,+42 36 15.0408,855.0,0.82,0.79,0.41,5309.0,,Confirmed planets
Kepler-46 c,0,0.376,,57.011,0.2799,0.015,,,,87.4,455.0,,transit,2012.0,14/03/06,19 17 04.4928,+42 36 15.0408,855.0,0.82,0.79,0.41,5309.0,,Confirmed planets
Kepler-46 d,0,,0.14945,6.766589,0.067,,,,,88.24,793.0,,transit,2014.0,14/03/06,19 17 04.4928,+42 36 15.0408,855.0,0.82,0.79,0.41,5309.0,,Confirmed planets
OGLE-2018-BLG-1011L b,0,1.8,,,1.8,,,,,,,,microlensing,2019.0,19/09/12,17 56 03,-29 04 58,7100.0,0.18,,,,,Confirmed planets
OGLE-2018-BLG-1011L c,0,2.8,,,0.8,,,,,,,,microlensing,2019.0,19/09/12,17 56 03,-29 04 58,7100.0,0.18,,,,,Confirmed planets
Kepler-1243 b,0,,0.156,16.8320729,,,,,,,,,transit,2016.0,16/05/10,19 36 02.2694,+42 52 50.8012,774.833,0.96,0.94,0.01,5667.0,,Confirmed planets
Kepler-1264 b,0,,0.105,0.96852602,,,,,,,,,transit,2016.0,16/05/10,19 19 32.2576,+45 12 41.4642,820.21,0.99,0.98,-0.02,5791.0,,Confirmed planets
CoRoT-6 b,0,2.96,1.166,8.886593,0.0855,,,,,89.07,929.2,,transit,2009.0,10/01/11,18 44 17.4077,+06 39 47.5138,657.2,1.05,1.025,-0.2,6090.0,,Confirmed planets
Kepler-588 b,0,,0.235,4.22162536,,,,,,,,,transit,2016.0,16/05/10,18 57 01.7359,+47 41 20.2435,1252.98,1.01,1.0,0.0,5835.0,,Confirmed planets
Kepler-62 b,0,,0.1193806,5.714932,0.0553,,,,,89.2,750.0,,transit,2013.0,13/04/18,18 52 51.0518,+45 20 59.4000,368.0,0.69,0.63,-0.37,4925.0,7.0,Confirmed planets
Kepler-62 c,0,,0.049210359,12.4417,0.0929,,,,,89.7,578.0,,transit,2013.0,13/04/18,18 52 51.0518,+45 20 59.4000,368.0,0.69,0.63,-0.37,4925.0,7.0,Confirmed planets
Kepler-62 d,0,,0.177704,18.16406,0.12,,,,,89.7,510.0,,transit,2013.0,13/04/18,18 52 51.0518,+45 20 59.4000,368.0,0.69,0.63,-0.37,4925.0,7.0,Confirmed planets
Kepler-62 e,0,,0.14671977,122.3874,0.427,,,,,89.98,270.0,,transit,2013.0,13/04/18,18 52 51.0518,+45 20 59.4000,368.0,0.69,0.63,-0.37,4925.0,7.0,Confirmed planets
Kepler-62 f,0,,0.12849371,267.291,0.718,,,,,89.9,208.0,,transit,2013.0,13/04/18,18 52 51.0518,+45 20 59.4000,368.0,0.69,0.63,-0.37,4925.0,7.0,Confirmed planets
TOI-1181 b,0,1.18,1.3,2.103195,,,,,,87.0,,,transit,2022.0,22/05/05,19 48 52.00,+64 21 16.00,,1.38,1.9,,6260.0,,Confirmed planets
Kepler-485 b,0,,1.286,3.2432598,,,,,,,,,transit,2016.0,16/05/10,19 39 59.1150,+50 28 12.1941,1179.52,1.07,1.09,0.04,5958.0,,Confirmed planets
Kepler-1987 d,0,0.0238,0.291,5.64491415,0.0571,0.0,,,,88.57,744.0,,transit,2023.0,23/10/15,19 43 18,+42 56 36,595.683,0.8,0.71,0.12,4769.0,,Confirmed planets
Kepler-1987 e,0,0.0137,0.219,8.74292005,0.0765,0.0,,,,89.95,643.0,,transit,2023.0,23/10/15,19 43 18,+42 56 36,595.683,0.8,0.71,0.12,4769.0,,Confirmed planets
Kepler-1987 b,0,0.00642,0.135,2.345863,0.0318,0.0,,,,89.81,997.0,,transit,2023.0,23/10/15,19 43 18,+42 56 36,595.683,0.8,0.71,0.12,4769.0,,Confirmed planets
Kepler-1987 c,0,0.00733,0.151,3.64830183,0.0427,0.0,,,,89.75,860.0,,transit,2023.0,23/10/15,19 43 18,+42 56 36,595.683,0.8,0.71,0.12,4769.0,,Confirmed planets
Kepler-18 b,0,0.0217,0.179,3.504725,0.0447,,,,,84.92,1181.7,,transit,2011.0,11/10/05,19 52 19.0688,+44 44 46.8075,438.5,0.972,1.108,0.2,5383.0,,Confirmed planets
Kepler-18 c,0,0.054,0.49,7.64159,0.0752,,,,,87.68,911.1,,transit,2011.0,11/10/05,19 52 19.0688,+44 44 46.8075,438.5,0.972,1.108,0.2,5383.0,,Confirmed planets
Kepler-18 d,0,0.052,0.62,14.85888,0.1172,,,,,88.07,729.8,,transit,2011.0,11/10/05,19 52 19.0688,+44 44 46.8075,438.5,0.972,1.108,0.2,5383.0,,Confirmed planets
HATS-77 b,0,1.374,1.165,3.0876262,0.03607,,,,,88.44,828.0,,transit,2021.0,21/12/06,09 59 18.00,-27 23 34.00,414.0,0.655,0.643,0.253,4071.0,,Confirmed planets
Kepler-916 b,0,,0.157,32.2968798,,,,,,,,,transit,2016.0,16/05/10,19 23 56.0057,+45 58 23.8610,850.847,0.85,0.81,-0.05,5248.0,,Confirmed planets
Kepler-1692 b,0,,0.099,5.95966,,,,,,,,,transit,2020.0,20/09/03,19 07 42,+47 03 14,601.22,,0.94,,4935.73,,Confirmed planets
HD 185283 b,0,1.3,1.22,4060.0,4.6,0.07,281.0,,,91.0,,,RV,2023.0,23/10/15,19 41 18,-56 19 20,31.395,0.8,0.74,-0.06,4848.0,,Confirmed planets
Kepler-522 b,0,,0.616,38.58422849,,,,,,,,,transit,2016.0,16/05/10,19 12 36.9594,+44 04 07.7756,651.084,1.54,1.98,0.41,6392.0,,Confirmed planets
Kepler-1419 b,0,,0.255,42.5215895,,,,,,,,,transit,2016.0,16/05/10,19 29 01.1119,+37 58 17.0350,1562.01,1.01,1.01,0.04,5796.0,,Confirmed planets
WASP-132 b,0,0.41,0.87,7.133521,0.067,0.0,,,,89.6,,,transit,2016.0,16/07/11,14 30 26.1892,-46 50 27,120.0,0.8,0.74,0.22,4775.0,0.5,Confirmed planets
Kepler-1478 b,0,,0.154,26.0840594,,,,,,,,,transit,2016.0,16/05/10,19 32 39.6142,+41 44 46.4537,1946.66,1.04,1.06,0.03,5904.0,,Confirmed planets
K2-219 b,0,,0.1204,3.90129,,,,,,86.8,,,transit,2018.0,18/07/24,00 51 22.8638,+08 52 03.5010,280.5,1.022,1.19,0.13,,,Confirmed planets
K2-219 c,0,,0.1285,6.6677,,,,,,87.3,,,transit,2018.0,18/07/24,00 51 22.8638,+08 52 03.5010,280.5,1.022,1.19,0.13,,,Confirmed planets
K2-219 d,0,,0.2302,11.13728,,,,,,88.3,,,transit,2018.0,18/07/24,00 51 22.8638,+08 52 03.5010,280.5,1.022,1.19,0.13,,,Confirmed planets
Kepler-737 b,0,,0.175,28.59915399,,,,,,,,,transit,2016.0,16/05/10,19 27 27.0849,+46 25 45.2890,206.334,0.51,0.48,-0.24,3813.0,,Confirmed planets
Kepler-516 b,0,,0.512,24.85462415,,,,,,,,,transit,2016.0,16/05/10,19 42 26.1088,+38 44 08.6740,700.574,1.62,2.02,0.01,7099.0,,Confirmed planets
eps Tau b,0,7.6,,594.9,1.93,0.151,94.4,,,,,,RV,2007.0,15/12/11,04 28 36.99882,+19 10 49.5446,44.96,2.7,13.7,0.17,4901.0,,"Confirmed planets, Planets in open clusters"
Kepler-1609 b,0,,0.198,114.34219,,,,,,,,,transit,2016.0,16/05/10,19 20 35.1719,+39 39 56.9389,,1.18,1.27,0.1,6132.0,,Confirmed planets
Kepler-1530 b,0,,0.146,2.5904434,,,,,,,,,transit,2016.0,16/05/10,19 12 38.9945,+48 09 54.5067,496.894,0.92,0.88,0.03,5477.0,,Confirmed planets
Kepler-1530 c,0,,0.147,5.3227406,,,,,,,,,transit,2016.0,16/05/10,19 12 38.9945,+48 09 54.5067,496.894,0.92,0.88,0.03,5477.0,,Confirmed planets
Kepler-1920 b,0,0.0284,0.264,30.2541008,0.2043,0.0,,,,89.94,660.0,,transit,2021.0,22/02/01,19 24 15,+38 51 48,885.913,1.24,1.16,0.21,6277.0,,Confirmed planets
HD 121504 b,0,1.22,,63.33,0.33,0.03,,,,,502.8,,RV,2003.0,09/10/06,13 57 17.2384,-56 02 24.1563,44.37,1.18,,0.16,6075.0,,Confirmed planets
2MASS J01033563-5515561 A b,0,13.0,,,84.0,,,,,,,,imaging,2013.0,20/09/03,01 03 36,-55 15 56,47.2,0.19,,,,,Confirmed planets
Kepler-1772 b,0,0.0242,0.24,3.21509004,0.0418,0.0,,,,63.99,1155.0,,transit,2021.0,22/02/01,19 17 45,+39 16 13,871.564,0.94,0.93,0.12,5541.0,,Confirmed planets
HD 8574 b,0,2.11,,227.55,0.77,0.288,,,,,355.7,,RV,2003.0,09/10/08,01 25 12.5155,+28 34 00.1015,44.2,1.17,1.37,0.05,6080.0,,Confirmed planets
HD 104985 b,0,8.3,,199.505,0.95,0.09,203.5,,,,,,RV,2003.0,15/09/23,12 05 15.11890,+76 54 20.6475,97.1,2.3,11.0,-0.15,4877.0,,Confirmed planets
HD 9578 b,0,0.62,,494.0,,,,,,,,,RV,2009.0,10/12/06,01 33 17.1446,-38 14 42.0594,57.24,1.12,,0.11,5940.0,,Confirmed planets
Kepler-625 b,0,,0.178,7.75192492,,,,,,,,,transit,2016.0,16/05/10,19 28 36.1086,+39 38 15.2230,777.665,1.04,0.96,0.1,5789.0,,Confirmed planets
Kepler-625 c,0,,0.094,4.1653651,,,,,,,,,transit,2016.0,16/05/10,19 28 36.1086,+39 38 15.2230,777.665,1.04,0.96,0.1,5789.0,,Confirmed planets
K2-149 b,0,,0.146,11.332,0.083,,,,,,,,transit,2018.0,18/02/01,00 39 17.2527,+07 16 37.5360,118.0,0.59,0.57,0.11,3745.0,,Confirmed planets
HD 150706 b,0,2.71,,5894.0,6.7,0.38,,,,,,,RV,2002.0,12/05/25,16 31 17.5833,+79 47 23.1994,27.2,0.94,0.87,-0.13,5741.0,,Confirmed planets
Kepler-316 c,0,,0.10571,6.827766,,,,,,,,,transit,2014.0,14/02/26,19 23 18.2332,+44 11 02.7014,344.01,0.587,0.52,,4204.0,,Confirmed planets
Kepler-316 b,0,,0.0966,2.240508,,,,,,,,,transit,2014.0,14/02/26,19 23 18.2332,+44 11 02.7014,344.01,0.587,0.52,,4204.0,,Confirmed planets
EPIC 201445392 b,0,,0.319,10.35239,0.0856,,,,,86.42,,,transit,2015.0,15/12/06,11 19 10.4815,-00 17 03.7334,405.0,0.78,0.74,-0.02,4870.0,,Confirmed planets
EPIC 201445392 c,0,,0.215,5.06416,0.0532,,,,,86.7,,,transit,2015.0,15/07/07,11 19 10.4815,-00 17 03.7334,405.0,0.78,0.74,-0.02,4870.0,,Confirmed planets
PTFO 8-8695 b,0,,1.91,0.448413,0.008,,,,,61.8,,,transit,2012.0,17/11/28,05 25 07.5563,+01 34 24.3492,330.0,0.34,1.07,,3470.0,0.00268,Controversial
CVSO 30 c,0,4.7,1.63,,,,,,,,1600.0,,imaging,2016.0,17/11/28,05 25 07.5563,+01 34 24.3492,330.0,0.34,1.07,,3470.0,0.00268,Controversial
Kepler-96 b,0,,0.243318,16.2385,,,,,,,,,transit,2014.0,14/02/24,19 48 16.7136,+40 31 30.5223,128.0,1.0,1.02,0.04,5690.0,2.34,Confirmed planets
Kepler-1614 b,0,,0.133,3.9466141,,,,,,,,,transit,2016.0,16/05/10,18 59 29.1271,+49 46 33.1844,1232.89,0.79,0.76,-0.17,5121.0,,Confirmed planets
K2-133 e,0,,0.154,26.5841,0.1346,,,,,89.164,296.0,,transit,2019.0,19/05/23,04 40 35.6389,+25 00 36.0471,75.2,0.46,0.46,,3655.0,,Confirmed planets
K2-133 b,0,,0.12,3.07133,0.03194,,,,,87.6,,,transit,2017.0,19/05/23,04 40 35.6389,+25 00 36.0471,75.2,0.46,0.46,,3655.0,,Confirmed planets
K2-133 c,0,,0.143,4.86784,0.04341,,,,,88.21,,,transit,2017.0,19/05/23,04 40 35.6389,+25 00 36.0471,75.2,0.46,0.46,,3655.0,,Confirmed planets
K2-133 d,0,,0.179,11.02454,0.07487,,,,,89.4,,,transit,2017.0,19/05/23,04 40 35.6389,+25 00 36.0471,75.2,0.46,0.46,,3655.0,,Confirmed planets
OGLE-2018-BLG-1647L b,0,0.97,1.23,,1.36,,,,,,,,microlensing,2022.0,23/10/15,17 55 51,-31 49 01,7880.0,0.09,,,,,Confirmed planets
K2-251 b,0,,0.21,9.30075,0.0694,,,,,,437.0,,transit,2018.0,18/07/12,12 42 45.4062,-08 32 09.2580,147.7,0.52,0.49,-0.04,3717.0,,Confirmed planets
K2-339 b,0,0.0137,0.171,19.507428,,,,,,,508.0,,transit,2019.0,21/10/03,08 40 20,+18 41 34,360.36,0.74,0.72,-0.11,4857.0,,Confirmed planets
Kepler-1596 b,0,,0.17,66.373379,,,,,,,,,transit,2016.0,16/05/10,19 02 13.8043,+49 19 48.2702,,0.95,0.92,-0.11,5706.0,,Confirmed planets
K2-182 b,0,,0.2471,4.736884,,,,,,88.3,,,transit,2018.0,18/07/24,08 40 43.2796,+10 58 58.6012,156.6,0.847,0.79,-0.01,,,Confirmed planets
TOI-2497 b,0,5.21,1.0,10.655661,0.1167,0.196,338.0,,,88.11,1596.0,,transit,2022.0,22/05/13,06 00 15.00,+11 53 03.00,285.1,1.86,2.358,0.094,7360.0,,Confirmed planets
HAT-P-3 b,0,0.591,0.827,2.899703,0.03866,0.0,,,,87.07,1047.2,,transit,2007.0,13/05/29,13 44 22.5939,+48 01 43.2062,130.0,0.917,0.799,0.27,5224.0,,Confirmed planets
KIC 12557548 b,0,,,0.6535538,,,,,,,,,transit,2012.0,17/12/21,19 23 51.8899,+51 30 16.9835,618.544,0.666,0.66,-0.18,4550.0,,Confirmed planets
WASP-29 b,0,0.244,0.792,3.922727,0.0457,0.03,,,,88.8,910.6,,transit,2010.0,10/09/28,23 51 31.0840,-39 54 24.2599,80.0,0.825,0.846,0.11,4800.0,,Confirmed planets
Kepler-587 b,0,,0.199,10.94027841,,,,,,,,,transit,2016.0,16/05/10,19 14 40.9576,+47 23 56.9347,806.127,0.92,0.89,-0.05,5549.0,,Confirmed planets
KOI-3680.01,0,2.2,0.95,141.24164672,,,,,,,,,transit,2015.0,15/12/03,19 33 07.5832,+45 18 34.8217,946.611,1.0,0.91,-0.12,5926.0,,Confirmed planets
Gliese 581 b,0,0.049702,,5.3686,0.04061,,,,,,419.2,,RV,2005.0,14/07/04,15 19 26.8271,-07 43 20.1909,6.21,0.31,0.3,-0.135,3498.0,,Confirmed planets
Gliese 581 c,0,0.017301,,12.914,0.0721,,,,,,312.7,,RV,2007.0,14/07/04,15 19 26.8271,-07 43 20.1909,6.21,0.31,0.3,-0.135,3498.0,,Confirmed planets
Gliese 581 d,0,0.019,,66.64,0.22,0.25,,,,,181.0,,RV,2007.0,14/07/04,15 19 26.8271,-07 43 20.1909,6.21,0.31,0.3,-0.135,3498.0,,Retracted planet candidate
Gliese 581 e,0,0.0061,,3.149,0.02815,,,,,,500.8,,RV,2009.0,14/07/04,15 19 26.8271,-07 43 20.1909,6.21,0.31,0.3,-0.135,3498.0,,Confirmed planets
Gliese 581 f,0,0.0220199,,433.0,0.758,0.0,,,,,,,RV,2010.0,14/07/04,15 19 26.8271,-07 43 20.1909,6.21,0.31,0.3,-0.135,3498.0,,Retracted planet candidate
Gliese 581 g,0,0.0097516,,36.5,0.146,0.0,,,,,230.9,,RV,2010.0,14/07/04,15 19 26.8271,-07 43 20.1909,6.21,0.31,0.3,-0.135,3498.0,,Retracted planet candidate
HD 139357 b,0,9.76,,1125.7,2.36,0.1,235.4,,,,,,RV,2009.0,15/09/24,15 35 16.19886,+53 55 29.7129,118.2,1.35,11.47,-0.13,4700.0,3.07,Confirmed planets
Kepler-1440 b,0,,0.112,39.859484,,,,,,,,,transit,2016.0,16/05/10,19 01 23.2706,+48 18 44.0629,1152.34,0.98,0.96,0.04,5698.0,,Confirmed planets
HIP 107773 b,0,1.98,,144.3,0.72,0.09,,,,,,,RV,2015.0,15/05/25,21 50 00.12563,-64 42 45.1275,104.0,2.42,11.6,0.03,4945.0,,Confirmed planets
HAT-P-29 b,0,0.778,1.107,5.72318,0.0667,0.095,,,,87.1,1149.1,,transit,2011.0,13/05/29,02 12 31.4784,+51 46 43.5620,322.0,1.207,1.224,0.21,6087.0,,Confirmed planets
Kepler-204 b,0,,0.23056,14.400974,,,,,,,,,transit,2014.0,14/02/26,19 01 23.3239,+41 45 42.9266,854.31,1.05,1.238,,5812.0,,Confirmed planets
Kepler-204 c,0,,0.16312,25.660593,,,,,,,,,transit,2014.0,14/02/26,19 01 23.3239,+41 45 42.9266,854.31,1.05,1.238,,5812.0,,Confirmed planets
TOI-262 b,0,0.0155,0.185,11.14529,0.163,,,,,89.011,584.0,,transit,2023.0,23/10/15,02 10 08,-31 04 14,43.932,0.91,0.85,0.26,5310.0,,Confirmed planets
Kepler-816 b,0,,0.914,10.50682565,,,,,,,,,transit,2016.0,16/05/10,19 33 27.0765,+39 12 44.7703,1010.61,0.9,0.85,0.16,5286.0,,Confirmed planets
Kepler-675 b,0,,0.218,2.33743801,,,,,,,,,transit,2016.0,16/05/10,19 35 20.0044,+50 13 49.1730,678.426,0.79,0.75,-0.05,4945.0,,Confirmed planets
Kepler-431 b,0,,0.0682,6.803,0.0719,,,,,,,,transit,2015.0,15/03/18,18 44 26.9622,+43 13 40.0398,493.437,1.071,1.092,,6004.0,,Confirmed planets
Kepler-431 c,0,,0.0596,8.703,0.0847,,,,,,,,transit,2015.0,15/03/18,18 44 26.9622,+43 13 40.0398,493.437,1.071,1.092,,6004.0,,Confirmed planets
Kepler-431 d,0,,0.099,11.922,0.1045,,,,,,,,transit,2015.0,15/03/18,18 44 26.9622,+43 13 40.0398,493.437,1.071,1.092,,6004.0,,Confirmed planets
Kepler-308 b,0,,0.1932,9.694928,,,,,,,,,transit,2014.0,14/02/26,19 43 08.4407,+40 26 22.3636,1602.52,0.997,0.941,,5895.0,,Confirmed planets
Kepler-308 c,0,,0.19684,15.38231,,,,,,,,,transit,2014.0,14/02/26,19 43 08.4407,+40 26 22.3636,1602.52,0.997,0.941,,5895.0,,Confirmed planets
WASP-105 b,0,1.8,0.96,7.87288,0.075,0.0,,,,89.7,,,transit,2017.0,17/01/17,01 36 40.3525,-50 20 28,252.519,0.89,0.9,0.28,5070.0,,Confirmed planets
Kepler-1025 b,0,,0.177,37.3229493,,,,,,,,,transit,2016.0,16/05/10,18 58 02.4450,+43 57 41.9316,822.098,1.09,1.13,-0.03,6089.0,,Confirmed planets
KIC 8435766 b,0,0.005882,0.109356,0.35500744,,,,,,75.2,,,transit,2013.0,15/01/27,19 34 58.0139,+44 26 53.9573,124.8,0.83,0.74,-0.08,5121.0,0.625,Confirmed planets
KMT-2018-BLG-1996L b,0,1.09,1.23,,4.27,,,,,,,,microlensing,2021.0,21/10/03,17 54 43,-22 49 13,5910.0,0.69,,,,,Confirmed planets
Kepler-1842 b,0,0.0193,0.21,14.02639961,0.116,0.0,,,,88.86,822.0,,transit,2021.0,22/02/01,19 05 00,+42 22 42,923.551,1.06,1.13,0.06,5970.0,,Confirmed planets
TOI-3235 b,0,0.665,1.017,2.59261842,0.02709,0.029,,,,88.14,604.0,,transit,2023.0,23/10/15,13 49 54,-46 03 59,72.811,0.39,0.37,0.264,3388.8,,Confirmed planets
Kepler-1359 b,0,,0.252,59.4970952,,,,,,,,,transit,2016.0,18/02/17,19 18 09.3214,+41 53 34.0720,669.0,0.78,0.72,0.11,4709.0,2.34,Confirmed planets
KIC 6436029.02,0,,0.366,505.459,,,,,,89.661,,,transit,2013.0,18/02/17,19 18 09.3214,+41 53 34.0720,669.0,0.78,0.72,0.11,4709.0,2.34,Controversial
Kepler-352 c,0,,0.113,16.332995,,,,,,,,,transit,2014.0,14/02/26,19 59 35.1690,+46 03 07.1620,279.58,,0.781,,5212.0,,Confirmed planets
Kepler-352 b,0,,0.07837,10.05537,,,,,,,,,transit,2014.0,14/02/26,19 59 35.1690,+46 03 07.1620,279.58,,0.781,,5212.0,,Confirmed planets
Kepler-406 b,0,0.019975,0.130316,2.42629,,,,,,,,,transit,2014.0,14/02/24,19 27 23.5375,+44 58 05.7252,353.6,1.07,1.07,0.18,5538.0,5.84,Confirmed planets
Kepler-406 c,0,0.008525,0.077461,4.62332,,,,,,,,,transit,2014.0,14/02/24,19 27 23.5375,+44 58 05.7252,353.6,1.07,1.07,0.18,5538.0,5.84,Confirmed planets
TOI-3364 b,0,1.67,1.091,5.8768918,0.0675,0.0,,,,88.79,1264.0,,transit,2023.0,23/10/15,09 38 09,-49 20 07,277.899,1.19,1.42,0.387,5706.0,,Confirmed planets
Kepler-385 b,0,,0.244,10.043686,0.097,,,,,,,,transit,2014.0,14/05/14,19 37 21,+50 20 12,1493.94,,1.13,,6326.0,,Confirmed planets
Kepler-385 c,0,,0.271,15.163161,0.127,,,,,,,,transit,2014.0,14/05/14,19 37 21,+50 20 12,1493.94,,1.13,,6326.0,,Confirmed planets
Kepler-385 d,0,,0.234,56.4159,,,,,,,,,transit,2020.0,20/09/03,19 37 21,+50 20 12,1493.94,,1.13,,6326.0,,Confirmed planets
K2-119 b,0,,0.226,7.727283,0.0698,,,,,,666.0,,transit,2017.0,18/10/26,08 48 02.3359,+16 54 06.7063,369.66,0.76,0.71,-0.05,4740.0,,Confirmed planets
Kepler-1343 b,0,,0.172,3.35183158,,,,,,,,,transit,2016.0,16/05/10,19 37 10.6772,+50 43 31.3627,,0.95,0.93,-0.16,5759.0,,Confirmed planets
HD 72659 b,0,2.99,,3506.0,4.62,0.249,272.7,,,,,,RV,2002.0,17/12/10,08 34 03.1902,-01 34 05.5793,51.84,1.068,1.36,-0.02,5926.0,,Confirmed planets
GJ 367 b,0,0.001718,0.06406,0.321962,0.0071,,,,,80.75,,,transit,2021.0,21/12/02,09 44 29.8366,-45 46 35.4255,9.4152,,,,,,Confirmed planets
Kepler-736 b,0,,0.261,3.60147201,,,,,,,,,transit,2016.0,16/05/10,19 01 33.9197,+46 10 51.3587,1034.77,0.86,0.81,0.03,5217.0,,Confirmed planets
Kepler-1894 b,0,0.0059,0.107,2.76266003,0.0385,0.0,,,,87.48,1231.0,,transit,2021.0,22/02/01,19 42 21,+49 40 01,935.191,1.0,0.9,0.0,5772.0,,Confirmed planets
K2-398 b,0,0.0182,0.203,6.393025,,,,,,,,,transit,2022.0,22/03/01,10 46 56,+01 56 12,606.992,0.95,1.24,-0.257,5946.0,,Confirmed planets
K2-398 c,0,0.0718,0.455,18.787839,,,,,,,,,transit,2022.0,22/03/01,10 46 56,+01 56 12,606.992,0.95,1.24,-0.257,5946.0,,Confirmed planets
HATS-57 b,0,3.147,1.139,2.350621,0.03493,0.0,,,,87.88,1413.0,,transit,2018.0,18/12/18,04 03 47.6005,-19 03 24.3267,281.7,1.026,0.96,0.268,5587.0,2.5,Confirmed planets
EPIC 218916923 b,0,0.381,0.812,28.38229,0.1811,0.0,,,,89.55,,,transit,2017.0,17/02/03,19 16 15.9691,-17 54 38.4105,152.0,0.918,0.86,0.21,5287.0,1.8,Confirmed planets
Kepler-1553 b,0,,0.103,4.24261881,,,,,,,,,transit,2016.0,16/05/10,19 27 40.6021,+39 01 20.1310,706.464,0.85,0.81,-0.09,5288.0,,Confirmed planets
Kepler-1202 b,0,,0.262,28.6851324,,,,,,,,,transit,2016.0,16/05/10,19 29 09.7424,+44 39 11.6866,1215.36,1.03,1.04,0.06,5834.0,,Confirmed planets
Kepler-897 b,0,,0.213,8.0472642,,,,,,,,,transit,2016.0,16/05/10,19 22 20.8353,+51 41 44.9079,1589.07,1.03,1.04,0.04,5839.0,,Confirmed planets
HIP 89474 b,0,0.0299,,15.1479,0.1192,0.121,13.0,,,,,,RV,2021.0,21/05/31,18 15 32.4634,+45 12 33.5400,23.3189,,,,,,Confirmed planets
EPIC 212737443 b,0,,0.231,13.603,0.098,0.2,,,,89.071,536.0,,transit,2019.0,19/07/25,13 36 53.2097,-07 19 05.3513,347.45,0.69,0.67,-0.137,4684.0,,Confirmed planets
EPIC 212737443 c,0,,0.24,65.55,0.28,0.2,,,,89.63,316.0,,transit,2019.0,19/07/25,13 36 53.2097,-07 19 05.3513,347.45,0.69,0.67,-0.137,4684.0,,Confirmed planets
Kepler-1501 b,0,,0.139,14.5564533,,,,,,,,,transit,2016.0,16/05/10,19 19 40.4487,+42 00 05.1131,765.58,1.2,1.3,0.04,6229.0,,Confirmed planets
Kepler-1441 b,0,,0.117,39.4419839,,,,,,,,,transit,2016.0,16/05/10,19 34 52.5918,+43 07 28.4816,1146.92,1.0,1.0,0.01,5802.0,,Confirmed planets
KMT-2018-BLG-0087 b,0,0.23,,,0.87,,,,,,,,microlensing,2022.0,22/06/24,17 37 18.00,-27 49 55.00,7020.0,0.1,,,,,Confirmed planets
K2-216 b,0,,0.1499,2.174789,,,,,,87.0,,,transit,2018.0,18/07/24,00 45 55.2585,+06 20 49.1444,1159.0,0.699,0.666,-0.18,,,Confirmed planets
GJ 536 b,0,0.0169,,8.7076,0.06661,0.08,288.7,,,,,,RV,2016.0,16/11/08,14 01 03.1881,-02 39 17.5149,10.03,0.52,0.5,-0.08,3685.0,,Confirmed planets
42 Dra b,0,3.88,,479.1,1.19,0.38,218.7,,,,,,RV,2009.0,15/09/24,18 25 59.13734,+65 33 48.5288,96.5,0.98,22.03,-0.46,4200.0,9.49,Confirmed planets
TOI-540 b,0,,0.08056,1.239149,0.01223,,,,,86.8,611.0,,RV,2020.0,20/09/30,05 05 14.4,-47 56 15.5,14.0078,0.159,0.1895,,3216.0,1.05,Confirmed planets
Kepler-288 c,0,,0.25972,19.305772,,,,,,,,,transit,2014.0,14/02/26,19 15 39.9365,+39 35 41.0877,1382.99,1.08,1.091,,5918.0,,Confirmed planets
Kepler-288 b,0,,0.15219,6.097326,,,,,,,,,transit,2014.0,14/02/26,19 15 39.9365,+39 35 41.0877,1382.99,1.08,1.091,,5918.0,,Confirmed planets
Kepler-288 d,0,,0.24332,56.633742,,,,,,,,,transit,2014.0,14/02/26,19 15 39.9365,+39 35 41.0877,1382.99,1.08,1.091,,5918.0,,Confirmed planets
Kepler-303 b,0,,0.08111,1.937055,,,,,,,,,transit,2014.0,14/02/26,18 52 32.5103,+43 39 25.3231,192.34,0.575,0.485,,3944.0,,Confirmed planets
Kepler-303 c,0,,0.10389,7.061149,,,,,,,,,transit,2014.0,14/02/26,18 52 32.5103,+43 39 25.3231,192.34,0.575,0.485,,3944.0,,Confirmed planets
Kepler-553 b,0,,0.413,4.03046804,,,,,,,,,transit,2016.0,16/05/10,19 54 12.2070,+48 19 56.7013,743.937,0.92,0.85,0.21,5266.0,,Confirmed planets
Kepler-553 c,0,,0.999,328.2399546,,,,,,,,,transit,2016.0,16/05/10,19 54 12.2070,+48 19 56.7013,743.937,0.92,0.85,0.21,5266.0,,Confirmed planets
OGLE-2018-BLG-0677L b,0,0.01246,,,0.63,,,,,,,,microlensing,2020.0,20/06/24,17 55 00,-32 01 00,7580.0,0.12,,,,,Confirmed planets
Kepler-1558 b,0,,0.061,3.50470358,,,,,,,,,transit,2016.0,16/05/10,19 07 16.6506,+46 54 42.2019,328.828,0.83,0.79,0.0,5101.0,,Confirmed planets
HD 219666 b,0,0.05223,0.42,6.03607,0.06356,0.0,,,,86.38,1073.0,,transit,2018.0,19/03/05,23 18 13.6298,-56 54 14.0358,94.43,0.92,1.03,0.04,5527.0,,Confirmed planets
HAT-P-19 b,0,0.292,1.109,4.0087844,0.0466,0.067,256.0,,,88.89,1010.0,,transit,2010.0,15/08/15,00 38 04.0136,+34 42 41.5522,215.0,0.842,0.82,0.23,4990.0,5.5,Confirmed planets
BD+63 1405 b,0,3.96,1.16,1198.48,2.06,0.88,94.25,,,5.974,,,RV,2021.0,21/06/13,18 05 35.5657,+63 40 08.1792,38.0473,0.82,0.8,-0.09,5000.0,,Confirmed planets
Kepler-676 b,0,,0.271,11.59822172,,,,,,,,,transit,2016.0,16/05/10,19 44 53.2725,+50 17 14.0049,297.699,0.51,0.49,-0.02,3701.0,,Confirmed planets
TOI-2445 b,0,0.006,0.1115,0.3711281,0.0064,,,,,,1060.0,,transit,2022.0,22/01/30,02 53 16.00,+00 03 09.00,48.6,0.25,0.27,,333.0,,Confirmed planets
OGLE-2008-BLG-355L b,0,4.6,,,1.7,,,,,,,,microlensing,2008.0,18/09/20,17 59 08.81,-30 45 34.1,6800.0,0.37,,,,,Confirmed planets
HAT-P-39 b,0,0.599,1.571,3.54387,0.0509,0.0,,,,87.0,1601.9,,transit,2012.0,12/07/16,07 35 01.9794,+17 49 48.2348,642.0,1.404,1.625,0.19,6430.0,,Confirmed planets
HATS-37 A b,0,0.099,0.606,4.3315366,0.04913,0.0,,,,89.33,1085.0,,transit,2020.0,20/08/13,13 19 12,-22 59 13,211.1,0.84,0.88,0.051,5326.0,,Confirmed planets
Kepler-635 b,0,,0.236,23.44971004,,,,,,,,,transit,2016.0,16/05/10,19 19 05.5871,+40 48 02.5771,1179.66,1.33,1.51,0.41,6174.0,,Confirmed planets
K2-183 c,0,,0.2239,10.79347,,,,,,88.4,,,transit,2018.0,18/07/24,08 20 01.7184,+14 01 10.0710,589.9,0.942,0.873,0.09,,,Confirmed planets
K2-183 d,0,,0.2266,22.6295,,,,,,89.38,,,transit,2018.0,18/07/24,08 20 01.7184,+14 01 10.0710,589.9,0.942,0.873,0.09,,,Confirmed planets
K2-183 b,0,,0.2676,0.469269,,,,,,25.0,,,transit,2018.0,18/07/24,08 20 01.7184,+14 01 10.0710,589.9,0.942,0.873,0.09,,,Confirmed planets
K2-220 b,0,,0.1972,13.68251,,,,,,88.9,,,transit,2018.0,18/07/24,00 51 04.7696,+09 31 00.4844,231.3,0.96,0.93,0.06,,,Confirmed planets
TOI-4860 b,0,0.67,0.756,1.52275959,0.01845,0.15,,,,88.87,624.0,,transit,2023.0,23/10/15,12 14 15,-13 10 29,80.1423,0.34,0.35,0.3,3390.0,,Confirmed planets
K2-358 b,0,0.0241,0.239,11.2510285,0.0863,,,,,,888.0,,transit,2021.0,21/10/03,08 55 14,+18 56 59,480.307,0.93,0.91,-0.07,5650.0,,Confirmed planets
K2-174 b,0,,0.2221,19.56274,,,,,,88.94,,,transit,2018.0,18/07/24,04 03 10.2791,+16 20 50.7614,122.3,0.668,0.639,-0.24,,,Confirmed planets
Kepler-844 b,0,,0.15,2.61302086,,,,,,,,,transit,2016.0,16/05/10,19 11 25.8591,+48 46 26.6765,436.967,0.59,0.57,-0.24,4128.0,,Confirmed planets
Kepler-1683 b,0,,0.167,15.0337,,,,,,,,,transit,2020.0,20/09/03,19 53 48,+44 17 02,748.64,,0.95,,5047.59,,Confirmed planets
HD 28109 b,0,0.058195,0.19618,22.89104,0.1357,,,,,87.25,881.0,,transit,2022.0,22/05/19,04 20 57.00,-68 06 10.00,140.087,1.26,1.446,0.0,6120.0,,Confirmed planets
HD 28109 c,0,,0.3774,56.00819,0.308,,,,,89.54,565.0,,transit,2022.0,22/05/19,04 20 57.00,-68 06 10.00,140.087,1.26,1.446,0.0,6120.0,,Confirmed planets
HD 28109 d,0,,0.2899,84.26,0.411,,,,,89.68,506.0,,transit,2022.0,22/05/19,04 20 57.00,-68 06 10.00,140.087,1.26,1.446,0.0,6120.0,,Confirmed planets
Kepler-1674 b,0,,0.286,62.5611,,,,,,,,,transit,2020.0,20/09/03,19 39 16,+45 18 22,1042.07,,0.87,,5326.33,,Confirmed planets
Kepler-1041 b,0,,0.262,24.7576421,,,,,,,,,transit,2016.0,16/05/10,19 35 31.6158,+49 40 59.2886,1552.31,1.06,1.08,0.01,5957.0,,Confirmed planets
HIP 12961 b,0,0.35,,57.435,0.13,0.16,,,,,393.0,,RV,2009.0,11/11/23,02 46 42.8866,-23 05 11.8024,23.0,0.67,,-0.07,3840.0,,Confirmed planets
Kepler-1095 b,0,,0.108,4.27103091,,,,,,,,,transit,2016.0,16/05/10,19 33 02.9946,+41 21 54.2746,810.898,0.94,0.92,-0.09,5658.0,,Confirmed planets
Kepler-362 c,0,,0.13214,37.866281,,,,,,,,,transit,2014.0,14/02/26,19 27 05.1949,+47 31 47.6944,648.69,,0.722,,5788.0,,Confirmed planets
Kepler-362 b,0,,0.08019,10.327186,,,,,,,,,transit,2014.0,14/02/26,19 27 05.1949,+47 31 47.6944,648.69,,0.722,,5788.0,,Confirmed planets
KOI-1860 b,0,,0.221,6.319,0.0458,,,,,,,,transit,2014.0,15/03/18,19 26 13.6720,+39 13 38.2645,704.771,0.999,1.075,,,,Confirmed planets
KOI-1860 c,0,,0.227,12.209,0.1038,,,,,,,,transit,2014.0,15/03/18,19 26 13.6720,+39 13 38.2645,704.771,0.999,1.075,,,,Confirmed planets
KOI-1860.03,0,,0.15,3.076452083,0.0414,,,,,,,,transit,2014.0,15/03/18,19 26 13.6720,+39 13 38.2645,704.771,0.999,1.075,,,,Kepler Objects of Interest
KOI-1860.04,0,,0.131,24.8435099,0.1667,,,,,,,,transit,2014.0,15/03/18,19 26 13.6720,+39 13 38.2645,704.771,0.999,1.075,,,,Kepler Objects of Interest
TYC 0434-04538-1 b,0,6.1,,193.2,0.66,0.08,196.0,,,,,,RV,2021.0,21/01/28,18 05 21.5583,+02 03 44.6087,623.0,1.04,9.99,-0.38,4679.0,,Confirmed planets
TOI-1288 c,0,0.26429,0.98,443.0,,0.13,63.0,,,,,,RV,2022.0,23/10/15,20 52 40,+65 36 32,114.865,0.89,1.01,0.07,5225.0,,Confirmed planets
TOI-1288 b,0,0.13215,0.467,2.699835,0.0429,0.064,139.0,,,88.3,1266.0,,transit,2022.0,23/10/15,20 52 40,+65 36 32,114.865,0.89,1.01,0.07,5225.0,,Confirmed planets
Kepler-825 b,0,,0.136,3.77360059,,,,,,,,,transit,2016.0,16/05/10,19 39 04.7742,+39 23 54.6035,826.925,1.03,1.08,-0.08,5976.0,,Confirmed planets
Kepler-825 c,0,,0.164,8.1818246,,,,,,,,,transit,2016.0,16/05/10,19 39 04.7742,+39 23 54.6035,826.925,1.03,1.08,-0.08,5976.0,,Confirmed planets
Kepler-835 b,0,,0.249,11.41909375,,,,,,,,,transit,2016.0,16/05/10,18 54 17.8162,+45 44 05.3903,,1.08,1.11,0.08,5954.0,,Confirmed planets
Kepler-725 b,0,,0.948,39.64317811,,,,,,,,,transit,2016.0,16/05/10,18 55 54.5996,+44 48 41.5430,775.254,0.88,0.84,-0.01,5363.0,,Confirmed planets
K2-275 b,0,,0.2,3.280961,0.04,,,,,,905.0,,transit,2018.0,18/10/26,08 48 40.7764,+20 27 18.3008,124.09,0.79,0.73,0.0,4812.0,,Confirmed planets
K2-275 c,0,,0.209,8.438756,0.075,,,,,,660.0,,transit,2018.0,18/10/26,08 48 40.7764,+20 27 18.3008,124.09,0.79,0.73,0.0,4812.0,,Confirmed planets
TOI-1749 b,0,0.17934,0.124,2.38839,0.0291,0.14,-50.0,,,86.4,831.0,,transit,2021.0,21/08/02,18 50 57,+64 25 10,99.5561,0.58,0.55,-0.26,3985.0,,Confirmed planets
TOI-1749 c,0,0.04405,0.189,4.4929,0.0443,0.019,-74.0,,,88.8,673.0,,transit,2021.0,21/08/02,18 50 57,+64 25 10,99.5561,0.58,0.55,-0.26,3985.0,,Confirmed planets
TOI-1749 d,0,0.0472,0.225,9.0497,0.0707,0.062,40.0,,,88.53,533.0,,transit,2021.0,21/08/02,18 50 57,+64 25 10,99.5561,0.58,0.55,-0.26,3985.0,,Confirmed planets
HD 12235 b,0,0.03251,0.285,4.36304899,0.053918,0.376428,279.4918,,,,,,RV,2022.0,22/09/27,02 00 09,+03 05 45,31.7627,1.1,1.8,0.31,5986.0,,Confirmed planets
HD 12235 c,0,9.97867,1.11,36336.70678753,22.187701,0.174465,79.7724,,,47.738,,,RV,2022.0,22/09/27,02 00 09,+03 05 45,31.7627,1.1,1.8,0.31,5986.0,,Confirmed planets
Kepler-1932 b,0,0.00914,0.135,0.52417702,0.0123,0.0,,,,86.42,1891.0,,transit,2021.0,22/02/01,19 01 20,+41 03 50,713.733,0.91,0.82,0.14,5278.0,,Confirmed planets
WASP-167 b,0,8.0,1.51,2.0219591,0.0365,,,195.0,,79.9,,,transit,2017.0,17/07/06,13 04 10.5340,-35 27 02,381.0,1.518,1.756,-0.04,7043.0,1.29,Confirmed planets
Kepler-1983 b,0,0.019,0.147,7.32851947,0.0689,0.0,,,,85.76,807.0,,transit,2023.0,23/10/15,19 48 10,+39 54 44,424.428,0.81,0.87,0.12,5135.0,,Confirmed planets
LHS 1478 b,0,0.00733,0.1106,1.9495378,0.01848,,,,,87.45,595.0,,transit,2021.0,21/02/24,02 57 18.2591,+76 33 11.2502,18.21,0.236,0.246,-0.13,3381.0,,Confirmed planets
Kepler-146 b,0,,0.33809,31.158799,,,,,,,,,transit,2014.0,14/02/26,19 36 26.5840,+38 42 36.8212,844.99,1.09,1.208,,5948.0,,Confirmed planets
Kepler-146 c,0,,0.28524,76.732171,,,,,,,,,transit,2014.0,14/02/26,19 36 26.5840,+38 42 36.8212,844.99,1.09,1.208,,5948.0,,Confirmed planets
Kepler-35 (AB) b,1,0.127,0.728,131.458,0.60347,0.042,,,,90.76,,,transit,2012.0,12/01/11,19 37 59,+46 41 23,1645.0,,,,,,"Confirmed planets, Planets in binary systems, P-type"
Kepler-25 b,0,,0.2411,6.2385369,0.068,0.05,,,,,1220.6,,transit,2012.0,15/06/09,19 06 33.2143,+38 20 37,191.0,1.26,1.34,0.11,6354.0,2.75,Confirmed planets
Kepler-25 c,0,,0.4598,12.7203678,0.11,0.01,,,,,959.7,,transit,2012.0,15/06/09,19 06 33.2143,+38 20 37,191.0,1.26,1.34,0.11,6354.0,2.75,Confirmed planets
Kepler-25 d,0,0.226,,122.4,,0.13,,,,,,,RV,2014.0,19/06/13,19 06 33.2143,+38 20 37,191.0,1.26,1.34,0.11,6354.0,2.75,Confirmed planets
Kepler-928 b,0,,0.142,3.9324613,,,,,,,,,transit,2016.0,16/05/10,19 19 40.9720,+41 32 34.1969,516.289,0.73,0.7,-0.11,4700.0,,Confirmed planets
Kepler-317 b,0,,0.19046,5.524242,,,,,,,,,transit,2014.0,14/02/26,19 39 46.5310,+39 01 55.4144,1142.05,0.816,0.941,,5497.0,,Confirmed planets
Kepler-317 c,0,,0.15674,8.77501,,,,,,,,,transit,2014.0,14/02/26,19 39 46.5310,+39 01 55.4144,1142.05,0.816,0.941,,5497.0,,Confirmed planets
Kepler-745 b,0,,0.193,9.93143556,,,,,,,,,transit,2016.0,16/05/10,19 25 59.8639,+37 03 33.4249,1874.41,1.04,1.04,0.06,5849.0,,Confirmed planets
2M 1253+2734 b,0,8.3,,24.31,,0.681,,,,,,,RV,2021.0,22/02/08,12 53 01.00,+27 34 19.00,,,,,,,Confirmed planets
WASP-164 b,0,2.13,1.128,1.7771255,0.02818,0.0,,,,82.73,1610.0,,transit,2018.0,18/11/01,22 59 29.6187,-60 26 52.1158,322.0,0.95,0.93,-0.01,5806.0,,Confirmed planets
HD 148427 b,0,0.96,,331.5,0.93,0.16,,,,,413.8,,RV,2009.0,09/08/13,16 28 28.1509,-13 23 58.6879,59.3,1.45,3.22,0.154,5052.0,,Confirmed planets
OGLE-2015-BLG-0051L b,0,0.72,,,,,,,,,,,microlensing,2015.0,18/09/20,17 58 39.01,-28 01 54.1,8200.0,0.1,,,,,Confirmed planets
K2-33 b,0,3.6,0.451,5.42513,0.0409,0.0,,,,89.1,,,transit,2016.0,16/06/27,16 10 14.7378,-19 19 09.4072,145.0,0.54,1.06,,3540.0,0.0095,Confirmed planets
HAT-P-63 b,0,0.614,1.119,3.377728,0.04294,0.069,,,,88.45,1237.0,,transit,2021.0,21/08/02,18 39 11,-20 01 27,4483.05,0.93,0.97,0.251,5400.0,,Confirmed planets
WASP-26 b,0,1.028,1.281,2.7566004,0.03985,0.0,,,,82.91,1521.3,,transit,2010.0,12/07/05,00 18 24.7008,-15 16 02.2775,250.0,1.12,1.34,-0.02,5950.0,,Confirmed planets
KIC 5095269(AB) b,0,7.698,,237.70817,,0.0604,27.67,,,105.92,,,transit,2017.0,17/07/07,19 22 12,+40 14 06,,,,,,,Confirmed planets
Kepler-853 b,0,,0.151,7.16892463,,,,,,,,,transit,2016.0,16/05/10,18 55 44.8332,+49 06 37.0408,578.102,1.3,1.55,0.07,6350.0,,Confirmed planets
TOI-5153 b,0,3.26,1.06,20.33003,0.158,0.09,144.0,,,,906.0,,transit,2022.0,22/07/11,06 06 10.00,-19 57 12.00,390.1,1.24,1.4,0.12,6300.0,,Confirmed planets
Kepler-1052 b,0,,0.261,34.8538276,,,,,,,,,transit,2016.0,16/05/10,19 41 22.2560,+46 36 08.0386,969.556,1.03,1.03,0.0,5888.0,,Confirmed planets
Kepler-1833 b,0,0.00705,0.116,6.8921299,0.0771,0.0,,,,88.81,1177.0,,transit,2021.0,22/02/01,19 23 29,+45 24 37,591.602,1.29,1.45,0.38,6164.0,,Confirmed planets
TOI-2364 b,0,0.225,0.768,4.0197517,0.04871,0.0,,,,88.98,1091.0,,transit,2023.0,23/10/15,05 56 31,-05 00 43,219.614,0.95,0.89,0.344,5306.0,,Confirmed planets
Kepler-1183 b,0,,0.252,28.5057189,,,,,,,,,transit,2016.0,16/05/10,19 28 55.7791,+38 53 31.9405,,1.0,0.99,0.04,5765.0,,Confirmed planets
OGLE-2012-BLG-0026L b,0,0.145,,,,,,,,,,,microlensing,2012.0,16/01/21,17 34 18.6971,-27 08 33.9457,4019.0,1.06,,,,,Confirmed planets
OGLE-2012-BLG-0026L c,0,0.86,,,,,,,,,,,microlensing,2012.0,16/01/21,17 34 18.6971,-27 08 33.9457,4019.0,1.06,,,,,Confirmed planets
HATS-61 b,0,3.4,1.195,7.817953,0.07908,0.0,,,,87.15,1226.0,,transit,2018.0,18/12/13,04 06 37.8675,-25 20 58.9559,693.4,1.076,1.664,0.247,5542.0,,Confirmed planets
TOI-1470 b,0,0.02303,0.194,2.527093,0.0285,0.3,,,,87.42,734.0,,transit,2023.0,23/10/15,00 40 21,+61 12 48,51.9503,0.47,0.47,0.0,3709.0,,Confirmed planets
TOI-1470 c,0,0.02278,0.22,18.08816,0.106,0.5,,,,89.47,373.0,,transit,2023.0,23/10/15,00 40 21,+61 12 48,51.9503,0.47,0.47,0.0,3709.0,,Confirmed planets
Kepler-613 b,0,,0.204,15.77979614,,,,,,,,,transit,2016.0,16/05/10,18 51 08.8384,+46 14 41.8516,883.392,0.98,0.96,-0.01,5723.0,,Confirmed planets
Kepler-893 b,0,,0.27,6.33855761,,,,,,,,,transit,2016.0,16/05/10,18 59 51.1307,+43 54 46.8333,1334.94,1.0,0.99,-0.03,5820.0,,Confirmed planets
Kepler-867 b,0,,0.414,150.242127,,,,,,,,,transit,2016.0,16/05/10,19 09 08.4692,+51 14 59.93,,0.92,0.91,-0.02,5541.0,,Confirmed planets
Kepler-593 b,0,,0.256,21.21708973,,,,,,,,,transit,2016.0,16/05/10,19 39 48.3417,+48 39 04.2826,1001.7,1.08,1.1,0.04,5967.0,,Confirmed planets
TrES-3 b,0,1.91,1.305,1.30618608,0.0226,0.0,,,,82.15,,,transit,2007.0,10/12/13,17 52 07.0185,+37 32 46.2370,400.0,0.88,0.85,0.001,5720.0,,Confirmed planets
KMT-2021-BLG-1372 b,0,0.19278,,,2.37,,,,,,,,microlensing,2022.0,22/02/08,17 37 57.00,-28 08 54.00,5970.0,0.42,,,,,Confirmed planets
Kepler-1852 b,0,0.0133,0.168,7.97094011,0.0762,0.0,,,,87.65,760.0,,transit,2021.0,22/02/01,19 12 07,+40 20 39,772.481,0.93,0.83,0.24,5237.0,,Confirmed planets
HIP 109384 b,0,1.56,,499.48,1.134,0.549,104.49,,,,,,RV,2016.0,17/12/09,22 09 37.3996,+71 18 51.5946,58.45,0.78,,-0.26,5180.0,,Confirmed planets
Kepler-140 b,0,,0.14672,3.25427,,,,,,,,,transit,2014.0,14/02/26,19 09 28.6731,+46 46 05.5855,638.17,1.207,1.288,,6077.0,,Confirmed planets
Kepler-140 c,0,,0.16403,91.353282,,,,,,,,,transit,2014.0,14/02/26,19 09 28.6731,+46 46 05.5855,638.17,1.207,1.288,,6077.0,,Confirmed planets
TOI-220 b,0,0.0428,0.2694,10.695264,0.0892,0.029,159.0,,,87.86,806.0,,RV,2021.0,21/05/06,06 07 12.00,-61 59 49.00,89.0,0.825,0.858,-0.217,5298.0,,Confirmed planets
MOA-2010-BLG-353L b,0,0.23,,,,,,,,,,,microlensing,2015.0,15/12/11,18 05 12.94,-27 17 35.64,7170.0,0.16,,,,,Confirmed planets
Kepler-1825 b,0,0.00821,0.127,1.02586997,0.0187,0.0,,,,83.02,1520.0,,transit,2021.0,22/02/01,19 30 03,+42 39 06,430.254,0.83,0.85,0.14,5123.0,,Confirmed planets
HAT-P-45 b,0,0.892,1.426,3.128992,0.0452,0.049,146.0,,,87.8,1652.0,,transit,2013.0,13/08/16,18 17 29.5774,-03 22 51.7395,305.0,1.259,1.319,0.07,6330.0,2.0,Confirmed planets
K2-160 b,0,,0.2837,3.705871,,,,,,88.3,,,transit,2018.0,18/07/24,12 16 13.1008,-03 33 11.1252,396.2,0.983,0.914,0.07,,,Confirmed planets
MOA-bin-29 b,0,0.6,,,0.48,,,,,,,,microlensing,2019.0,19/11/07,17 57 30.3402,-29 44 12.2897,7120.0,0.03,,,,,Confirmed planets
Kepler-186 c,0,,0.097509,7.267301,0.052,,,,,,,,transit,2014.0,14/04/17,19 54 36.6536,+43 57 18.0258,151.0,0.478,0.472,-0.28,3788.0,,Confirmed planets
Kepler-186 d,0,,0.127582,13.342996,0.0781,,,,,,,,transit,2014.0,14/04/17,19 54 36.6536,+43 57 18.0258,151.0,0.478,0.472,-0.28,3788.0,,Confirmed planets
Kepler-186 b,0,,0.097509,3.8867907,0.0343,,,,,,,,transit,2014.0,14/04/17,19 54 36.6536,+43 57 18.0258,151.0,0.478,0.472,-0.28,3788.0,,Confirmed planets
Kepler-186 e,0,,0.115735,22.407704,0.11,,,,,,,,transit,2014.0,14/04/17,19 54 36.6536,+43 57 18.0258,151.0,0.478,0.472,-0.28,3788.0,,Confirmed planets
Kepler-186 f,0,,0.0990277438268,,0.356,,,,,,,,transit,2014.0,14/04/18,19 54 36.6536,+43 57 18.0258,151.0,0.478,0.472,-0.28,3788.0,,Confirmed planets
Kepler-1944 b,0,0.0253,0.246,9.84257984,0.0918,0.0,,,,89.71,801.0,,transit,2021.0,22/09/15,19 46 03,+39 10 24,1076.48,1.06,0.97,0.48,5585.0,,Confirmed planets
Kepler-1980 b,0,0.0174,0.254,33.0257179,0.2049,0.0,,,,89.94,564.0,,transit,2023.0,23/10/15,19 40 40,+38 38 13,1709.4,1.05,0.99,0.14,5819.0,,Confirmed planets
TOI-3884 b,0,0.05191,0.535,4.5445697,0.0354,0.32,190.0,,,90.1,463.0,,transit,2022.0,23/02/22,12 06 17,+12 30 25,43.1448,0.28,0.3,0.23,3269.0,,Confirmed planets
K2-280 b,0,,0.684,19.895202,0.1488,,,,,,744.0,,transit,2018.0,18/10/26,19 26 22.8813,-22 14 51.5516,396.9,1.11,1.28,0.3,5742.0,,Confirmed planets
Kepler-541 b,0,,0.3,5.08005848,,,,,,,,,transit,2016.0,16/05/10,19 36 35.9218,+38 27 29.7438,1093.97,1.41,2.06,0.07,6166.0,,Confirmed planets
Kepler-681 b,0,,0.275,26.39435646,,,,,,,,,transit,2016.0,16/05/10,19 17 35.9355,+51 15 01.1890,700.673,0.8,0.76,-0.04,5021.0,,Confirmed planets
Kepler-927 b,0,,0.153,9.1149903,,,,,,,,,transit,2016.0,16/05/10,19 17 32.0393,+41 23 33.6873,852.006,0.99,0.99,0.03,5743.0,,Confirmed planets
Kepler-1334 b,0,,0.204,15.64591713,,,,,,,,,transit,2016.0,16/05/10,19 17 14.7595,+51 19 15.0885,1267.59,0.94,0.91,-0.03,5614.0,,Confirmed planets
TOI-2977 b,0,1.68,1.174,2.3505614,0.03386,0.0,,,,89.19,1544.0,,transit,2023.0,23/10/15,09 35 42,-60 21 27,,0.94,1.07,0.013,5691.0,,Confirmed planets
HD 149026 b,0,0.356,0.718,2.8758916,0.04288,0.0,,,,85.3,1601.5,,transit,2005.0,12/07/05,16 30 29.6184,+38 20 50.3108,78.9,1.3,1.497,0.36,6147.0,,Confirmed planets
Kepler-914 b,0,,0.123,4.40966548,,,,,,,,,transit,2016.0,16/05/10,19 21 38.8880,+44 53 57.5620,770.416,1.1,1.15,0.22,5877.0,,Confirmed planets
HD 984 b,0,48.0,,,18.0,,,,,,2730.0,,imaging,2017.0,19/04/12,00 14 10.2530,-07 11 56.8142,47.1,1.2,,,6315.0,80.0,Confirmed planets
Kepler-1048 b,0,,0.144,6.92101021,,,,,,,,,transit,2016.0,16/05/10,18 47 35.6033,+42 09 56.6871,565.036,0.75,0.7,0.01,4651.0,,Confirmed planets
Kepler-1613 b,0,,0.186,1.5184299,,,,,,,,,transit,2016.0,16/05/10,19 19 30.0027,+43 25 15.4724,1576.29,1.08,1.12,0.01,6005.0,,Confirmed planets
EPIC 246851721 b,0,3.0,1.051,6.180235,0.07229,,,,,86.21,1401.0,,transit,2018.0,18/10/26,05 15 40.7537,+16 16 43.5181,336.7,1.32,1.59,0.141,6202.0,,Confirmed planets
HD 203030 b,0,24.09,,,487.1,,,,,,1206.0,,imaging,2006.0,14/05/14,21 18 58.2198,+26 13 49.9561,39.29,,,,,,Confirmed planets
HD 213885 b,0,0.02778,0.156,1.008035,0.02012,0.0,,,,80.09,2128.0,,transit,2019.0,19/12/05,22 35 56.3150,-59 51 52.0758,47.97,1.07,1.1,-0.04,5978.0,,Confirmed planets
HD 213885 c,0,0.06277,,4.78503,0.056798,0.0,,,,,1265.0,,RV,2019.0,19/12/05,22 35 56.3150,-59 51 52.0758,47.97,1.07,1.1,-0.04,5978.0,,Confirmed planets
MOA-2010-BLG-117L b,0,0.54,,,,,,,,,,,microlensing,2017.0,18/09/20,18 07 49.67,-25 20 40.7,3500.0,0.58,,,,,Confirmed planets
HD 222582 A b,2,7.75,,572.38,1.35,0.725,,,,,,,RV,1999.0,12/12/08,23 41 51,-05 59 08,42.0,0.99,1.15,-0.0229,,,"Confirmed planets, Planets in binary systems, S-type"
HD 14787 b,0,1.121,,676.6,1.7,0.155,343.0,,,,,,RV,2018.0,18/12/06,02 23 14.0540,+10 50 12.2866,119.54,1.43,5.01,,4946.0,,Confirmed planets
KOI-2700 b,0,,,0.9100259,,,,,,87.06,,,transit,2014.0,17/12/21,19 48 00.8488,+44 46 30.3748,511.771,0.632,0.574,-0.2,4433.0,,Confirmed planets
Kepler-1890 b,0,0.00185,0.077,4.82059002,0.0563,0.0,,,,77.54,1328.0,,transit,2021.0,22/02/01,19 30 19,+40 40 04,529.596,1.02,1.4,-0.16,6046.0,,Confirmed planets
Kepler-1633 b,0,,0.141,186.404271,,,,,,,,,transit,2016.0,16/05/10,19 14 03.6462,+44 55 23.6535,1151.94,1.2,1.32,0.02,6256.0,,Confirmed planets
TOI-2421 b,0,0.333,0.924,4.474032,0.0543,0.0,,,,86.49,1534.0,,transit,2022.0,22/05/24,02 12 37.00,-35 23 27.00,327.3,,1.92,,5645.0,,Confirmed planets
EPIC 203771098 b,0,0.066,0.52,20.88508,0.1542,,,,,88.95,,,transit,2015.0,15/12/06,16 10 17.6977,-24 59 25.2589,181.0,1.12,1.21,0.42,5743.0,,Confirmed planets
EPIC 203771098 c,0,0.085,0.723,42.36342,0.2471,,,,,89.43,,,transit,2015.0,15/12/06,16 10 17.6977,-24 59 25.2589,181.0,1.12,1.21,0.42,5743.0,,Confirmed planets
Kepler-1090 b,0,,0.201,198.680179,,,,,,,,,transit,2016.0,16/05/10,19 42 39.0908,+44 31 32.9373,879.43,0.86,0.82,-0.04,5321.0,,Confirmed planets
Kepler-181 c,0,,0.18135,4.302149,,,,,,,,,transit,2014.0,14/02/26,19 44 36.3295,+50 05 44.9662,628.45,0.853,0.749,,5333.0,,Confirmed planets
Kepler-181 b,0,,0.11574,3.137873,,,,,,,,,transit,2014.0,14/02/26,19 44 36.3295,+50 05 44.9662,628.45,0.853,0.749,,5333.0,,Confirmed planets
Kepler-666 b,0,,0.214,4.49876092,,,,,,,,,transit,2016.0,16/05/10,19 53 49.6488,+48 47 29.6639,1575.55,1.03,1.05,0.01,5887.0,,Confirmed planets
BD+03 2562 b,0,6.4,,481.9,1.3,0.2,218.0,,,,,,RV,2017.0,17/06/30,11 50 15.5526,+02 45 36.4417,1106.9,1.14,32.35,-0.71,4095.0,5.25,Confirmed planets
Kepler-566 b,0,,0.192,18.42794624,,,,,,,,,transit,2016.0,16/05/10,19 26 13.0761,+47 48 52.0533,573.493,0.83,0.79,-0.01,5132.0,,Confirmed planets
Kepler-402 c,0,,0.14216,6.124821,,,,,,,,,transit,2014.0,14/02/26,19 13 28.8535,+43 21 16.5836,712.9,,1.264,,6090.0,,Confirmed planets
Kepler-402 e,0,,0.13305,11.242861,,,,,,,,,transit,2014.0,14/02/26,19 13 28.8535,+43 21 16.5836,712.9,,1.264,,6090.0,,Confirmed planets
Kepler-402 b,0,,0.11118,4.028751,,,,,,,,,transit,2014.0,14/02/26,19 13 28.8535,+43 21 16.5836,712.9,,1.264,,6090.0,,Confirmed planets
Kepler-402 d,0,,0.12576,8.921099,,,,,,,,,transit,2014.0,14/02/26,19 13 28.8535,+43 21 16.5836,712.9,,1.264,,6090.0,,Confirmed planets
OGLE-2018-BLG-0567L b,0,0.32,,,2.72,,,,,,,,microlensing,2021.0,21/02/16,17 56 04.00,-27 59 14.00,7070.0,0.24,,,,,Confirmed planets
Kepler-706 b,0,,1.175,41.40831347,,,,,,,,,transit,2016.0,16/05/10,19 27 02.4909,+41 56 38.6930,909.504,0.87,0.84,-0.06,5394.0,,Confirmed planets
CFBDSIR2149,3,5.5,,,,,,,,,,,imaging,2012.0,12/11/14,21 49 47,-04 03 08,40.0,,,,,,"Confirmed planets, Orphan planets"
Kepler-1507 b,0,,0.075,16.0506213,,,,,,,,,transit,2016.0,16/05/10,19 14 14.7693,+46 32 09.8008,323.478,0.89,0.85,-0.03,5410.0,,Confirmed planets
KMT-2018-BLG-0029L b,0,0.02388,,,4.27,,,,,,,,microlensing,2020.0,20/06/24,17 37 53,-27 59 05,3380.0,1.14,,,,,Confirmed planets
Kepler-726 b,0,,0.291,21.80451088,,,,,,,,,transit,2016.0,16/05/10,19 26 52.1552,+44 53 14.3373,778.998,0.88,0.85,-0.09,5452.0,,Confirmed planets
Kepler-580 b,0,,0.229,8.22241966,,,,,,,,,transit,2016.0,16/05/10,18 53 59.9488,+40 33 09.8548,326.936,0.67,0.64,-0.06,4298.0,,Confirmed planets
Kepler-826 b,0,,0.112,4.48758907,,,,,,,,,transit,2016.0,16/05/10,18 59 26.4261,+39 14 25.9751,797.512,1.05,1.15,-0.12,6079.0,,Confirmed planets
HAT-P-5 b,0,1.06,1.252,2.788491,0.04079,0.0,,,,86.75,1387.4,,transit,2007.0,12/05/22,18 17 37.3127,+36 37 17.1685,340.0,1.163,1.137,0.24,5960.0,,Confirmed planets
Kepler-1004 b,0,0.18,0.56,5.28789787,0.067,0.0,,,,80.4,,,transit,2015.0,17/11/28,19 49 26.2389,+49 47 51.0933,1191.33,1.11,3.39,-0.04,4972.0,,Confirmed planets
HD 60532 b,0,3.15,,201.83,0.77,0.278,,,,20.0,497.4,,RV,2008.0,12/01/31,07 34 03.1802,-22 17 45.8383,25.7,1.44,,-0.26,6095.0,,Confirmed planets
HD 60532 c,0,7.46,,607.06,1.58,0.038,,,,20.0,348.9,,RV,2008.0,12/01/31,07 34 03.1802,-22 17 45.8383,25.7,1.44,,-0.26,6095.0,,Confirmed planets
HD 17156 b,0,3.191,1.095,21.2163979,0.1623,0.6768,,,,87.21,790.5,,transit,2007.0,12/04/08,02 49 44.4866,+71 45 11.6321,78.24,1.275,1.508,0.24,6079.0,,Confirmed planets
HD 125595 b,0,0.042,,9.6737,0.0809,0.0,,,,,584.9,,RV,2009.0,11/07/05,14 21 23.1858,-40 23 38.2174,27.4,0.756,,0.02,4908.0,,Confirmed planets
Kepler-290 c,0,,0.24605,36.77031,,,,,,,,,transit,2014.0,14/02/26,19 05 38.4001,+42 40 53.5305,874.46,0.798,0.743,,5147.0,,Confirmed planets
Kepler-290 b,0,,0.20504,14.589347,,,,,,,,,transit,2014.0,14/02/26,19 05 38.4001,+42 40 53.5305,874.46,0.798,0.743,,5147.0,,Confirmed planets
Kepler-67 b,0,,0.2623,15.7259,0.1171,,,,,,,,transit,2013.0,18/03/23,19 36 36.8092,+46 09 59.1657,1107.0,0.865,0.778,0.012,5331.0,1.0,"Confirmed planets, Planets in open clusters"
K2-171 b,0,,0.24,5.6285,,,,,,85.0,,,transit,2018.0,18/07/24,22 09 21.7945,-13 25 43.9271,44.94,0.892,1.72,-0.09,,,Confirmed planets
HAT-P-67 b,0,0.34,2.085,4.81010205,0.06505,0.24,172.0,,,88.8,,,transit,2017.0,17/02/07,17 06 26.5609,+44 46 37.0676,320.0,1.642,1.546,-0.08,6406.0,1.24,Confirmed planets
K2-394 b,0,0.011,0.151,5.095717,,,,,,,,,transit,2022.0,22/03/01,04 44 26,+16 31 07,98.0152,0.48,0.63,-0.388,4938.0,,Confirmed planets
Kepler-856 b,0,,0.83,8.02768059,,,,,,,,,transit,2016.0,16/05/10,19 18 24.9202,+46 18 53.8160,1405.28,0.96,0.93,0.12,5535.0,,Confirmed planets
K2-375 b,0,0.0178,0.2,14.453895,,,,,,87.972,,,transit,2022.0,22/03/01,08 42 00,+20 21 33,696.1,1.12,1.54,-0.091,5822.0,,Confirmed planets
HD 180053 b,0,2.194,,213.72,0.843,0.081,76.0,,,,,,RV,2018.0,18/12/06,19 13 36.2137,+34 54 52.3495,137.59,1.75,4.06,,5131.0,,Confirmed planets
GJ 411 b,0,0.00846,0.129,12.946,0.0789,0.12,140.7,,,,370.1,,RV,2019.0,21/06/17,11 03 20.1940,+35 58 11.568,2.5461299,0.39,0.39,-0.09,3601.0,,Confirmed planets
GJ 411 c,0,0.0568,0.396,3190.0,3.1,0.14,5.7296,,,,,,RV,2021.0,21/06/17,11 03 20.1940,+35 58 11.568,2.5461299,0.39,0.39,-0.09,3601.0,,Confirmed planets
KMT-2019-BLG-1042 b,0,0.19,,,1.7,,,,,,,,microlensing,2022.0,22/04/06,18 02 11.00,-27 34 50.00,6600.0,0.3,,,,,Confirmed planets
K2-199 b,0,,0.1677,3.225423,,,,,,87.2,,,transit,2018.0,18/07/24,13 55 36.4097,-06 08 10.1353,110.0,0.706,0.667,-0.23,,,Confirmed planets
K2-199 c,0,,0.2534,7.3745,,,,,,88.9,,,transit,2018.0,18/07/24,13 55 36.4097,-06 08 10.1353,110.0,0.706,0.667,-0.23,,,Confirmed planets
HD 171238 b,0,2.6,,1523.0,2.54,0.4,,,,,152.4,,RV,2009.0,09/08/12,18 34 43.6759,-28 04 20.3345,50.28,0.943,,0.17,5467.0,,Confirmed planets
KOI-3503 b,0,0.02895,0.106,21.185,0.1462,0.0,,,,88.42,785.0,,transit,2021.0,21/06/17,19 32 36.1974,+41 43 45.2574,887.064,0.86,1.25,-0.543,6001.0,,Confirmed planets
KOI-3503 c,0,0.0326,0.108,31.828,0.1911,0.0,,,,89.38,686.0,,transit,2021.0,21/06/17,19 32 36.1974,+41 43 45.2574,887.064,0.86,1.25,-0.543,6001.0,,Confirmed planets
BD-210397 b,0,0.7,1.25,1891.0,2.63,0.1,-55.0,,,,,,RV,2023.0,23/10/15,02 13 13,-21 11 46,23.7324,0.68,0.75,0.12,4051.0,,Confirmed planets
BD-210397 c,0,4.8,1.15,6240.0,5.9,0.43,174.0,,,33.0,,,RV,2023.0,23/10/15,02 13 13,-21 11 46,23.7324,0.68,0.75,0.12,4051.0,,Confirmed planets
Kepler-230 b,0,,0.38822,32.625555,,,,,,,,,transit,2014.0,14/02/26,19 02 52.4564,+48 30 21.1396,894.5,0.918,0.817,,5588.0,,Confirmed planets
Kepler-230 c,0,,0.18591,91.773242,,,,,,,,,transit,2014.0,14/02/26,19 02 52.4564,+48 30 21.1396,894.5,0.918,0.817,,5588.0,,Confirmed planets
Kepler-810 b,0,,0.172,4.59725385,,,,,,,,,transit,2016.0,16/05/10,19 46 27.5724,+48 04 57.4703,1518.83,1.03,1.04,0.1,5803.0,,Confirmed planets
Kepler-980 b,0,,0.238,11.55102504,,,,,,,,,transit,2016.0,16/05/10,19 38 27.1209,+45 03 36.6187,988.631,1.05,1.06,0.01,5935.0,,Confirmed planets
Kepler-1449 b,0,,0.15,13.2274528,,,,,,,,,transit,2016.0,16/05/10,19 12 55.6214,+50 34 04.3769,2132.2,1.08,1.1,0.04,5979.0,,Confirmed planets
Kepler-821 b,0,,0.117,1.92279873,,,,,,,,,transit,2016.0,16/05/10,19 02 28.1840,+39 22 46.2548,625.586,0.84,0.8,-0.03,5191.0,,Confirmed planets
CoRoT-31 b,0,0.84,1.46,4.62941,0.0586,0.02,303.6,,,83.2,,,transit,2020.0,20/04/16,06 19 16.9733,-04 25 20.1611,2190.0,1.25,2.15,0.0,5700.0,,Confirmed planets
HD 177565 b,0,0.04751,,44.505,0.246,0.0593,309.97,,,,,,RV,2017.0,17/06/15,19 06 52.4643,-37 48 38.3728,16.93,1.0,,,,,Confirmed planets
Kepler-820 b,0,,0.543,127.8338098,,,,,,,,,transit,2016.0,16/05/10,19 24 04.8405,+39 13 14.3166,1444.46,1.23,1.36,0.09,6260.0,,Confirmed planets
K2-89 b,0,,0.055,1.096026,0.01462,,,,,,,,transit,2016.0,16/07/18,03 48 16.0101,+20 27 34.6828,86.25,0.35,0.32,,3691.0,,Confirmed planets
Kepler-940 b,0,,0.298,59.6225257,,,,,,,,,transit,2016.0,16/05/10,19 36 57.9054,+47 16 33.3381,1306.17,0.97,0.96,-0.08,5769.0,,Confirmed planets
K2-91 b,0,,0.098,1.419549,0.0164,,,,,,,,transit,2016.0,16/07/18,04 12 52.3276,+24 12 18.3847,62.69,0.29,0.28,,3622.0,,Confirmed planets
Kepler-934 b,0,,0.186,55.6738309,,,,,,,,,transit,2016.0,16/05/10,19 21 09.2324,+43 45 19.1838,619.502,0.81,0.77,0.01,5001.0,,Confirmed planets
HAT-P-21 b,0,4.063,1.024,4.124461,0.0494,0.228,,,,87.2,1161.5,,transit,2010.0,13/05/29,11 25 05.9858,+41 01 40.6691,254.0,0.947,1.105,0.01,5588.0,,Confirmed planets
LHS 1815 b,0,0.02737,0.097,3.81433,0.0404,0.0,90.0,,,88.125,617.0,,transit,2020.0,20/03/19,06 04 20.3587,-55 18 46.8381,29.87,0.5,0.5,-0.12,3643.0,,Confirmed planets
Kepler-910 b,0,,0.073,2.36436901,,,,,,,,,transit,2016.0,16/05/10,19 44 11.3667,+42 44 34.7640,404.891,1.26,1.5,0.12,6230.0,,Confirmed planets
HD 93351 b,0,0.01113,0.152,2.45946479,0.034915,-0.129287,197.1126,,,,,,RV,2022.0,22/09/27,10 46 43,-01 41 19,56.163,0.94,0.91,-0.23,5408.0,,Confirmed planets
HD 93351 c,0,13.31055,1.1,14010.29409878,11.342789,0.108765,48.185,,,14.636,,,RV,2022.0,22/09/27,10 46 43,-01 41 19,56.163,0.94,0.91,-0.23,5408.0,,Confirmed planets
Kepler-1474 b,0,,0.193,36.4333452,,,,,,,,,transit,2016.0,16/05/10,19 38 46.5697,+45 52 00.5486,1220.7,1.04,1.04,0.04,5870.0,,Confirmed planets
HAT-P-70 b,0,6.78,1.87,2.74432452,0.04739,0.0,,,,96.5,2562.0,,transit,2019.0,19/08/15,04 58 12.5627,+09 59 52.8033,329.0,1.89,1.86,-0.059,8450.0,,Confirmed planets
nu Oph b,0,22.206,,530.21,1.79,0.124,9.93,,,90.0,,,RV,2012.0,19/09/26,17 59 01.5919,-09 46 25.0798,46.2,2.7,14.6,0.06,4886.0,,Confirmed planets
nu Oph c,0,24.662,,3184.83,5.931,0.18,8.27,,,90.0,,,RV,2012.0,19/09/26,17 59 01.5919,-09 46 25.0798,46.2,2.7,14.6,0.06,4886.0,,Confirmed planets
TOI-2154 b,0,0.92,1.453,3.6240801,0.0513,0.117,31.0,,,83.37,1589.0,,transit,2022.0,22/05/13,04 44 07.00,+84 21 51.00,296.3,1.233,1.396,0.011,6280.0,,Confirmed planets
K2-356 b,0,0.0184,0.204,21.0267366,0.1599,,,,,,624.0,,transit,2021.0,21/10/03,08 33 17,+13 39 41,355.54,0.9,0.86,-0.11,5568.0,,Confirmed planets
Kepler-1930 b,0,0.00929,0.136,13.02680016,0.1025,0.0,,,,89.01,643.0,,transit,2021.0,22/02/01,19 50 19,+40 01 40,275.694,0.84,0.84,0.22,5083.0,,Confirmed planets
K2-99 b,0,0.97,1.29,18.249,0.159,0.19,,,,87.7,,,transit,2016.0,16/11/09,13 55 05.7033,-05 26 32.9487,604.0,1.6,3.1,0.2,5990.0,2.4,Confirmed planets
Kepler-920 b,0,,0.216,6.53192704,,,,,,,,,transit,2016.0,16/05/10,18 57 11.2748,+49 09 31.2462,1031.14,0.89,0.85,0.0,5403.0,,Confirmed planets
Kepler-920 c,0,,0.339,100.8274113,,,,,,,,,transit,2016.0,16/05/10,18 57 11.2748,+49 09 31.2462,1031.14,0.89,0.85,0.0,5403.0,,Confirmed planets
K2-128 b,0,,0.1071,5.67581,,,,,,88.7,,,transit,2018.0,18/07/24,13 37 45.0385,-08 35 49.4411,1857.0,0.687,0.651,-0.26,,,Confirmed planets
Kepler-1161 b,0,,0.19,10.71252541,,,,,,,,,transit,2016.0,16/05/10,19 56 18.5073,+45 26 26.2802,556.266,0.59,0.57,-0.35,4253.0,,Confirmed planets
HD 217786 b,2,13.0,,1319.0,2.38,0.4,100.0,,,,,,RV,2010.0,16/01/22,23 03 08.205,-00 25 46.66,54.9,1.02,1.27,-0.135,5966.0,7.6,"Confirmed planets, Planets in binary systems, S-type"
HD 233832 b,0,1.78,,2058.0,2.827,0.359,283.903,,,,,,RV,2018.0,19/11/21,11 26 05.4842,+50 22 32.7910,58.84,0.71,0.68,-0.66,4981.0,,Confirmed planets
Kepler-515 b,0,,0.13,19.96371318,,,,,,,,,transit,2016.0,16/05/10,19 21 58.6297,+52 03 20.1531,,0.9,0.83,0.08,5293.0,,Confirmed planets
KMT-2019-BLG-0253 b,0,0.0289,,,3.1,,,,,,,,microlensing,2021.0,21/06/16,17 51 32.00,-29 33 56.00,4900.0,0.7,,,,,Confirmed planets
K2-214 b,0,,0.1981,8.59653,,,,,,88.1,,,transit,2018.0,18/07/24,00 59 30.2608,+04 13 40.2523,234.7,1.022,1.12,0.12,,,Confirmed planets
Kepler-286 b,0,,0.113,1.796302,,,,,,,,,transit,2014.0,14/02/26,19 22 42.2834,+48 17 39.2189,1188.84,1.03,0.863,,5580.0,,Confirmed planets
Kepler-286 c,0,,0.12485,3.468095,,,,,,,,,transit,2014.0,14/02/26,19 22 42.2834,+48 17 39.2189,1188.84,1.03,0.863,,5580.0,,Confirmed planets
Kepler-286 d,0,,0.1212,5.914323,,,,,,,,,transit,2014.0,14/02/26,19 22 42.2834,+48 17 39.2189,1188.84,1.03,0.863,,5580.0,,Confirmed planets
Kepler-286 e,0,,0.1613,29.221289,,,,,,,,,transit,2014.0,14/02/26,19 22 42.2834,+48 17 39.2189,1188.84,1.03,0.863,,5580.0,,Confirmed planets
Kepler-1748 b,0,0.0246,0.242,5.82352018,0.0615,0.0,,,,85.35,955.0,,transit,2021.0,22/02/01,19 03 52,+45 44 21,1083.28,0.92,0.86,-0.22,5774.0,,Confirmed planets
Kepler-240 c,0,,0.20049,7.953528,,,,,,,,,transit,2014.0,14/02/26,19 24 38.1064,+40 45 00.9189,840.27,0.753,0.739,,4985.0,,Confirmed planets
Kepler-240 b,0,,0.12485,4.144495,,,,,,,,,transit,2014.0,14/02/26,19 24 38.1064,+40 45 00.9189,840.27,0.753,0.739,,4985.0,,Confirmed planets
Kepler-1695 b,0,,0.1,4.7329,,,,,,,,,transit,2020.0,20/09/03,19 34 29,+46 24 48,809.5,,0.95,,5437.0,,Confirmed planets
Kepler-1931 b,0,0.0237,0.237,38.5760994,0.2356,0.0,,,,89.94,619.0,,transit,2021.0,22/02/01,19 23 29,+43 19 59,620.091,1.17,1.22,0.12,6167.0,,Confirmed planets
HD 152079 b,0,3.0,,2097.0,3.2,0.6,,,,,149.6,,RV,2010.0,10/01/26,16 53 29.7360,-46 19 58.6404,85.17,1.023,,0.16,5940.0,,Confirmed planets
TOI-2018 b,0,0.02895,0.202,7.435583,,0.0,,,,88.52,821.0,,transit,2023.0,23/10/15,15 19 21,+29 12 28,27.9956,0.57,0.62,-0.58,4174.0,,Confirmed planets
TOI-615 b,0,0.435,1.693,4.6615983,0.0678,0.39,,,,86.73,1666.0,,transit,2023.0,23/10/15,08 53 38,-40 32 37,360.408,1.45,1.73,-0.1,6850.0,,Confirmed planets
Kepler-1342 b,0,,0.148,2.21571036,,,,,,,,,transit,2016.0,16/05/10,19 48 04.8139,+43 25 57.2099,913.075,0.93,0.9,0.03,5527.0,,Confirmed planets
HIP 63734 b,0,11.0,,,30.02,,,,,,,,imaging,2022.0,22/05/05,13 03 39.00,-16 20 11.00,54.08,1.21,,,,,Confirmed planets
Kepler-1968 b,0,0.00899,0.134,7.2810998,0.0696,0.0,,,,89.72,744.0,,transit,2021.0,22/02/01,19 26 02,+45 22 12,750.93,0.84,0.79,0.18,5008.0,,Confirmed planets
HD 15906 b,0,0.0178,0.2,10.924709,0.09,0.11,160.5,,,87.98,668.0,,transit,2023.0,23/10/15,02 33 05,-10 21 08,45.5621,0.79,0.76,0.02,4757.0,,Confirmed planets
HD 15906 c,0,0.028,0.261,21.583298,0.141,0.04,247.9,,,88.75,532.0,,transit,2023.0,23/10/15,02 33 05,-10 21 08,45.5621,0.79,0.76,0.02,4757.0,,Confirmed planets
Kepler-1413 b,0,,0.162,13.1829642,,,,,,,,,transit,2016.0,16/05/10,19 37 21.9919,+46 29 55.5523,1204.8193,0.84,0.8,-0.05,5196.0,,Confirmed planets
TOI-4145 A b,0,0.43,1.187,4.0664428,0.04823,0.0,,,,86.2,1074.0,,transit,2023.0,23/10/15,02 37 43,+80 16 03,205.387,0.91,0.86,0.168,5281.0,,Confirmed planets
Kepler-710 b,0,,0.168,4.34728553,,,,,,,,,transit,2016.0,16/05/10,19 27 51.3981,+42 41 46.1266,1510.8,0.94,0.91,-0.04,5611.0,,Confirmed planets
K2-97 b,0,1.1,1.31,8.4061,,,,,,,,,transit,2016.0,17/01/27,08 31 03.0822,+10 50 51.3106,901.5,1.16,4.2,0.42,,7.8,Confirmed planets
GJ 1151 c,0,0.0079,,2.018,0.01735,,,,,,,,RV,2021.0,21/02/07,11 50 57.7214,+48 22 38.5624,8.034,0.17,0.2,,,,Confirmed planets
Kepler-1824 b,0,0.0197,0.212,95.61100006,0.4267,0.0,,,,89.97,421.0,,transit,2021.0,22/09/15,19 46 50,+41 12 13,1040.1,1.14,1.08,0.2,6002.0,,Confirmed planets
Kepler-1568 b,0,,0.116,20.925392,,,,,,,,,transit,2016.0,16/05/10,19 16 43.8405,+47 52 24.1428,941.088,1.09,1.19,0.09,5956.0,,Confirmed planets
Kepler-694 b,0,,0.25,6.36584161,,,,,,,,,transit,2016.0,16/05/10,19 24 35.8800,+40 25 13.7930,1053.3,0.97,0.95,0.0,5700.0,,Confirmed planets
Kepler-1669 b,0,,0.248,9.51216,,,,,,,,,transit,2020.0,20/09/03,19 49 43,+39 50 52,551.78,,0.71,,4218.09,,Confirmed planets
TOI-2158 b,0,0.82,0.96,8.60077,0.074,0.031,50.0,,,85.7,1188.0,,transit,2022.0,22/05/02,18 27 14.00,+20 31 37.00,200.0,1.12,1.41,0.47,5673.0,,Confirmed planets
Kepler-1448 b,0,,0.144,12.27065865,,,,,,,,,transit,2016.0,16/05/10,19 11 28.1835,+50 35 44.1437,786.287,0.95,0.93,-0.16,5774.0,,Confirmed planets
Kepler-1664 b,0,,0.271,14.3868,,,,,,,,,transit,2020.0,20/09/03,19 07 25,+49 15 42,,,,,5945.95,,Confirmed planets
HD 143361 b,0,3.12,,1057.0,2.0,0.15,,,,,161.0,,RV,2008.0,09/05/20,16 01 50.3482,-44 26 04.3435,59.35,0.95,,0.29,5940.0,,Confirmed planets
TOI-1107 b,0,3.35,1.3,4.0782387,0.0561,0.025,,,,88.63,1728.0,,transit,2022.0,22/05/27,10 22 26.00,-82 13 08.00,283.61,1.35,1.81,-0.1,6311.0,,Confirmed planets
HD 1690 b,0,6.1,,533.0,1.3,0.64,,,,,674.4,,RV,2010.0,10/12/20,00 21 13.3271,-08 16 52.1673,319.0,1.09,16.7,-0.32,4393.0,,Confirmed planets
Kepler-875 b,0,,0.259,27.5073799,,,,,,,,,transit,2016.0,16/05/10,19 49 12.3070,+43 08 30.7832,1286.01,1.06,1.11,0.03,5958.0,,Confirmed planets
TOI-2095 c,0,0.02328,0.119,28.17232,0.137,0.0,,,,89.91,297.0,,transit,2023.0,23/10/15,19 02 33,+75 25 07,41.9176,0.44,0.44,-0.24,3759.0,,Confirmed planets
TOI-2095 b,0,0.0129,0.112,17.66484,0.101,0.0,,,,89.67,347.0,,transit,2023.0,23/10/15,19 02 33,+75 25 07,41.9176,0.44,0.44,-0.24,3759.0,,Confirmed planets
18 Del b,0,10.3,,993.3,2.6,0.08,166.1,,,,,,RV,2008.0,15/09/23,20 58 25.93397,+10 50 21.4289,75.3,2.3,8.5,-0.052,4979.0,,Confirmed planets
KMT-2019-BLG-1552 b,0,4.05,,,2.6,,,,,,,,microlensing,2022.0,22/04/06,17 58 23.00,-27 34 01.00,,0.79,,,,,Confirmed planets
Kepler-979 b,0,,0.243,8.0880135,,,,,,,,,transit,2016.0,16/05/10,20 01 29.1020,+46 24 29.6593,586.166,0.87,0.83,-0.02,5310.0,,Confirmed planets
KIC 10905746 b,0,,0.237,9.8844,0.0751,,,,,88.42,,,transit,2011.0,11/09/22,18 54 30.7992,+48 23 27.6636,66.5,0.578,0.548,-0.23,,,Confirmed planets
Kepler-1642 b,0,,0.285,12.2057513,,,,,,,,,transit,2016.0,16/05/10,19 48 50.9118,+43 38 37.4465,418.848,0.88,0.84,-0.01,5355.0,,Confirmed planets
Kepler-1642 c,0,,0.237,6.6513802,,,,,,,,,transit,2016.0,16/05/10,19 48 50.9118,+43 38 37.4465,418.848,0.88,0.84,-0.01,5355.0,,Confirmed planets
HD 221585 b,0,1.61,,1173.0,2.306,0.123,-6.8,,,,,,RV,2016.0,17/11/27,23 32 54.0465,+63 09 19.7353,55.55,1.19,,0.29,5620.0,6.2,Confirmed planets
HD 11506 b,0,4.21,,1627.5,2.708,0.37,,,,,200.7,,RV,2007.0,14/11/19,01 52 50.5345,-19 30 25.1107,51.7,1.19,1.33,0.31,6058.0,,Confirmed planets
HD 11506 c,0,0.36,,223.6,0.721,0.24,,,,,388.0,,RV,2009.0,14/11/19,01 52 50.5345,-19 30 25.1107,51.7,1.19,1.33,0.31,6058.0,,Confirmed planets
HD 112640 b,0,5.0,,613.2,1.7,0.24,114.4,,,,,,RV,2020.0,20/12/11,12 56 58.0160,+67 14 34.3071,326.8,1.8,39.0,-0.09,4155.0,,Confirmed planets
HD 7199 b,0,0.29,,615.0,1.36,0.19,,,,,199.1,,RV,2011.0,11/08/02,01 10 47.2213,-66 11 17.3900,36.0,0.89,0.96,0.28,5386.0,,Confirmed planets
Kepler-1120 b,0,,0.123,2.94902905,,,,,,,,,transit,2016.0,16/05/10,19 23 39.4797,+42 17 11.7312,626.213,0.78,0.74,-0.04,4904.0,,Confirmed planets
HIP 107772 b,0,0.04059,,55.199,0.243,0.18,151.0,,,,,,RV,2020.0,20/09/03,21 49 59.7858,-41 14 42.1412,23.66,0.63,,,,,Confirmed planets
Kepler-1123 b,0,,0.149,4.33946454,,,,,,,,,transit,2016.0,16/05/10,19 38 04.2397,+50 40 13.4091,718.804,0.93,0.9,0.05,5500.0,,Confirmed planets
GJ 486 b,0,0.00887,0.11643,1.467119,0.01734,,,,,88.4,700.0,,transit,2021.0,21/03/05,12 47 56.6249,+09 45 05.0319,8.0761,0.323,0.328,0.07,3340.0,,Confirmed planets
Kepler-830 b,0,,0.152,11.29695137,,,,,,,,,transit,2016.0,16/05/10,19 40 13.0209,+42 45 24.5994,,1.07,1.11,-0.02,6037.0,,Confirmed planets
Kepler-1594 b,0,,0.095,2.71603809,,,,,,,,,transit,2016.0,16/05/10,19 34 29.5353,+47 57 42.8895,1004.82,1.06,1.08,0.03,5946.0,,Confirmed planets
2MASS J2206+3301,0,8.0,1.3,,,,,,,,1076.0,,imaging,2022.0,22/01/23,22 06 25.20,+33 01 14.44,34.4,,,,,,Confirmed planets
KELT-3 b,0,1.462,1.358,2.70339,0.04126,0.0,,,,84.14,1667.7,,transit,2012.0,12/11/07,09 54 34.3880,+40 23 16.9789,178.0,1.282,1.482,0.047,6304.0,,Confirmed planets
HD 73534 b,0,1.02,,1707.0,2.95,0.022,83.0,,,,,,RV,2009.0,17/12/10,08 39 15.8032,+12 57 37.3484,85.8,1.17,2.65,0.16,4952.0,,Confirmed planets
Kepler-1616 b,0,,0.091,6.76284377,,,,,,,,,transit,2016.0,16/05/10,19 06 10.4677,+45 18 17.5018,1176.47,1.21,1.34,0.02,6266.0,,Confirmed planets
Kepler-1472 b,0,,0.17,38.1312831,,,,,,,,,transit,2016.0,16/05/10,19 39 24.6302,+49 03 26.8579,1544.64,1.16,1.25,0.03,6159.0,,Confirmed planets
Kepler-20 b,0,0.027,0.17,3.6961219,0.04537,,,,,86.5,1092.1,,transit,2011.0,11/12/21,19 10 47.5234,+42 20 19.2993,290.0,0.912,0.944,0.02,5466.0,,Confirmed planets
Kepler-20 c,0,0.051,0.27,10.854092,0.093,,,,,88.39,759.9,,transit,2011.0,11/12/21,19 10 47.5234,+42 20 19.2993,290.0,0.912,0.944,0.02,5466.0,,Confirmed planets
Kepler-20 d,0,0.06,0.25,77.61185,0.3453,,,,,89.57,388.6,,transit,2011.0,11/12/21,19 10 47.5234,+42 20 19.2993,290.0,0.912,0.944,0.02,5466.0,,Confirmed planets
Kepler-20 e,0,,0.0791,6.098493,0.06335,,,,,87.5,1040.0,,transit,2011.0,11/12/21,19 10 47.5234,+42 20 19.2993,290.0,0.912,0.944,0.02,5466.0,,Confirmed planets
Kepler-20 f,0,,0.093,19.57706,0.1378,,,,,88.68,706.0,,transit,2011.0,11/12/21,19 10 47.5234,+42 20 19.2993,290.0,0.912,0.944,0.02,5466.0,,Confirmed planets
HD 165155 b,0,2.89,,434.5,1.13,0.2,211.0,,,,,,RV,2016.0,16/04/02,18 05 57.3497,-29 55 02.0900,64.98,1.02,0.95,0.09,5426.0,11.0,Confirmed planets
Kepler-1621 b,0,,0.193,92.263714,,,,,,,,,transit,2016.0,16/05/10,19 50 21.2501,+43 50 28.4326,1709.4,1.15,1.24,0.03,6158.0,,Confirmed planets
Kepler-811 b,0,,0.241,23.58447697,,,,,,,,,transit,2016.0,16/05/10,19 01 41.8186,+47 50 04.5916,1013.79,1.01,1.24,0.05,5747.0,,Confirmed planets
K2-90 b,0,,0.232,13.733314,0.096,,,,,89.24,502.0,,transit,2016.0,19/01/31,03 56 36.5759,+22 28 21.5294,134.9,0.63,0.62,-0.225,4484.0,,Confirmed planets
K2-90 c,0,,0.116,2.900706,0.035,0.19,56.76,,,86.94,,,transit,2016.0,17/10/26,03 56 36.5759,+22 28 21.5294,134.9,0.63,0.62,-0.225,4484.0,,Confirmed planets
Kepler-383 b,0,,0.12029,12.904532,,,,,,,,,transit,2014.0,14/02/26,19 25 22.2238,+38 21 47.2820,519.82,0.669,0.672,,4710.0,,Confirmed planets
Kepler-383 c,0,,0.113,31.200751,,,,,,,,,transit,2014.0,14/02/26,19 25 22.2238,+38 21 47.2820,519.82,0.669,0.672,,4710.0,,Confirmed planets
TrES-4 A b,2,0.494,1.838,3.55392771,0.0516,,,,,83.07,1795.0,,transit,2007.0,15/06/08,17 53 13,+37 12 42,485.0,1.45,1.81,0.28,6295.0,2.2,"Confirmed planets, Planets in binary systems, S-type"
HD 19994 A b,2,1.68,,535.7,1.42,0.3,,,,,,,RV,2000.0,12/12/08,03 12 46,-01 11 45,22.38,1.34,1.93,0.25,,,"Confirmed planets, Planets in binary systems, S-type"
Kepler-925 b,0,,0.209,33.8678531,,,,,,,,,transit,2016.0,16/05/10,19 20 25.5741,+40 29 26.3096,621.581,0.77,0.72,0.12,4673.0,,Confirmed planets
8 Ursae Minoris b,0,1.5,,93.4,0.49,0.06,,,,,,,RV,2015.0,15/09/30,14 56 48.3536,+74 54 03.3212,159.1,1.8,9.9,-0.03,4847.4,,Confirmed planets
HD 211403 b,0,5.54,,223.8,0.768,0.084,190.0,,,,380.0,,RV,2021.0,21/07/13,22 15 15.5952,+58 16 31.7699,83.29,1.2,1.206,0.18,6273.0,,Confirmed planets
Kepler-1002 b,0,,0.153,4.33642933,,,,,,,,,transit,2016.0,16/05/10,19 32 19.0746,+43 04 25.4305,,1.22,1.57,0.04,6144.0,,Confirmed planets
BD-10 3166 b,0,0.408,,3.48777,0.0427,0.019,334.0,,,,,,RV,2000.0,15/11/17,10 58 28.7798,-10 46 13.3917,65.19,0.85,0.81,0.382,5393.0,,Confirmed planets
Kepler-860 b,0,,0.289,5.10137945,,,,,,,,,transit,2016.0,16/05/10,19 42 18.5482,+46 15 17.0674,1088.85,1.04,1.06,0.09,5836.0,,Confirmed planets
TOI-1333 b,0,2.37,1.396,4.720219,0.0626,0.073,105.0,,,85.7,1679.0,,transit,2021.0,21/01/07,21 40 04.00,+48 24 25.00,200.4,1.464,1.925,0.12,6274.0,,Confirmed planets
Kepler-1276 b,0,,0.106,12.5720095,,,,,,,,,transit,2016.0,16/05/10,19 11 25.6860,+40 32 49.8431,546.896,1.14,1.21,-0.02,6188.0,,Confirmed planets
K2-209 b,0,,0.078,2.08061,,,,,,86.2,,,transit,2018.0,18/07/24,00 58 45.7609,+01 23 01.6747,69.17,0.745,0.712,-0.06,,,Confirmed planets
K2-231 b,0,,0.223,13.841901,,,,,,88.6,,,transit,2018.0,18/03/23,19 16 22.0388,-15 46 15.9810,295.0,1.01,0.95,0.14,5695.0,3.0,"Confirmed planets, Planets in open clusters"
Kepler-1151 b,0,,0.198,65.6478424,,,,,,,,,transit,2016.0,16/05/10,19 28 59.4641,+47 52 42.3600,695.991,0.88,0.85,-0.11,5470.0,,Confirmed planets
HD 221287 b,0,3.09,,456.1,1.25,0.08,,,,,259.0,,RV,2007.0,10/12/28,23 31 20.3381,-58 12 35.0324,52.9,1.25,,0.03,6304.0,,Confirmed planets
TOI-519 b,0,14.0,1.07,1.2652328,0.012,,,,,88.9,760.0,,transit,2021.0,21/04/02,08 18 25.6680,-19 39 46.5014,115.557,0.37,0.37,,3350.0,,Confirmed planets
KOI-1474 b,0,2.5,0.964,69.7546,0.37,0.833,95.2,,0.0,88.95,,,transit,2015.0,15/03/18,19 41 40.2991,+51 11 05.1660,1041.34,1.39,1.75,0.14,6370.0,,Confirmed planets
Kepler-419 c,0,7.3,,675.47,1.68,0.184,275.3,,4.0,88.0,,,timing,2012.0,15/03/18,19 41 40.2991,+51 11 05.1660,1041.34,1.39,1.75,0.14,6370.0,,Confirmed planets
GJ 422 b,0,0.03483,,20.129,0.111,0.11,265.0,,,,,,RV,2014.0,20/02/13,11 16 00.2045,-57 32 51.5713,12.67,0.35,,,,,Confirmed planets
Kepler-1767 b,0,0.0294,0.269,59.65829849,0.2873,0.0,,,,88.38,393.0,,transit,2021.0,22/02/01,19 34 35,+46 59 23,820.506,0.89,0.83,0.14,5243.0,,Confirmed planets
Kepler-302 c,0,,1.13457,127.282184,,,,,,,,,transit,2014.0,14/02/26,19 37 16.0722,+43 37 45.5312,1712.49,1.021,1.22,,5740.0,,Confirmed planets
Kepler-302 b,0,,0.36999,30.184104,,,,,,,,,transit,2014.0,14/02/26,19 37 16.0722,+43 37 45.5312,1712.49,1.021,1.22,,5740.0,,Confirmed planets
WASP-85 A b,2,1.265,1.24,2.6556777,0.039,0.0,,,,89.69,1452.0,,transit,2014.0,15/09/15,11 43 38.01,+06 33 49.4,128.0,1.09,0.935,0.08,6112.0,,"Confirmed planets, Planets in binary systems, S-type"
Kepler-704 b,0,,0.233,3.76182115,,,,,,,,,transit,2016.0,16/05/10,18 53 15.9350,+41 50 13.6445,1273.24,0.97,0.96,0.09,5616.0,,Confirmed planets
HATS-70 b,0,12.9,1.384,1.8882378,0.03632,0.18,,,,86.7,2730.0,,transit,2019.0,19/02/14,07 16 25.0880,-31 14 39.8585,1307.0,1.78,1.88,0.041,7930.0,,Confirmed planets
K2-178 b,0,,0.3176,8.74782,,,,,,88.6,,,transit,2018.0,18/07/24,03 31 33.3330,+22 26 05.5137,373.5,0.951,0.887,0.09,,,Confirmed planets
HD 16417 b,0,0.069,,17.24,0.14,0.2,,,,,875.5,,RV,2009.0,09/02/25,02 36 58.6079,-34 34 40.7134,25.5,1.18,,0.19,5936.0,,Confirmed planets
tau Ceti b,0,0.00629,,13.965,0.105,0.16,86.0,,,,,,RV,2012.0,17/11/28,01 44 04.08338,-15 56 14.9262,3.6502,0.783,0.793,-0.55,5344.0,5.8,Retracted planet candidate
tau Ceti c,0,0.00975,,35.362,0.195,0.03,172.0,,,,,,RV,2012.0,17/11/28,01 44 04.08338,-15 56 14.9262,3.6502,0.783,0.793,-0.55,5344.0,5.8,Retracted planet candidate
tau Ceti d,0,0.0113,,94.11,0.374,0.08,229.0,,,,,,RV,2012.0,17/11/28,01 44 04.08338,-15 56 14.9262,3.6502,0.783,0.793,-0.55,5344.0,5.8,Retracted planet candidate
tau Ceti e,0,0.0124,,162.87,0.538,0.18,22.3,,,,,,RV,2012.0,17/11/28,01 44 04.08338,-15 56 14.9262,3.6502,0.783,0.793,-0.55,5344.0,5.8,Confirmed planets
tau Ceti f,0,0.0124,,636.13,1.334,0.16,119.7,,,,,,RV,2012.0,17/11/28,01 44 04.08338,-15 56 14.9262,3.6502,0.783,0.793,-0.55,5344.0,5.8,Confirmed planets
tau Ceti g,0,0.00551,,20.0,,0.06,395.3,,,,,,RV,2017.0,17/11/28,01 44 04.08338,-15 56 14.9262,3.6502,0.783,0.793,-0.55,5344.0,5.8,Confirmed planets
tau Ceti h,0,0.00576,,49.41,0.243,0.23,7.4,,,,,,RV,2017.0,17/11/28,01 44 04.08338,-15 56 14.9262,3.6502,0.783,0.793,-0.55,5344.0,5.8,Confirmed planets
Wolf 503 b,0,,0.181,6.00118,0.0571,,,,,,805.0,,transit,2018.0,18/09/06,13 47 23.4437,-06 08 12.7292,44.58,0.69,0.69,-0.47,4716.0,,Confirmed planets
Kepler-256 c,0,,0.19593,3.38802,,,,,,,,,transit,2014.0,14/02/26,19 30 19.3010,+46 05 50.5324,1394.65,1.0,1.301,,5551.0,,Confirmed planets
Kepler-256 d,0,,0.226,5.839172,,,,,,,,,transit,2014.0,14/02/26,19 30 19.3010,+46 05 50.5324,1394.65,1.0,1.301,,5551.0,,Confirmed planets
Kepler-256 b,0,,0.1449,1.620493,,,,,,,,,transit,2014.0,14/02/26,19 30 19.3010,+46 05 50.5324,1394.65,1.0,1.301,,5551.0,,Confirmed planets
Kepler-256 e,0,,0.21416,10.681572,,,,,,,,,transit,2014.0,14/02/26,19 30 19.3010,+46 05 50.5324,1394.65,1.0,1.301,,5551.0,,Confirmed planets
Kepler-1881 b,0,0.0289,0.266,159.3939972,0.5368,0.0,,,,89.96,289.0,,transit,2021.0,22/02/01,19 34 33,+44 58 57,1057.21,0.81,0.87,0.12,5135.0,,Confirmed planets
HATS-76 b,0,2.629,1.079,1.9416423,0.02658,,,,,88.24,940.0,,transit,2021.0,21/12/06,04 41 22.00,-32 19 14.00,390.0,0.662,0.626,0.322,4016.0,,Confirmed planets
HD 151450 b,0,0.11719,0.607,21.89287913,0.159926,0.49556,257.9968,,,,,,RV,2022.0,22/09/27,16 48 02,-15 57 52,43.6002,1.14,1.17,,6091.98,,Confirmed planets
HD 151450 c,0,5.14148,1.15,18144.7623572,14.10056,0.137994,31.1787,,,42.369,,,RV,2022.0,22/09/27,16 48 02,-15 57 52,43.6002,1.14,1.17,,6091.98,,Confirmed planets
HD 85512 b,0,0.011,,58.43,0.26,0.11,,,,,297.4,,RV,2011.0,11/08/18,09 51 07.0520,-43 30 10.0219,11.15,0.69,,-0.33,4715.0,,Confirmed planets
HD 216437 b,0,1.82,,1256.0,2.32,0.29,,,,,170.2,,RV,2002.0,10/12/30,22 54 39.4829,-70 04 25.3566,26.5,1.06,1.1,0.25,5636.0,,Confirmed planets
K2-241 b,0,,0.227,26.8199,0.1567,,,,,,507.0,,transit,2018.0,18/07/12,12 04 57.3907,-06 48 18.1574,149.6,0.71,0.75,-0.44,5262.0,,Confirmed planets
HIP 79098 AB b,1,20.5,,,345.0,,,,,,2450.0,,imaging,2019.0,19/07/11,16 08 44,-23 41 08,146.3,,,,,,"Confirmed planets, Planets in binary systems, P-type"
UScoCTIO 108 b,0,14.0,,,,,,,,,2350.0,,imaging,2007.0,11/12/14,16 05 54.0747,-18 18 44.3804,145.0,0.057,,,2700.0,,Confirmed planets
Kepler-391 b,0,,0.29162,7.416755,,,,,,,,,transit,2014.0,14/02/26,19 22 29.2353,+51 03 26.3254,1174.48,,3.569,,4940.0,,Confirmed planets
Kepler-391 c,0,,0.3226,20.485435,,,,,,,,,transit,2014.0,14/02/26,19 22 29.2353,+51 03 26.3254,1174.48,,3.569,,4940.0,,Confirmed planets
Kepler-664 b,0,,0.237,2.52559332,,,,,,,,,transit,2016.0,16/05/10,19 15 01.1744,+48 13 34.2831,1253.29,1.01,1.02,0.07,5754.0,,Confirmed planets
WASP-38 b,0,2.71,1.09,6.87188,0.0758,0.028,-22.2,,,89.5,1152.9,,transit,2010.0,13/03/30,16 15 50.3652,+10 01 57.2844,110.0,1.23,1.35,-0.12,6150.0,3.41,Confirmed planets
HD 13808 b,0,0.0325,,14.182,0.1017,0.17,,,,,617.8,,RV,2011.0,11/09/12,02 12 42.9255,-53 44 38.0126,28.6,,,,5150.0,,Confirmed planets
HD 13808 c,0,0.036,,53.832,0.2476,0.43,,,,,391.9,,RV,2011.0,11/09/12,02 12 42.9255,-53 44 38.0126,28.6,,,,5150.0,,Confirmed planets
HD 156279 b,0,9.71,,131.05,0.495,0.708,-95.8,,,,,,RV,2011.0,17/12/10,17 12 23.2036,+63 21 07.5347,36.52,0.93,,0.14,5453.0,,Confirmed planets
HD 156279 c,0,8.6,,4191.0,4.97,0.231,101.0,,,,,,RV,2016.0,17/12/10,17 12 23.2036,+63 21 07.5347,36.52,0.93,,0.14,5453.0,,Confirmed planets
Kepler-1133 b,0,,0.176,11.55562343,,,,,,,,,transit,2016.0,16/05/10,19 33 17.3794,+42 52 02.8844,769.468,0.93,0.9,-0.02,5569.0,,Confirmed planets
Kepler-1145 b,0,,0.125,3.97076766,,,,,,,,,transit,2016.0,16/05/10,19 41 13.9503,+43 02 39.7613,705.667,0.79,0.75,-0.13,5064.0,,Confirmed planets
HD 114386 b,0,1.24,,937.0,1.65,0.23,,,,,182.8,,RV,2003.0,14/03/05,13 10 39.8240,-35 03 17.2147,28.04,0.75,0.76,,4819.0,2.19,Confirmed planets
HD 114386 c,0,1.19,,1046.0,,0.06,,,,,,,RV,2011.0,11/09/13,13 10 39.8240,-35 03 17.2147,28.04,0.75,0.76,,4819.0,2.19,Confirmed planets
DH Tau B,0,12.0,,,,,,,,,2750.0,,imaging,2005.0,11/03/08,04 29 41.5520,+26 32 58.1237,140.01,0.4,,,3840.0,,Confirmed planets
Kepler-1853 b,0,0.00918,0.135,48.88819885,0.2395,0.0,,,,86.81,386.0,,transit,2021.0,22/02/01,18 58 59,+46 22 25,562.348,0.77,0.79,0.16,4821.0,,Confirmed planets
YSES 2 b,0,6.3,,,114.0,,,,,,,,imaging,2021.0,21/03/25,11 27 55.00,-66 26 05.00,109.25,1.1,1.193,,4749.0,,Confirmed planets
Kepler-964 b,0,,0.189,13.5225106,,,,,,,,,transit,2016.0,16/05/10,19 41 12.0154,+40 33 23.6991,460.617,0.93,0.84,0.03,5427.0,,Confirmed planets
Kepler-1153 b,0,,0.154,1.75583533,,,,,,,,,transit,2016.0,16/05/10,19 16 35.3273,+45 51 58.1823,1155.94,0.91,0.88,0.03,5470.0,,Confirmed planets
Kepler-1007 b,0,,0.128,5.18500207,,,,,,,,,transit,2016.0,16/05/10,19 43 37.5733,+45 48 32.8613,,0.73,0.7,0.03,4587.0,,Confirmed planets
Kepler-1624 b,0,,0.509,3.29030452,,,,,,,,,transit,2016.0,16/05/10,19 30 19.1688,+37 22 35.0102,260.879,0.5,0.47,0.06,3636.0,,Confirmed planets
Kepler-348 b,0,,0.13852,7.05677,,,,,,,,,transit,2014.0,14/02/26,19 49 01.2090,+40 32 54.0835,568.09,,1.359,,6177.0,,Confirmed planets
Kepler-348 c,0,,0.1212,17.265427,,,,,,,,,transit,2014.0,14/02/26,19 49 01.2090,+40 32 54.0835,568.09,,1.359,,6177.0,,Confirmed planets
Kepler-1846 b,0,0.0118,0.157,14.82009983,0.1089,0.0,,,,89.88,552.0,,transit,2021.0,22/02/01,19 37 34,+44 45 47,374.615,0.79,0.73,0.08,4825.0,,Confirmed planets
Kepler-785 b,0,,1.162,1.97376093,,,,,,,,,transit,2016.0,16/05/10,19 28 16.3970,+38 50 32.1440,653.595,0.77,0.71,-0.02,4739.0,,Confirmed planets
Kepler-1991 b,0,0.00869,0.165,13.26079792,0.1065,0.0,,,,89.51,760.0,,transit,2023.0,23/10/15,19 00 09,+45 04 16,855.82,0.91,1.05,0.16,5478.0,,Confirmed planets
Kepler-1991 c,0,0.0224,0.259,22.79020351,0.1528,0.0,,,,89.94,634.0,,transit,2023.0,23/10/15,19 00 09,+45 04 16,855.82,0.91,1.05,0.16,5478.0,,Confirmed planets
Kepler-1060 b,0,,0.212,46.8779367,,,,,,,,,transit,2016.0,16/05/10,19 04 06.0486,+39 37 51.3400,972.857,0.99,0.99,-0.03,5797.0,,Confirmed planets
HD 45364 b,0,0.1872,,226.93,0.6813,0.1684,,,,,273.1,,RV,2009.0,12/01/31,06 25 38.4744,-31 28 51.4284,32.6,0.82,,-0.17,5434.0,,Confirmed planets
HD 45364 c,0,0.6579,,342.85,0.8972,0.0974,,,,,238.3,,RV,2009.0,12/01/31,06 25 38.4744,-31 28 51.4284,32.6,0.82,,-0.17,5434.0,,Confirmed planets
HD 89307 b,0,2.0,,2199.0,3.34,0.25,,,,,146.5,,RV,2004.0,12/05/25,10 18 21.2874,+12 37 15.9919,30.9,1.028,1.05,-0.14,5950.0,,Confirmed planets
Kepler-1619 b,0,,0.068,23.6225913,,,,,,,,,transit,2016.0,16/05/10,19 02 48.8360,+44 25 19.1543,750.751,1.0,1.0,-0.07,5852.0,,Confirmed planets
70 Vir b,0,7.4,,116.6926,0.481,0.399,,,,,479.1,,RV,1996.0,15/04/15,13 28 25.80861,+13 46 43.6386,18.1,1.09,1.94,-0.09,5439.0,7.77,Confirmed planets
Kepler-548 b,0,,1.07,4.45419434,,,,,,,,,transit,2016.0,16/05/10,19 59 37.4206,+45 26 22.8310,768.167,0.93,0.9,0.0,5535.0,,Confirmed planets
HD 13189 b,0,14.0,,471.6,1.85,0.27,,,,,442.7,,RV,2005.0,10/12/29,02 09 40.1721,+32 18 59.1607,185.0,4.5,50.39,,5150.0,,Confirmed planets
Kepler-1841 b,0,0.00888,0.133,25.88599968,0.1606,0.0,,,,87.16,542.0,,transit,2021.0,22/02/01,19 10 50,+40 41 07,631.7,0.82,0.9,0.12,5190.0,,Confirmed planets
HD 222076 b,0,1.56,,871.0,1.83,0.08,241.0,,,,,,RV,2016.0,16/11/24,23 38 07.9443,-70 05 48,83.5,1.07,4.14,0.05,4806.0,,Confirmed planets
Kepler-1368 b,0,,0.147,0.67564949,,,,,,,,,transit,2016.0,16/05/10,19 39 04.0749,+41 38 40.7759,,1.07,1.08,0.1,5906.0,,Confirmed planets
Kepler-1370 b,0,,0.164,20.2641684,,,,,,,,,transit,2016.0,16/05/10,18 58 15.7627,+41 46 42.4776,1034.02,1.19,1.29,0.05,6202.0,,Confirmed planets
Kepler-1370 c,0,,0.113,7.44142113,,,,,,,,,transit,2016.0,16/05/10,18 58 15.7627,+41 46 42.4776,1034.02,1.19,1.29,0.05,6202.0,,Confirmed planets
WASP-5 b,0,1.637,1.171,1.6284246,0.02729,0.0,,,,85.8,1584.0,,transit,2007.0,10/11/29,23 57 23.7565,-41 16 37.7455,297.0,1.0,1.084,0.09,5700.0,,Confirmed planets
OGLE-2018-BLG-0799 b,0,0.41,,,1.38,,,,,,,,microlensing,2020.0,20/10/20,18 13 50.00,-25 29 09.00,6290.0,0.16,,,,,Confirmed planets
HD 196067 b,0,6.9,,3638.0,5.02,0.66,148.2,,,,177.2,,RV,2011.0,12/11/29,20 41 44.1008,-75 21 02.8848,44.3,1.29,1.73,0.18,5940.0,3.3,Confirmed planets
Gliese 328 b,0,2.3,,4100.0,4.5,0.37,290.0,,,,,,RV,2013.0,13/07/31,08 55 07.6219,+01 32 47.4164,19.8,0.69,,0.0,3900.0,,Confirmed planets
HATS-31 b,0,0.88,1.64,3.37796,0.0478,0.233,,,,85.0,,,transit,2016.0,16/07/11,12 46 48.6784,-24 35 38.5,872.0,1.275,1.87,0.0,6050.0,4.3,Confirmed planets
EPIC 246193072 b,0,0.26,0.774,12.4551225,0.1016,0.0697,161.0,,,89.22,650.0,,transit,2020.0,20/11/19,23 24 32,-05 09 51,230.36,0.9,0.82,0.098,5282.0,,Confirmed planets
Kepler-1708 b,0,,0.8886,737.1131,1.64,,,,,,,,transit,2021.0,22/01/14,19 47 18.00,+43 37 29.00,1667.0,1.088,1.117,0.0,6157.0,,Confirmed planets
Kepler-1708 b-i,0,,0.2329,4.6,0.05,,,,,9.0,,,transit,2021.0,22/01/14,19 47 18.00,+43 37 29.00,1667.0,1.088,1.117,0.0,6157.0,,Confirmed planets
Kepler-1589 b,0,,0.097,0.99166527,,,,,,,,,transit,2016.0,16/05/10,19 37 46.0422,+40 34 17.9384,1579.28,1.18,1.25,0.08,6166.0,,Confirmed planets
Kepler-1182 b,0,,0.215,11.17394617,,,,,,,,,transit,2016.0,16/05/10,19 45 13.9088,+43 49 16.8679,1615.25,1.04,1.05,0.01,5924.0,,Confirmed planets
KMT-2021-BLG-0320 b,0,0.1,,,2.0,,,,,,,,microlensing,2022.0,22/05/26,17 57 33.00,-30 30 14.00,6950.0,0.32,,,,,Confirmed planets
Kepler-1435 b,0,,0.077,4.45343281,,,,,,,,,transit,2016.0,16/05/10,19 24 41.5890,+44 55 16.0603,718.752,1.21,1.32,-0.03,6356.0,,Confirmed planets
Kepler-1798 b,0,0.0187,0.206,16.85589981,0.1082,0.0,,,,89.96,408.0,,transit,2021.0,22/02/01,19 26 54,+37 31 44,395.196,0.59,0.59,0.06,3967.0,,Confirmed planets
CoRoT-17 b,0,2.45,1.02,3.768125,0.0461,0.0,,,,88.34,1486.4,,transit,2010.0,11/05/11,18 34 47.8213,-06 36 44.1119,920.0,1.04,1.59,,5740.0,,Confirmed planets
47 UMa b,0,2.53,,1078.0,2.1,0.032,334.0,,,,,,RV,1996.0,15/09/24,10 59 27.97282,+40 25 48.9202,14.063,1.063,1.24,-0.019,5818.7,6.48,Confirmed planets
47 UMa c,0,0.54,,2391.0,3.6,0.098,295.0,,,,,,RV,2001.0,15/09/24,10 59 27.97282,+40 25 48.9202,14.063,1.063,1.24,-0.019,5818.7,6.48,Confirmed planets
47 UMa d,0,1.64,,14002.0,11.6,0.16,110.0,,,,,,RV,2010.0,15/09/24,10 59 27.97282,+40 25 48.9202,14.063,1.063,1.24,-0.019,5818.7,6.48,Confirmed planets
Kepler-660 b,0,,0.229,9.27358194,,,,,,,,,transit,2016.0,16/05/10,19 12 33.1868,+47 43 28.1098,577.768,0.75,0.71,-0.07,4779.0,,Confirmed planets
K2-232 b,0,0.398,1.0,11.168454,0.10356,0.258,207.0,,,89.14,1030.0,,transit,2018.0,18/04/05,04 55 03.9625,+18 39 16.3104,131.21,1.19,1.16,0.1,6154.0,,Confirmed planets
Kepler-1554 b,0,,0.259,198.088774,,,,,,,,,transit,2016.0,16/05/10,19 06 18.2736,+41 44 29.3881,972.668,0.84,0.81,-0.1,5297.0,,Confirmed planets
Kepler-1199 b,0,,0.103,15.0447198,,,,,,,,,transit,2016.0,16/05/10,19 34 54.2134,+47 14 49.2002,581.463,0.94,1.17,-0.27,5889.0,,Confirmed planets
Kepler-1421 b,0,,0.083,6.9131112,,,,,,,,,transit,2016.0,16/05/10,19 06 19.3464,+48 32 39.0463,801.346,1.25,1.42,0.05,6335.0,,Confirmed planets
Kepler-1155 b,0,,0.181,33.469743,,,,,,,,,transit,2016.0,16/05/10,19 15 16.9430,+39 31 22.1971,,1.03,1.03,0.04,5842.0,,Confirmed planets
K2-152 b,0,,0.204,32.6479,0.1716,,,,,,337.0,,transit,2018.0,18/07/12,12 06 31.8743,-05 49 38.6817,108.7,0.63,0.61,0.12,4044.0,,Confirmed planets
K2-253 b,0,,1.13,4.00167,0.0506,,,,,,1238.0,,transit,2018.0,18/07/12,12 24 20.4928,-06 22 44.0154,901.8,1.08,1.1,0.0,6027.0,,Confirmed planets
Kepler-1113 b,0,,0.251,42.3004954,,,,,,,,,transit,2016.0,16/05/10,19 17 37.6104,+39 20 19.7691,1107.67,1.12,1.17,0.18,5931.0,,Confirmed planets
Kepler-324 b,0,0.00489,0.102,4.385315,0.05,0.0,,,,88.5,935.0,,transit,2014.0,21/06/17,19 05 53,+49 38 57,501.574,0.87,0.84,0.03,5194.0,,Confirmed planets
Kepler-324 d,0,0.00702,0.101,34.169,0.1949,0.0,,,,89.62,475.0,,transit,2021.0,21/06/17,19 05 53,+49 38 57,501.574,0.87,0.84,0.03,5194.0,,Confirmed planets
Kepler-324 c,0,0.0317,0.281,51.805612,0.26,0.0,,,,89.75,410.0,,transit,2014.0,21/06/17,19 05 53,+49 38 57,501.574,0.87,0.84,0.03,5194.0,,Confirmed planets
Kepler-1239 b,0,,0.259,5.19104016,,,,,,,,,transit,2016.0,16/05/10,19 32 30.5634,+42 19 12.3268,,1.4,1.57,0.22,6564.0,,Confirmed planets
OGLE-2017-BLG-0406L b,0,0.41,,,3.5,,,,,,,,microlensing,2020.0,20/07/09,17 56 00,-29 51 47,5200.0,0.56,,,,,Confirmed planets
K2-416 b,0,5.2,0.237,13.102,0.088,,,,,89.25,447.0,,transit,2023.0,23/10/15,23 16 53,-05 12 05,120.311,0.55,0.55,,3746.0,,Confirmed planets
KMT-2021-BLG-0240L b,0,0.21,0.856,,2.8,,,,,,,,microlensing,2022.0,23/01/12,17 50 19,-30 00 18,6600.0,0.56,,,,,Confirmed planets
Kepler-220 c,0,,0.14307,9.034199,,,,,,,,,transit,2014.0,14/02/26,19 26 01.4892,+46 53 44.7805,208.38,0.717,0.666,,4632.0,,Confirmed planets
Kepler-220 d,0,,0.08931,28.122397,,,,,,,,,transit,2014.0,14/02/26,19 26 01.4892,+46 53 44.7805,208.38,0.717,0.666,,4632.0,,Confirmed planets
Kepler-220 e,0,,0.1212,45.902733,,,,,,,,,transit,2014.0,14/02/26,19 26 01.4892,+46 53 44.7805,208.38,0.717,0.666,,4632.0,,Confirmed planets
Kepler-220 b,0,,0.07382,4.159807,,,,,,,,,transit,2014.0,14/02/26,19 26 01.4892,+46 53 44.7805,208.38,0.717,0.666,,4632.0,,Confirmed planets
K2-210 b,0,,0.073,0.570233,,,,,,84.1,,,transit,2018.0,18/07/24,01 10 33.8315,+01 34 41.7944,179.2,0.912,0.852,0.05,,,Confirmed planets
HD 44219 b,0,0.58,,472.3,1.19,0.61,,,,,260.2,,RV,2009.0,10/09/08,06 20 14.3232,-10 43 30.0309,50.43,1.0,1.32,0.03,5752.0,,Confirmed planets
Kepler-1847 b,0,0.0251,0.245,11.12969971,0.0989,0.0,,,,88.66,843.0,,transit,2021.0,22/02/01,19 46 24,+44 19 31,1693.86,1.04,0.96,-0.18,6122.0,,Confirmed planets
Kepler-623 b,0,,0.269,9.07097734,,,,,,,,,transit,2016.0,16/05/10,19 47 56.8190,+47 28 38.5992,753.409,0.9,0.86,-0.03,5443.0,,Confirmed planets
K2-170 c,0,,0.1606,12.4,,,,,,88.7,,,transit,2018.0,18/07/24,22 21 48.1723,-14 35 35.8435,496.8,0.964,0.98,-0.11,,,Confirmed planets
K2-170 b,0,,0.1267,7.5765,,,,,,88.0,,,transit,2018.0,18/07/24,22 21 48.1723,-14 35 35.8435,496.8,0.964,0.98,-0.11,,,Confirmed planets
TOI-4087 b,0,0.73,1.164,3.1774835,0.04469,0.0,,,,87.82,1458.0,,transit,2023.0,23/10/15,14 31 42,+83 22 22,301.676,1.18,1.11,0.237,6060.0,,Confirmed planets
TOI-3912 b,0,0.406,1.274,3.4936264,0.0463,0.0,,,,85.64,1512.0,,transit,2023.0,23/10/15,14 23 12,+24 04 36,465.992,1.09,1.39,0.187,5725.0,,Confirmed planets
Kepler-571 b,0,,0.236,4.79859939,,,,,,,,,transit,2016.0,16/05/10,19 06 12.2453,+49 25 07.3255,739.262,0.93,0.9,0.01,5527.0,,Confirmed planets
Kepler-713 b,0,,0.221,7.411141,,,,,,,,,transit,2016.0,16/05/10,19 42 36.3536,+43 01 47.3242,1124.1,0.98,0.99,-0.03,5785.0,,Confirmed planets
HATS-68 b,0,1.29,1.232,3.58622202,0.05071,0.0,,,,83.21,1741.0,,transit,2018.0,18/12/13,01 00 01.4134,-58 54 17.1247,614.6,1.351,1.748,0.21,6147.0,,Confirmed planets
Kepler-840 b,0,,1.523,2.49577962,,,,,,,,,transit,2016.0,16/05/10,19 46 01.7684,+49 27 26.2384,1154.87,1.04,1.06,0.0,5920.0,,Confirmed planets
Kepler-530 b,0,,0.269,39.30941904,,,,,,,,,transit,2016.0,16/05/10,18 53 21.6644,+48 32 56.5208,463.843,0.97,0.89,-0.08,5697.0,,Confirmed planets
HD 179949 b,0,0.95,,3.0925,0.045,0.022,,,,,1419.4,,RV,2000.0,06/09/06,19 15 33.2300,-24 10 45.6733,27.0,1.28,1.19,0.22,6260.0,,Confirmed planets
Kepler-1923 b,0,0.0142,0.175,52.60969925,0.2846,0.0,,,,89.88,553.0,,transit,2021.0,22/02/01,19 52 20,+40 20 47,990.838,1.11,1.29,0.16,5881.0,,Confirmed planets
Kepler-570 b,0,,0.219,4.301662,,,,,,,,,transit,2016.0,16/05/10,19 21 45.0248,+48 47 30.7890,577.601,0.93,0.9,0.06,5496.0,,Confirmed planets
SDSS J1110+0116,3,11.0,1.18,,,,,,,,940.0,0.12,imaging,2015.0,17/07/02,11 10 10,+01 16 13,19.19,,,,,,Confirmed planets
TOI-1680 b,0,0.00865,0.131,4.8026345,0.03144,,,,,89.58,404.0,,transit,2023.0,23/10/15,19 29 15,+65 58 26,37.2209,0.18,0.21,0.04,3225.0,,Confirmed planets
WASP-49 b,0,0.378,1.115,2.7817387,0.0379,0.0,,,,84.89,1369.0,,transit,2011.0,12/05/15,06 04 21.4734,-16 57 55.1088,170.0,0.938,0.976,-0.23,5600.0,,Confirmed planets
WASP-53 b,0,2.132,1.074,3.3098443,0.04101,0.03,,,,87.08,1053.0,,transit,2017.0,17/02/02,02 07 38.2093,-20 39 42.7616,202.51,0.84,0.8,0.22,4953.0,,Confirmed planets
WASP-53 c,0,16.35,,2840.0,3.73,0.8369,198.6,,,,,,RV,2017.0,17/02/02,02 07 38.2093,-20 39 42.7616,202.51,0.84,0.8,0.22,4953.0,,Confirmed planets
Kepler-310 c,0,,0.30802,56.47542,,,,,,,,,transit,2014.0,14/02/26,19 15 21.4377,+46 59 12.2927,713.11,0.97,0.876,,5797.0,,Confirmed planets
Kepler-310 d,0,,0.22509,92.876125,,,,,,,,,transit,2014.0,14/02/26,19 15 21.4377,+46 59 12.2927,713.11,0.97,0.876,,5797.0,,Confirmed planets
Kepler-310 b,0,,0.10845,13.930698,,,,,,,,,transit,2014.0,14/02/26,19 15 21.4377,+46 59 12.2927,713.11,0.97,0.876,,5797.0,,Confirmed planets
TOI-1411 b,0,2.5,1.36,1.4520358,0.023,,,,,,1136.0,,transit,2022.0,22/01/30,15 31 47.00,+47 03 25.00,32.5,0.59,0.66,,4266.0,,Confirmed planets
WASP-20 b,0,0.313,1.458,4.8996285,0.06003,0.0,,,,85.57,1379.0,,transit,2011.0,14/02/07,00 20 38.5361,-23 56 08.7938,210.0,1.202,1.392,-0.009,5950.0,7.0,Confirmed planets
Kepler-1167 b,0,,0.153,1.00393374,,,,,,,,,transit,2016.0,16/05/10,19 53 12.6548,+47 41 38.4472,839.772,0.79,0.75,-0.05,4971.0,,Confirmed planets
HD 82943 b,0,1.75,,442.4,1.1866,0.203,107.0,333.0,,19.41,250.5,,RV,2003.0,13/06/05,09 34 50.7352,-12 07 46.3633,27.46,1.13,1.12,0.32,5874.0,3.0,Confirmed planets
HD 82943 c,0,2.01,,219.3,0.7423,0.425,133.0,256.0,,19.41,314.7,,RV,2003.0,13/06/05,09 34 50.7352,-12 07 46.3633,27.46,1.13,1.12,0.32,5874.0,3.0,Confirmed planets
HD 141399 b,0,0.451,,94.44,0.415,0.04,-90.0,,,,,,RV,2014.0,17/12/09,15 46 53.8133,+46 59 10.5407,37.38,1.07,1.46,0.35,5600.0,,Confirmed planets
HD 141399 c,0,1.33,,210.99,0.689,0.048,-140.0,,,,,,RV,2014.0,17/12/09,15 46 53.8133,+46 59 10.5407,37.38,1.07,1.46,0.35,5600.0,,Confirmed planets
HD 141399 d,0,1.18,,1069.8,2.09,0.074,-140.0,,,,,,RV,2014.0,17/12/09,15 46 53.8133,+46 59 10.5407,37.38,1.07,1.46,0.35,5600.0,,Confirmed planets
HD 141399 e,0,0.66,,5000.0,5.0,0.26,-10.0,,,,,,RV,2014.0,17/12/09,15 46 53.8133,+46 59 10.5407,37.38,1.07,1.46,0.35,5600.0,,Confirmed planets
Kepler-1673 b,0,,0.262,33.7888,,,,,,,,,transit,2020.0,20/09/03,19 02 40,+48 43 10,742.78,,1.04,,6220.81,,Confirmed planets
2MASS J0030-1450,0,10.0,1.36,,,,,,,,1264.0,,imaging,2022.0,22/01/23,00 30 30.13,-14 50 33.40,26.7,,,,,,Confirmed planets
Kepler-321 c,0,,0.21142,13.093921,,,,,,,,,transit,2014.0,14/02/26,19 37 48.8859,+44 08 44.7961,461.82,0.898,1.194,,5740.0,,Confirmed planets
Kepler-321 b,0,,0.1613,4.915379,,,,,,,,,transit,2014.0,14/02/26,19 37 48.8859,+44 08 44.7961,461.82,0.898,1.194,,5740.0,,Confirmed planets
K2-173 b,0,,0.1436,5.8687,,,,,,87.8,,,transit,2018.0,18/07/24,04 01 29.9880,+15 37 30.1648,302.0,0.882,0.843,-0.25,,,Confirmed planets
TOI-3540 b,0,1.18,2.1,3.119999,0.04289,0.0,,,,81.93,1498.0,,transit,2022.0,22/05/25,21 55 38.00,+28 10 46.00,282.4,,1.34,,58.65,,Confirmed planets
HD 148156 b,0,0.85,,1010.0,2.45,0.52,,,,,191.9,,RV,2009.0,10/09/09,16 28 17.2846,-46 19 03.4633,53.05,1.22,1.21,0.29,6308.0,,Confirmed planets
Kepler-366 b,0,,0.13305,3.281959,,,,,,,,,transit,2014.0,14/02/26,19 47 24.4855,+49 05 03.9400,1268.38,1.1,1.048,,6209.0,,Confirmed planets
Kepler-366 c,0,,0.16312,12.51616,,,,,,,,,transit,2014.0,14/02/26,19 47 24.4855,+49 05 03.9400,1268.38,1.1,1.048,,6209.0,,Confirmed planets
Kepler-1526 b,0,,0.217,3.908632,,,,,,,,,transit,2016.0,16/05/10,19 00 28.7251,+38 51 59.1729,564.398,0.73,0.69,-0.01,4601.0,,Confirmed planets
Kepler-770 b,0,,0.205,18.92540274,,,,,,,,,transit,2016.0,16/05/10,19 05 57.7024,+38 22 29.6941,955.84,0.94,0.92,-0.01,5598.0,,Confirmed planets
Kepler-770 c,0,,0.107,1.47532231,,,,,,,,,transit,2016.0,16/05/10,19 05 57.7024,+38 22 29.6941,955.84,0.94,0.92,-0.01,5598.0,,Confirmed planets
Kepler-770 d,0,,0.125,4.15244722,,,,,,,,,transit,2016.0,16/05/10,19 05 57.7024,+38 22 29.6941,955.84,0.94,0.92,-0.01,5598.0,,Confirmed planets
Kepler-160 b,0,,0.153,4.309397,0.05511,,,,,,,,transit,2014.0,20/07/09,19 11 05.6526,+42 52 09.4724,962.92,,1.12,,5471.0,,Confirmed planets
Kepler-160 c,0,,0.335,13.699429,0.1192,,,,,,,,transit,2014.0,20/07/09,19 11 05.6526,+42 52 09.4724,962.92,,1.12,,5471.0,,Confirmed planets
Kepler-160 d,0,0.31463,,30.0,0.17,,,,,86.9,,,timing,2020.0,20/07/09,19 11 05.6526,+42 52 09.4724,962.92,,1.12,,5471.0,,Confirmed planets
LP 791-18 b,0,,0.1,0.948005,0.00969,0.0,,,,87.3,650.0,,transit,2019.0,19/11/07,11 02 45.9543,-16 24 22.2857,26.49,0.14,0.17,-0.09,2960.0,,Confirmed planets
LP 791-18 c,0,,0.206,4.989963,0.029392,0.0,,,,89.55,370.0,,transit,2019.0,19/11/07,11 02 45.9543,-16 24 22.2857,26.49,0.14,0.17,-0.09,2960.0,,Confirmed planets
Kepler-545 b,0,,0.24,13.24934059,,,,,,,,,transit,2016.0,16/05/10,19 22 15.9146,+40 41 31.4153,837.661,1.04,1.07,0.03,5882.0,,Confirmed planets
EPIC 201577035 b,0,0.085,0.3426,19.3044,,0.31,,,,,,,transit,2015.0,16/03/07,11 28 29.2704,+01 41 26.2770,271.0,0.92,0.98,-0.07,5620.0,,Confirmed planets
Kepler-1623 b,0,,0.117,4.36128348,,,,,,,,,transit,2016.0,16/05/10,19 36 19.8503,+39 33 21.9042,857.927,1.0,1.0,0.04,5772.0,,Confirmed planets
OGLE-TR-10 b,0,0.68,1.72,3.10129,0.04516,0.0,,,,84.5,1702.0,,transit,2004.0,10/06/24,17 51 28.2589,-29 52 35.2329,1500.0,1.277,1.52,0.28,6075.0,,Confirmed planets
TOI-3984 A b,0,0.14,0.71,4.353326,0.041,0.23,-54.0,,,89.5,563.0,,transit,2023.0,23/10/15,15 05 21,+36 47 13,108.883,0.49,0.47,0.18,3476.0,,Confirmed planets
HD 110113 b,0,4.55,0.1829,2.541,0.035,0.093,331.0,,,,1371.0,,transit,2021.0,21/01/14,12 40 08.7806,-44 18 43.2676,106.3,0.997,0.968,,5732.0,4.0,Confirmed planets
HD 110113 c,0,0.033,,6.744,0.068,0.045,300.0,,,,990.0,,RV,2021.0,21/01/14,12 40 08.7806,-44 18 43.2676,106.3,0.997,0.968,,5732.0,4.0,Confirmed planets
HD 155233 b,0,2.0,,885.0,2.07,0.03,95.0,,,,,,RV,2015.0,15/10/25,17 11 04.36474,-20 39 16.4509,75.1,1.5,5.03,0.1,4845.0,,Confirmed planets
Kepler-609 b,0,,0.299,6.52121067,,,,,,,,,transit,2016.0,16/05/10,19 28 52.8757,+44 42 00.0664,1099.14,1.09,1.14,0.06,5971.0,,Confirmed planets
TOI-1899 b,0,0.66,1.15,29.02,0.1587,0.118,-13.0,,,89.77,362.0,,transit,2020.0,21/01/11,19 57 42,+40 08 36,128.4,0.63,0.61,0.31,3841.0,,Confirmed planets
RR Cae (AB) b,1,4.2,,4350.0,5.3,0.0,,,,,,,timing,2012.0,12/12/08,04 21 06,-48 39 07,,,,,,,"Confirmed planets, Planets in binary systems, P-type"
Kepler-477 b,0,,0.185,11.11990653,,,,,,,,,transit,2016.0,16/05/10,19 12 16.2221,+42 21 19.2160,,0.87,0.79,-0.04,5240.0,,Confirmed planets
Kepler-1523 b,0,,0.141,0.93875077,,,,,,,,,transit,2016.0,16/05/10,19 44 12.9770,+45 49 37.4215,887.39,0.97,0.96,0.0,5708.0,,Confirmed planets
K2-168 c,0,,0.117,8.050722,,,,,,89.81,961.0,,transit,2019.0,19/08/15,22 12 26.3780,-16 20 30.3307,245.56,0.88,0.83,,5502.7,,Confirmed planets
K2-168 b,0,,0.166,15.8523,,,,,,89.4,766.0,,transit,2018.0,19/08/15,22 12 26.3780,-16 20 30.3307,245.56,0.88,0.83,,5502.7,,Confirmed planets
Kepler-895 b,0,,0.137,2.80624233,,,,,,,,,transit,2016.0,16/05/10,19 17 09.7717,+51 24 31.9945,548.456,0.65,0.61,-0.16,4315.0,,Confirmed planets
Gliese 3341 b,0,0.02,,14.207,0.089,0.31,,,,,,,RV,2014.0,14/11/25,05 15 46.7163,-31 17 45.3160,23.2,0.47,0.439,-0.09,3546.0,,Confirmed planets
WASP-130 b,0,1.23,0.89,11.55098,0.1012,0.0,,,,88.66,,,transit,2016.0,16/07/11,13 32 25.4360,-42 31 29,180.0,1.04,0.96,0.26,5625.0,2.0,Confirmed planets
HD 111232 b,0,6.8,,1143.0,1.97,0.2,,,,,163.3,,RV,2004.0,10/12/29,12 48 51.7525,-68 25 30.5470,29.0,0.78,,-0.36,5494.0,,Confirmed planets
HATS-56 b,0,0.902,1.688,4.324799,0.06043,0.0,,,,83.29,1902.0,,transit,2018.0,18/12/18,12 00 39.6300,-45 47 57.9954,573.5,1.573,2.201,0.19,6536.0,1.894,Confirmed planets
Kepler-217 b,0,,0.20322,5.374943,,,,,,,,,transit,2014.0,14/02/26,19 32 09.0586,+46 16 39.0670,1054.36,1.383,1.799,,6171.0,,Confirmed planets
Kepler-217 c,0,,0.16859,8.586004,,,,,,,,,transit,2014.0,14/02/26,19 32 09.0586,+46 16 39.0670,1054.36,1.383,1.799,,6171.0,,Confirmed planets
Kepler-217 d,0,,0.118,3.88689525,,,,,,,,,transit,2016.0,16/05/10,19 32 09.0586,+46 16 39.0670,1054.36,1.383,1.799,,6171.0,,Confirmed planets
Kepler-205 b,0,,0.13761,2.75564,,,,,,,,,transit,2014.0,14/02/26,19 01 08.9066,+41 51 40.1682,172.98,0.592,0.546,,4321.0,,Confirmed planets
Kepler-205 c,0,,0.14945,20.306546,,,,,,,,,transit,2014.0,14/02/26,19 01 08.9066,+41 51 40.1682,172.98,0.592,0.546,,4321.0,,Confirmed planets
Kepler-195 b,0,,0.18499,8.307872,,,,,,,,,transit,2014.0,14/02/26,19 12 29.0212,+47 58 00.0799,681.77,0.843,0.775,,5329.0,,Confirmed planets
Kepler-195 c,0,,0.14125,34.096863,,,,,,,,,transit,2014.0,14/02/26,19 12 29.0212,+47 58 00.0799,681.77,0.843,0.775,,5329.0,,Confirmed planets
Kepler-506 b,0,,0.244,6.8834055,,,,,,,,,transit,2016.0,16/05/10,18 58 32.4437,+40 43 11.4233,229.948,1.19,1.19,0.09,6236.0,,Confirmed planets
KMT-2019-BLG-0371L b,0,7.7,1.13,,0.79,,,,,,,,microlensing,2021.0,21/10/03,17 53 32,-31 33 18,7010.0,0.09,,,,,Confirmed planets
Kepler-1636 b,0,,0.288,425.47785,,,,,,,,,transit,2016.0,16/05/10,19 36 13.8223,+46 26 27.5832,,1.01,1.02,0.03,5797.0,,Confirmed planets
HD 114082 b,0,8.0,1.0,109.75,0.5109,0.395,211.7,,,90.0,,,RV,2022.0,23/01/12,13 09 16,-60 18 30,95.3906,1.47,1.49,0.0,6651.0,,Confirmed planets
WASP-47 b,0,1.164,1.139,4.1591287,0.051,,,,,89.03,,,transit,2011.0,15/10/17,22 04 48.7262,-12 01 08.0009,200.0,1.026,1.15,0.36,5576.0,,Confirmed planets
WASP-47 e,0,0.0384,0.1631,0.789597,0.017,,,,,87.0,,,transit,2015.0,15/10/17,22 04 48.7262,-12 01 08.0009,200.0,1.026,1.15,0.36,5576.0,,Confirmed planets
WASP-47 d,0,0.0328,0.324,9.03081,0.088,,,,,89.36,,,transit,2015.0,15/10/17,22 04 48.7262,-12 01 08.0009,200.0,1.026,1.15,0.36,5576.0,,Confirmed planets
WASP-47 c,0,1.24,,572.0,1.36,0.13,144.0,,,,,,RV,2015.0,15/10/17,22 04 48.7262,-12 01 08.0009,200.0,1.026,1.15,0.36,5576.0,,Confirmed planets
Kepler-503 b,0,79.0,0.96,7.2584481,0.0786,0.025,33.0,,,88.04,,,transit,2016.0,18/08/16,19 22 32.7571937112,+38 42 27.579129047,1628.0,1.154,1.764,0.169,5670.0,6.7,Retracted planet candidate
Kepler-819 b,0,,0.246,33.1995648,,,,,,,,,transit,2016.0,16/05/10,19 41 28.9900,+39 10 37.9789,677.048,0.86,0.81,-0.06,5279.0,,Confirmed planets
TOI-3807 b,0,1.04,1.65,2.8989727,0.0421,0.0,,,,80.81,1646.0,,transit,2023.0,23/10/15,09 16 27,+69 04 27,421.745,1.18,1.47,0.278,5772.0,,Confirmed planets
Kepler-163 c,0,,0.20595,21.347262,,,,,,,,,transit,2014.0,14/02/26,19 40 00.6737,+46 59 14.4887,788.98,0.96,0.917,,5776.0,,Confirmed planets
Kepler-163 b,0,,0.09569,7.810937,,,,,,,,,transit,2014.0,14/02/26,19 40 00.6737,+46 59 14.4887,788.98,0.96,0.917,,5776.0,,Confirmed planets
Kepler-1587 b,0,,0.119,9.4060467,,,,,,,,,transit,2016.0,16/05/10,19 30 42.6541,+49 39 50.0229,1057.64,1.08,1.22,0.07,5933.0,,Confirmed planets
HD 157172 b,0,0.12,,104.84,0.416,0.46,,,,,347.9,,RV,2011.0,11/09/12,17 22 34.5659,-19 36 58.2515,31.9,,,,5940.0,,Confirmed planets
K2-116 b,0,,0.062,4.655411,0.048,0.06,-23.44,,,89.09,,,transit,2017.0,17/10/05,22 24 36.3824,-11 34 43.2858,49.46,0.69,0.67,,4348.35,,Confirmed planets
TOI-431 b,0,0.00966,0.1142,0.490047,0.0113,0.0,,,,84.3,1862.0,,transit,2021.0,21/08/06,05 33 05.00,-26 43 26.00,32.61,0.78,0.731,0.2,4850.0,,Confirmed planets
TOI-431 c,0,2.84,,4.8494,0.052,0.0,,,,,867.0,,RV,2021.0,21/08/06,05 33 05.00,-26 43 26.00,32.61,0.78,0.731,0.2,4850.0,,Confirmed planets
TOI-431 d,0,0.0311,0.2935,12.46103,0.098,0.0,,,,89.7,633.0,,transit,2021.0,21/08/06,05 33 05.00,-26 43 26.00,32.61,0.78,0.731,0.2,4850.0,,Confirmed planets
Kepler-956 b,0,,0.268,5.24867263,,,,,,,,,transit,2016.0,16/05/10,19 30 07.4003,+49 03 42.2270,553.649,1.1,1.15,0.02,6040.0,,Confirmed planets
Kepler-179 c,0,,0.18226,6.40013,,,,,,,,,transit,2014.0,14/02/26,19 54 39.2963,+47 45 43.2535,602.79,0.842,0.759,,5302.0,,Confirmed planets
Kepler-179 b,0,,0.14945,2.735926,,,,,,,,,transit,2014.0,14/02/26,19 54 39.2963,+47 45 43.2535,602.79,0.842,0.759,,5302.0,,Confirmed planets
HD 94771 b,0,0.53,1.27,2164.0,3.48,0.39,90.0,,,,,,RV,2023.0,23/10/15,10 55 54,-35 06 52,57.7807,1.2,1.9,0.22,5631.0,,Confirmed planets
WASP-181 b,0,0.299,1.184,4.5195064,0.05427,0.0,,,,88.38,1186.0,,transit,2019.0,19/03/15,01 47 10.3796,+03 07 58.8975,443.0,1.04,0.965,0.09,5839.0,2.5,Confirmed planets
HATS-63 b,0,0.96,1.207,3.0566527,0.04026,0.0,,,,84.86,1398.0,,transit,2018.0,18/12/13,04 29 40.4529,-28 11 50.2340,634.7,0.931,1.07,0.081,5627.0,,Confirmed planets
KMT-2018-BLG-1990L b,0,0.348,,,0.763,,,,,,,,microlensing,2019.0,19/11/07,17 53 44,-22 09 09,967.0,0.09,,,,,Confirmed planets
HD 196885 A b,2,2.98,,1326.0,2.6,0.48,,,,,228.4,,RV,2007.0,12/12/07,20 39 51,+11 14 58,33.0,1.33,1.79,0.29,6340.0,0.5,"Confirmed planets, Planets in binary systems, S-type"
WISE J2216+1952,0,5.0,1.32,,,,,,,,909.0,,imaging,2022.0,22/01/23,22 16 28.62,+19 52 48.10,30.7,,,,,,Confirmed planets
HIP 74890 b,0,2.4,,822.3,2.1,0.07,181.9,,,,,,RV,2016.0,16/03/17,15 18 17.3301,-41 34 46,91.6,1.74,5.77,0.2,4850.0,,Confirmed planets
Kepler-1312 b,0,0.0159,0.187,5.44832529,0.0603,0.0,,,,87.71,978.0,,transit,2016.0,22/09/15,19 31 53,+41 02 09,299.104,0.99,0.92,-0.02,5719.0,,Confirmed planets
Kepler-1312 c,0,0.00337,0.092,1.11611998,0.0209,0.0,,,,82.64,1659.0,,transit,2021.0,22/09/15,19 31 53,+41 02 09,299.104,0.99,0.92,-0.02,5719.0,,Confirmed planets
omi UMa b,0,4.1,,1630.0,3.9,0.13,58.0,,,,,,RV,2012.0,15/11/02,08 30 15.87064,+60 43 05.4115,54.91,3.09,14.1,-0.09,5242.0,,Confirmed planets
HAT-P-15 b,0,1.946,1.072,10.863502,0.0964,0.19,,,,89.1,819.9,,transit,2010.0,10/05/31,04 24 59.5347,+39 27 38.3124,190.0,1.013,1.08,0.22,5568.0,,Confirmed planets
Kepler-422 b,0,0.43,1.15,7.8914483,0.082,0.016,,,,,976.0,,transit,2014.0,14/09/30,18 50 31.1173,+46 19 23.9930,651.31,1.15,1.24,0.23,5972.0,1.5,Confirmed planets
Kepler-159 b,0,,0.21689,10.139623,,,,,,,,,transit,2014.0,14/02/26,19 48 16.8385,+40 52 07.6486,457.7,0.628,0.663,,4625.0,,Confirmed planets
Kepler-159 c,0,,0.31075,43.595792,,,,,,,,,transit,2014.0,14/02/26,19 48 16.8385,+40 52 07.6486,457.7,0.628,0.663,,4625.0,,Confirmed planets
Kepler-55 d,0,,0.1449,2.211099,,,,,,,,,transit,2014.0,14/02/26,19 00 40.4015,+44 01 35.3690,610.01,0.631,0.619,,4503.0,,Confirmed planets
Kepler-55 b,0,,0.19684,27.953314,,,,,,,,,transit,2014.0,14/02/26,19 00 40.4015,+44 01 35.3690,610.01,0.631,0.619,,4503.0,,Confirmed planets
Kepler-55 c,0,,0.18864,42.142596,,,,,,,,,transit,2014.0,14/02/26,19 00 40.4015,+44 01 35.3690,610.01,0.631,0.619,,4503.0,,Confirmed planets
Kepler-55 e,0,,0.14125,4.617534,,,,,,,,,transit,2014.0,14/02/26,19 00 40.4015,+44 01 35.3690,610.01,0.631,0.619,,4503.0,,Confirmed planets
Kepler-55 f,0,,0.1449,10.198545,,,,,,,,,transit,2014.0,14/02/26,19 00 40.4015,+44 01 35.3690,610.01,0.631,0.619,,4503.0,,Confirmed planets
HD 6860 b,0,28.26,1.06,663.87,2.03,0.28,7.54,,,,,,RV,2023.0,23/10/15,01 09 44,+35 37 14,61.12469,2.49,86.4,-0.03,3802.0,,Confirmed planets
Kepler-783 b,0,,0.07,4.29264638,,,,,,,,,transit,2016.0,16/05/10,19 24 15,+47 29 05,544.0,0.93,0.89,0.01,5521.0,,Confirmed planets
Kepler-783 c,0,,0.208,7.05395,,,,,,,,,transit,2020.0,20/09/03,19 24 15,+47 29 05,544.0,0.93,0.89,0.01,5521.0,,Confirmed planets
Kepler-1098 b,0,,0.116,2.54307286,,,,,,,,,transit,2016.0,16/05/10,19 42 00.6446,+43 13 58.0073,1081.43,0.99,0.99,-0.02,5794.0,,Confirmed planets
HD 40307 b,0,0.01199,,4.3115,0.0475,,,163.5,,,,,RV,2008.0,17/11/27,05 54 04.23991,-60 01 24.4977,12.995,0.77,,-0.31,4977.0,,Confirmed planets
HD 40307 c,0,0.02023,,9.6207,0.0812,,,321.5,,,,,RV,2008.0,17/11/27,05 54 04.23991,-60 01 24.4977,12.995,0.77,,-0.31,4977.0,,Confirmed planets
HD 40307 d,0,0.0275,,20.4185,0.134,,,185.4,,,,,RV,2008.0,17/11/27,05 54 04.23991,-60 01 24.4977,12.995,0.77,,-0.31,4977.0,,Confirmed planets
HD 40307 e,0,0.011,,34.62,0.1886,0.15,304.0,,,,,,RV,2012.0,17/11/27,05 54 04.23991,-60 01 24.4977,12.995,0.77,,-0.31,4977.0,,Controversial
HD 40307 f,0,0.01142,,51.56,0.2485,,,142.0,,,,,RV,2012.0,17/11/27,05 54 04.23991,-60 01 24.4977,12.995,0.77,,-0.31,4977.0,,Confirmed planets
HD 40307 g,0,0.0223,,197.8,0.6,0.29,92.0,,,,,,RV,2012.0,17/11/27,05 54 04.23991,-60 01 24.4977,12.995,0.77,,-0.31,4977.0,,Controversial
Kepler-1464 b,0,,0.148,31.7785901,,,,,,,,,transit,2016.0,16/05/10,19 08 56.5638,+38 45 14.9474,1191.19,1.02,1.01,0.03,5828.0,,Confirmed planets
Kepler-1464 c,0,,0.089,5.32786292,,,,,,,,,transit,2016.0,16/05/10,19 08 56.5638,+38 45 14.9474,1191.19,1.02,1.01,0.03,5828.0,,Confirmed planets
WASP-28 b,0,0.907,1.213,3.40883,0.04469,0.0,,,,88.61,1468.0,,transit,2010.0,14/02/07,23 34 27.8815,-01 34 48.1128,410.0,1.021,1.094,-0.29,6150.0,5.0,Confirmed planets
HD 38801 b,0,9.698,,685.25,1.623,0.017,97.115,,,,,,RV,2009.0,19/06/27,05 47 59.1756,-08 19 39.7194,91.68,1.21,2.03,0.25,5338.0,,Confirmed planets
Kepler-1524 b,0,,0.316,70.9674603,,,,,,,,,transit,2016.0,16/05/10,19 35 32.4924,+39 31 11.3045,385.996,1.17,1.25,0.04,6179.0,,Confirmed planets
Gliese 3470 b,0,0.0432,0.346,3.3366487,0.031,0.017,1.7,,,88.12,,,transit,2012.0,15/04/29,07 59 05.8395,+15 23 29.2400,30.7,0.51,0.48,0.17,3652.0,,Confirmed planets
HD 191939 b,0,,0.305,8.880403,0.0814,,,,,88.18,812.0,,transit,2020.0,20/07/23,20 08 05.7549,+66 51 02.0755,53.48,0.92,0.94,-0.16,5427.0,,Confirmed planets
HD 191939 c,0,,0.288,28.58059,0.1762,,,,,89.124,552.0,,transit,2020.0,20/07/23,20 08 05.7549,+66 51 02.0755,53.48,0.92,0.94,-0.16,5427.0,,Confirmed planets
HD 191939 d,0,,0.282,38.3561,0.215,,,,,89.49,499.0,,transit,2020.0,20/07/23,20 08 05.7549,+66 51 02.0755,53.48,0.92,0.94,-0.16,5427.0,,Confirmed planets
HD 207496 b,0,0.01919,0.201,6.441008,0.0629,0.231,57.0,,,88.79,743.0,,transit,2023.0,23/10/15,21 54 52,-77 20 20,23.606,0.8,0.77,0.095,4819.0,,Confirmed planets
HD 47536 b,0,4.0,,434.9,1.12,0.3,268.6,,,,,,RV,2003.0,15/05/24,06 37 47.6183,-32 20 23.0335,121.36,0.99,23.47,-0.65,4380.0,,Confirmed planets
HD 47536 c,0,7.0,,2500.0,,,,,,,,,RV,2007.0,15/05/24,06 37 47.6183,-32 20 23.0335,121.36,0.99,23.47,-0.65,4380.0,,Controversial
HD 88072 b,0,7.903,1.12,18538.79293,13.895,0.156,272.477,,,169.626,,,RV,2022.0,23/10/15,10 09 23,+02 22 16,35.9098,1.04,1.03,0.043,5785.33,,Confirmed planets
Kepler-847 b,0,,0.105,2.3432319,,,,,,,,,transit,2016.0,16/05/10,18 54 01.1580,+49 27 03.5823,520.779,0.83,0.77,0.15,4940.0,,Confirmed planets
Kepler-731 b,0,,1.238,3.85560355,,,,,,,,,transit,2016.0,16/05/10,19 45 34.3635,+45 34 06.8171,1302.42,1.03,1.06,0.04,5849.0,,Confirmed planets
HD 148284 b,0,33.7,,339.331,0.974,0.38926,35.56,,,,,,RV,2018.0,18/09/27,16 25 48.4158,+30 15 54.4568,121.61,1.07,1.48,0.16,5572.0,,Confirmed planets
K2-159 b,0,,0.1972,12.4211,,,,,,89.1,,,transit,2018.0,18/07/24,12 02 09.8149,-03 34 50.8482,158.8,0.886,0.83,-0.1,,,Confirmed planets
PSR B1620-26 b,1,1.7,,24837.0,20.0,0.13,,,,,,,timing,1994.0,16/04/12,16 23 38.2218,-26 31 53.769,1800.0,,,,,,"Confirmed planets, Planets in binary systems, P-type, Planets in globular clusters"
KMT-2017-BLG-0428L b,0,0.01759,0.199,,1.81,,,,,,,,microlensing,2023.0,23/10/15,18 05 32,-28 29 25,5400.0,0.34,,,,,Confirmed planets
Kepler-741 b,0,,0.265,7.03902374,,,,,,,,,transit,2016.0,16/05/10,19 17 43.6165,+46 37 03.0651,1745.81,1.16,1.24,0.07,6129.0,,Confirmed planets
Kepler-734 b,0,,0.318,6.10485286,,,,,,,,,transit,2016.0,16/05/10,19 48 10.9530,+46 01 38.5789,1196.74,0.85,0.78,-0.17,5326.0,,Confirmed planets
HD 168746 b,0,0.23,,6.403,0.065,0.081,,,,,1026.4,,RV,2002.0,10/12/29,18 21 49.7828,-11 55 21.6537,43.12,0.88,1.12,-0.06,5610.0,,Confirmed planets
WASP-37 b,0,1.696,1.136,3.577471,0.04339,0.0,,,,88.78,1213.5,,transit,2010.0,10/08/19,14 47 46.5618,+01 03 53.8023,338.0,0.849,0.977,-0.4,5800.0,,Confirmed planets
Kepler-265 c,0,,0.23967,17.028937,,,,,,,,,transit,2014.0,14/02/26,19 22 02.5195,+41 14 41.2938,1511.13,1.15,1.103,,5835.0,,Confirmed planets
Kepler-265 b,0,,0.1695,6.846262,,,,,,,,,transit,2014.0,14/02/26,19 22 02.5195,+41 14 41.2938,1511.13,1.15,1.103,,5835.0,,Confirmed planets
Kepler-265 e,0,,0.23603,67.831024,,,,,,,,,transit,2014.0,14/02/26,19 22 02.5195,+41 14 41.2938,1511.13,1.15,1.103,,5835.0,,Confirmed planets
Kepler-265 d,0,,0.22691,43.130617,,,,,,,,,transit,2014.0,14/02/26,19 22 02.5195,+41 14 41.2938,1511.13,1.15,1.103,,5835.0,,Confirmed planets
TOI-1811 b,0,0.974,1.0,3.7130818,0.04393,0.061,25.0,,,86.41,961.0,,transit,2022.0,22/05/13,12 35 41.00,+27 12 52.00,128.3,0.819,0.773,0.32,4673.0,,Confirmed planets
Kepler-500 b,0,,0.23,8.5083244,,,,,,,,,transit,2016.0,16/05/10,19 43 48.3281,+43 51 07.3331,826.583,1.02,1.03,0.03,5813.0,,Confirmed planets
HD 7924 b,0,0.029,,5.39792,0.05664,0.17,,,,,825.9,,RV,2009.0,15/04/24,01 21 59.11491,+76 42 37.0335,16.82,0.832,0.7821,-0.15,5075.0,,Confirmed planets
HD 7924 c,0,0.0247,,15.299,0.1134,0.1,,,,,583.6,,RV,2015.0,15/04/24,01 21 59.11491,+76 42 37.0335,16.82,0.832,0.7821,-0.15,5075.0,,Confirmed planets
HD 7924 d,0,0.0203,,24.451,0.1551,0.2,,,,,499.0,,RV,2015.0,15/04/24,01 21 59.11491,+76 42 37.0335,16.82,0.832,0.7821,-0.15,5075.0,,Confirmed planets
TIC 172900988 (AB) b,1,2.84,0.9876,197.0,,0.055,,,,,,,timing,2021.0,21/05/19,08 34 39.00,+31 33 14.00,246.263,,,,,,"Confirmed planets, Planets in binary systems, P-type"
Kepler-534 b,0,,0.2,15.95994513,,,,,,,,,transit,2016.0,16/05/10,19 45 40.4541,+49 32 24.3500,579.912,1.05,0.98,0.01,5884.0,,Confirmed planets
Kepler-15 b,0,0.66,0.96,4.942782,0.05714,,,,,87.44,1027.9,,transit,2011.0,15/12/03,19 44 48.1365,+49 08 24.2974,755.4,1.0,0.98,0.36,5514.0,,Confirmed planets
MOA-2020-BLG-135 b,0,0.0356,,,1.11,,,,,,,,microlensing,2022.0,22/04/12,17 53 42.00,-29 48 27.00,7900.0,0.23,,,,,Confirmed planets
HD 240237 b,0,5.3,,745.7,1.9,0.4,108.1,,,,,,RV,2010.0,15/11/17,23 15 42.22361,+58 02 35.6654,958.1,1.69,32.0,-0.26,4361.0,,Confirmed planets
WASP-169 b,0,0.561,1.304,5.6114118,0.0681,0.0,,,,87.9,1604.0,,transit,2019.0,19/09/12,08 29 32.9490,-12 56 41.1067,638.38,1.34,2.01,0.06,6110.0,,Confirmed planets
Kepler-1684 b,0,,0.256,47.7055,,,,,,,,,transit,2020.0,20/09/03,19 36 01,+46 18 38,633.05,,0.6,,4787.0,,Confirmed planets
Kepler-1175 b,0,,0.267,37.94563,,,,,,,,,transit,2016.0,16/05/10,19 16 34.2417,+46 48 46.3351,1157.54,0.9,0.86,-0.04,5453.0,,Confirmed planets
HD 3167 b,0,,0.152,0.959624,0.0186,,,,,,1669.0,,transit,2016.0,18/10/26,00 34 57.5243,+04 22 53.2835,47.36,0.94,0.87,-0.02,5528.0,,Confirmed planets
HD 3167 c,0,,0.255,29.83832,0.1841,,,,,,531.0,,transit,2016.0,18/10/26,00 34 57.5243,+04 22 53.2835,47.36,0.94,0.87,-0.02,5528.0,,Confirmed planets
HD 3167 d,0,0.02171,,8.509,0.07757,0.36,,,,,,,RV,2017.0,19/01/31,00 34 57.5243,+04 22 53.2835,47.36,0.94,0.87,-0.02,5528.0,,Confirmed planets
Kepler-642 b,0,,0.259,4.41745855,,,,,,,,,transit,2016.0,16/05/10,19 35 20.2910,+42 37 29.8378,799.552,1.4,1.66,0.06,6570.0,,Confirmed planets
TOI-2184 b,0,0.65,1.017,6.90683,,0.08,,,,,,,transit,2021.0,21/08/06,06 43 20.00,-66 56 52.00,,1.53,2.9,0.14,5966.0,,Confirmed planets
Sand 178 b,0,10.4,,123.93,,0.41,,,,,,,RV,2021.0,22/02/08,12 58 22.20,+26 30 16.10,58.76,,,,,,Confirmed planets
GJ 887 b,0,0.01321,,9.262,0.068,0.0,,,,,468.0,,RV,2020.0,20/07/09,23 05 52.0354,-35 51 11.0587,3.29,0.49,0.47,-0.06,3688.0,,Confirmed planets
GJ 887 c,0,0.02391,,21.789,0.12,,,,,,352.0,,RV,2020.0,20/07/09,23 05 52.0354,-35 51 11.0587,3.29,0.49,0.47,-0.06,3688.0,,Confirmed planets
K2-79 b,0,,0.281,10.99395,,,,,,88.6,,,transit,2018.0,18/07/24,03 41 01.4149,+13 31 09.7129,212.3,1.062,1.038,0.2,,,Confirmed planets
HIP 90988 b,0,1.96,,453.9,1.26,0.08,161.6,,,,,,RV,2020.0,21/03/30,18 33 33.3862,-50 12 41.7440,94.29,1.3,3.94,0.17,4884.0,,Confirmed planets
Kepler-597 b,0,,0.211,13.02365861,,,,,,,,,transit,2016.0,16/05/10,19 33 52.8230,+39 15 10.0895,676.224,0.97,0.95,-0.01,5683.0,,Confirmed planets
K2-374 c,0,0.0174,0.197,16.43445,,,,,,,,,transit,2022.0,22/03/01,09 09 31,+16 21 21,359.439,0.73,0.91,-0.292,5789.0,,Confirmed planets
K2-374 b,0,0.00996,0.142,4.521953,,,,,,,,,transit,2022.0,22/03/01,09 09 31,+16 21 21,359.439,0.73,0.91,-0.292,5789.0,,Confirmed planets
HD 202772 A b,2,1.017,1.545,3.308958,0.05208,0.038,98.0,,,84.51,2132.0,,transit,2019.0,20/08/28,21 18 48,-26 36 59,147.2,1.72,2.59,0.3,6272.0,1.52,"Confirmed planets, Planets in binary systems, S-type"
Kepler-325 b,0,,0.26519,4.544439,,,,,,,,,transit,2014.0,14/02/26,19 19 20.5055,+49 49 32.1642,1125.08,0.918,1.003,,5752.0,,Confirmed planets
Kepler-325 c,0,,0.23147,12.762172,,,,,,,,,transit,2014.0,14/02/26,19 19 20.5055,+49 49 32.1642,1125.08,0.918,1.003,,5752.0,,Confirmed planets
Kepler-325 d,0,,0.25425,38.715185,,,,,,,,,transit,2014.0,14/02/26,19 19 20.5055,+49 49 32.1642,1125.08,0.918,1.003,,5752.0,,Confirmed planets
Kepler-1777 b,0,0.0163,0.19,12.18420029,0.1031,0.0,,,,88.36,819.0,,transit,2021.0,22/09/15,19 21 19,+37 43 23,619.146,0.98,1.07,0.06,5771.0,,Confirmed planets
KMT-2017-BLG-0673L b,0,3.67,1.16,,2.34,,,,,,,,microlensing,2022.0,22/10/01,17 39 02,-33 48 29,5080.0,0.63,,,,,Confirmed planets
Kepler-598 b,0,,0.134,3.70175428,,,,,,,,,transit,2016.0,16/05/10,19 32 30,+40 56 05,686.0,0.87,0.86,0.02,5307.0,,Confirmed planets
Kepler-598 c,0,,0.27,86.4945,,,,,,,,,transit,2020.0,20/09/03,19 32 30,+40 56 05,686.0,0.87,0.86,0.02,5307.0,,Confirmed planets
Kepler-1550 b,0,,0.269,225.582809,,,,,,,,,transit,2016.0,16/05/10,19 11 03.4974,+38 17 40.9446,1219.96,1.07,1.11,0.01,5991.0,,Confirmed planets
HD 205158 b,0,0.38835,1.23,25.33798092,0.177326,0.145252,27.3094,,,,,,RV,2022.0,22/09/27,21 35 40,-59 41 36,86.6159,1.16,1.88,,6133.55,,Confirmed planets
CoRoT-27 b,0,10.39,1.007,3.57532,0.0476,,,,,86.7,1500.0,,transit,2014.0,14/01/07,18 33 58.9993,+05 32 18.3232,1035.2,1.05,1.08,0.1,5900.0,4.21,Confirmed planets
Kepler-767 b,0,,0.592,161.5280101,,,,,,,,,transit,2016.0,16/05/10,19 26 18.9989,+38 02 08.9940,,0.96,0.94,-0.05,5694.0,,Confirmed planets
Kepler-264 b,0,,0.30346,40.806231,,,,,,,,,transit,2014.0,14/02/26,19 28 10.7070,+37 22 34.4100,804.0,1.37,1.55,,6158.0,,Confirmed planets
Kepler-264 c,0,,0.2579,140.101261,,,,,,,,,transit,2014.0,14/02/26,19 28 10.7070,+37 22 34.4100,804.0,1.37,1.55,,6158.0,,Confirmed planets
Kepler-489 b,0,,0.689,17.27629612,,,,,,,,,transit,2016.0,16/05/10,19 23 19.9545,+38 11 03.5875,373.622,0.82,0.76,0.0,5014.0,,Confirmed planets
Kepler-1017 b,0,,0.178,7.23400469,,,,,,,,,transit,2016.0,16/05/10,18 53 52.6407,+40 07 57.3067,560.978,0.93,0.87,0.04,5473.0,,Confirmed planets
SAND978 b,0,2.18,,511.21,,0.16,291.68,,,,,,RV,2017.0,18/03/24,08 51 17.4834,+11 45 22.693,843.0,1.37,,0.0,4200.0,4.0,"Confirmed planets, Planets in open clusters"
30 Ari B b,2,6.6,,345.4,1.01,0.18,337.0,,,,,,RV,2009.0,16/01/10,02 37 00.52363,+24 38 49.9957,45.2,1.16,1.13,0.07,6424.0,0.91,"Confirmed planets, Planets in binary systems, S-type"
K2-245 b,0,,0.387,11.89307,0.0959,,,,,,923.0,,transit,2018.0,18/07/12,12 20 43.6017,-01 35 27.2365,463.4,0.83,1.25,-0.45,5793.0,,Confirmed planets
TIC 237913194 b,0,1.942,1.117,15.168865,0.1207,0.575,24.1,,,87.0,974.0,,transit,2020.0,20/12/17,01 29 47,-60 44 24,308.79,1.03,1.09,0.14,5788.0,,Confirmed planets
Kepler-1306 b,0,,0.17,16.29595382,,,,,,,,,transit,2016.0,16/05/10,19 37 54.8008,+46 56 45.0766,1143.38,0.98,0.97,0.0,5727.0,,Confirmed planets
Kepler-1034 b,0,,0.202,12.12400943,,,,,,,,,transit,2016.0,16/05/10,19 04 27.6908,+37 58 01.1584,667.022,0.83,0.8,-0.06,5198.0,,Confirmed planets
HD 10697 b,0,6.38,,1076.4,2.16,0.1,,,,69.0,221.8,,RV,2000.0,10/10/19,01 44 55.8251,+20 04 59.3362,32.56,1.15,1.72,0.1,5641.0,,Confirmed planets
Kepler-1704 b,0,4.15,1.065,988.88113,2.026,0.921,83.0,,,89.01,253.8,,transit,2013.0,21/08/02,19 24 48,+51 08 39,835.455,1.13,1.7,0.196,5745.0,,Confirmed planets
Kepler-1395 b,0,,0.071,3.78470649,,,,,,,,,transit,2016.0,16/05/10,19 29 21.0058,+47 39 51.1047,499.9,1.17,1.23,0.12,6138.0,,Confirmed planets
Kepler-900 b,0,,0.186,6.9913086,,,,,,,,,transit,2016.0,16/05/10,19 44 42.5497,+46 59 56.3761,494.438,0.78,0.73,-0.01,4836.0,,Confirmed planets
LTT 1445 A b,0,0.00903,0.11643,5.3587657,0.03813,,222.0,,,89.68,424.0,,transit,2019.0,21/08/02,03 01 51.00,-16 35 36.00,6.9,0.256,0.27,-0.34,3340.0,,Confirmed planets
LTT 1445 A c,0,0.00485,0.10233,3.1239035,0.0396,,,,,87.43,508.0,,transit,2020.0,21/08/02,03 01 51.00,-16 35 36.00,6.9,0.256,0.27,-0.34,3340.0,,Confirmed planets
Kepler-247 c,0,,0.37272,9.439452,,,,,,,,,transit,2014.0,14/02/26,19 14 34.2067,+43 02 21.4960,695.58,0.773,0.768,,5100.0,,Confirmed planets
Kepler-247 d,0,,0.35905,20.477912,,,,,,,,,transit,2014.0,14/02/26,19 14 34.2067,+43 02 21.4960,695.58,0.773,0.768,,5100.0,,Confirmed planets
Kepler-247 b,0,,0.14945,3.33616,,,,,,,,,transit,2014.0,14/02/26,19 14 34.2067,+43 02 21.4960,695.58,0.773,0.768,,5100.0,,Confirmed planets
Kepler-987 b,0,,0.291,105.3033148,,,,,,,,,transit,2016.0,16/05/10,19 17 38.6534,+46 07 51.0700,938.703,0.97,0.91,0.01,5637.0,,Confirmed planets
Kepler-1386 b,0,,0.111,6.73972381,,,,,,,,,transit,2016.0,16/05/10,18 43 17.6082,+42 38 09.6802,856.458,1.02,1.03,0.11,5733.0,,Confirmed planets
HATS-5 b,0,0.237,0.912,4.763387,0.0542,,,,,89.3,1025.0,,transit,2014.0,14/01/09,04 28 53.4831,-21 28 55.0626,257.0,0.936,0.871,0.19,5304.0,3.6,Confirmed planets
FN Lyr b,0,13.9,,794.8,0.5,0.28,351.0,,,,,,timing,,11/06/30,19 10 22.2539,+42 27 31.6257,3000.0,0.595,,,6457.0,,Controversial
Kepler-628 b,0,,0.749,15.4580567,,,,,,,,,transit,2016.0,16/05/10,19 21 47.8219,+39 51 17.2668,921.659,1.0,1.28,0.04,5721.0,,Confirmed planets
Kepler-1256 b,0,,0.133,12.4127754,,,,,,,,,transit,2016.0,16/05/10,19 25 53.8254,+44 41 00.5478,914.578,1.17,1.36,0.05,6129.0,,Confirmed planets
HATS-58 A b,2,1.03,1.095,4.2180896,0.05798,0.0,,,,85.69,1721.0,,transit,2018.0,18/12/18,12 27 08.988,-48 58 42.39,425.5,1.461,1.433,,7175.0,0.31,"Confirmed planets, Planets in binary systems, S-type"
Kepler-975 b,0,,0.132,1.97034246,,,,,,,,,transit,2016.0,16/05/10,19 22 11.6473,+38 29 42.9959,431.369,0.8,0.75,0.07,4897.0,,Confirmed planets
HD 216536 b,0,1.47,,148.6,0.609,0.38,270.0,,,,,,RV,2015.0,15/01/29,22 53 03.9725,+44 28 39.8755,380.3,1.36,12.5,-0.17,4639.0,3.8,Confirmed planets
Kepler-1110 b,0,,0.237,9.69312032,,,,,,,,,transit,2016.0,16/05/10,19 27 13.9276,+38 37 21.7748,741.84,0.73,0.7,-0.16,4781.0,,Confirmed planets
beta Pic b,0,,,7665.0,9.1,0.08,-8.0,,,88.9,,,imaging,2008.0,15/08/22,05 47 17.0876,-51 03 59.4411,19.75,1.76,,,,,Confirmed planets
beta Pic c,0,9.0,,1200.0,2.7,0.24,,,,90.0,,,RV,2019.0,19/08/29,05 47 17.0876,-51 03 59.4411,19.75,1.76,,,,,Confirmed planets
Kepler-917 b,0,,0.17,2.97041437,,,,,,,,,transit,2016.0,16/05/10,19 56 12.3061,+47 56 57.4032,,0.8,0.76,-0.38,5418.0,,Confirmed planets
TOI-421 b,0,0.02256,0.239,5.19672,0.056,0.163,128.9,,,85.68,981.0,,transit,2020.0,20/10/08,05 27 24.8258,-14 16 37.0473,74.94,0.85,0.87,-0.02,5325.0,,Confirmed planets
TOI-421 c,0,0.05166,0.454,16.06819,0.1189,0.152,114.7,,,88.353,674.0,,transit,2020.0,20/10/08,05 27 24.8258,-14 16 37.0473,74.94,0.85,0.87,-0.02,5325.0,,Confirmed planets
KMT-2021-BLG-2010L b,0,1.07,1.23,,1.79,,,,,,,,microlensing,2023.0,23/10/15,17 52 02,-32 16 11,7090.0,0.37,,,,,Confirmed planets
K2-205 b,0,,0.1784,26.6723,,,,,,89.1,,,transit,2018.0,18/07/24,01 00 52.1970,+00 25 33.6058,420.9,0.951,1.08,-0.26,,,Confirmed planets
HD 190984 b,0,3.1,,4885.0,5.5,0.57,,,,,136.2,,RV,2009.0,10/11/06,20 11 30.7151,-64 37 13.6871,103.0,0.91,1.53,-0.48,5988.0,,Confirmed planets
WASP-159 b,0,0.55,1.38,3.840401,0.0538,,,,,88.1,1850.0,,transit,2018.0,18/03/06,04 32 32.7560,-38 58 05.9545,926.0,1.41,2.11,0.22,6000.0,3.4,Confirmed planets
HD 109286 b,0,2.99,,520.1,1.259,0.338,133.1,,,,259.4,,RV,2020.0,21/07/13,12 33 34.9893,+07 16 51.2869,55.5,0.98,1.089,0.05,5694.0,,Confirmed planets
WD 1856+534 b,0,13.8,0.928,1.4079405,0.0204,0.0,,,,88.778,163.0,,transit,2020.0,20/09/16,18 57 39.3436,+53 30 33.3016,24.75,0.52,0.01,,4710.0,,Confirmed planets
Kepler-430 b,0,,0.29,35.968,0.2244,,,,,,,,transit,2015.0,15/03/18,19 31 14.0664,+49 34 46.0601,942.241,1.166,1.485,,5884.0,,Confirmed planets
Kepler-430 c,0,,0.156,110.979,0.4757,,,,,,,,transit,2015.0,15/03/18,19 31 14.0664,+49 34 46.0601,942.241,1.166,1.485,,5884.0,,Confirmed planets
NGTS-23 b,0,0.613,1.267,4.0764326,0.0504,0.0,,,,89.12,1327.0,,transit,2022.0,23/01/12,04 41 44,-40 02 40,1074.95,1.01,1.24,-0.26,6057.0,,Confirmed planets
Kepler-1876 b,0,0.00755,0.076,6.99205,0.0758,0.098,,,,89.13,1299.0,,transit,2021.0,23/10/15,19 56 39,+41 08 38,259.935,1.19,1.48,0.01,6104.0,,Confirmed planets
TOI-1416 b,0,0.01095,0.145,1.0697568,0.019,0.0,,,,85.7,1517.0,,transit,2023.0,23/10/15,14 27 42,+41 57 11,55.0135,0.8,0.79,0.08,4884.0,,Confirmed planets
WASP-123 b,0,0.92,1.327,2.977641,0.0431,0.0,,,,85.79,1510.0,,transit,2015.0,15/09/07,19 17 55.0316,-32 51 35.9549,199.053,1.207,1.296,0.18,5740.0,,Confirmed planets
Kepler-212 c,0,,0.2497,31.805174,,,,,,,,,transit,2014.0,14/02/26,19 10 28.9991,+43 08 29.9773,726.97,1.166,1.455,,5852.0,,Confirmed planets
Kepler-212 b,0,,0.09933,16.257582,,,,,,,,,transit,2014.0,14/02/26,19 10 28.9991,+43 08 29.9773,726.97,1.166,1.455,,5852.0,,Confirmed planets
Kepler-1691 b,0,,0.164,3.8482,,,,,,,,,transit,2020.0,20/09/03,19 05 01,+41 01 19,1315.6,,1.21,,5753.0,,Confirmed planets
Kepler-912 b,0,,0.25,2.53475627,,,,,,,,,transit,2016.0,16/05/10,19 52 26.6834,+41 45 30.0200,,1.07,1.11,0.02,5998.0,,Confirmed planets
Kepler-1024 b,0,,0.349,66.4162133,,,,,,,,,transit,2016.0,16/05/10,19 27 48.2439,+38 15 05.9686,1119.7,0.81,0.78,-0.1,5143.0,,Confirmed planets
Kepler-1100 b,0,,0.156,6.42200058,,,,,,,,,transit,2016.0,16/05/10,19 27 29.1206,+44 05 14.5824,707.714,1.21,1.34,0.05,6247.0,,Confirmed planets
WASP-103 b,0,1.49,1.528,0.925542,0.01985,0.0,,,,86.3,,,transit,2014.0,17/12/04,16 37 15.5753,+07 11 00.1190,470.0,1.22,1.436,0.06,6110.0,,Confirmed planets
HD 220773 b,0,1.45,,3724.7,4.94,0.51,,,,,145.8,,RV,2012.0,12/02/04,23 26 27.4448,+08 38 37.8392,49.0,1.16,,0.09,5940.0,,Confirmed planets
K2-399 b,0,0.0959,0.54,0.759978,,,,,,,2529.07247265,,transit,2022.0,22/03/01,10 32 18,+02 14 16,515.491,0.78,1.54,0.252,5690.0,,Confirmed planets
HIP 91258 b,0,1.068,,5.0505,0.057,0.024,276.0,,,,,,RV,2013.0,13/11/22,18 36 53.15422,+61 42 09.0124,44.9,0.95,1.0,0.23,5519.0,2.4,Confirmed planets
EPIC 201637175 b,2,,,0.381071,0.0088,,,,,,,,transit,2015.0,15/05/03,11 17 55.856,+02 37 06.79,225.0,0.6,0.57,0.03,3830.0,,"Confirmed planets, Planets in binary systems, S-type"
Kepler-616 b,0,0.0204,0.217,9.99761851,0.0927,0.0,,,,86.18,860.0,,transit,2016.0,22/09/15,19 39 57,+46 50 18,945.775,0.98,0.97,-0.02,5753.0,,Confirmed planets
Kepler-616 c,0,0.0363,0.304,90.4113556,0.4024,0.0,,,,89.16,413.0,,transit,2016.0,22/09/15,19 39 57,+46 50 18,945.775,0.98,0.97,-0.02,5753.0,,Confirmed planets
Kepler-616 d,0,0.0237,0.237,51.06740189,0.2749,0.0,,,,89.66,499.0,,transit,2021.0,22/09/15,19 39 57,+46 50 18,945.775,0.98,0.97,-0.02,5753.0,,Confirmed planets
HD 47186 b,0,0.07167,,4.0845,0.05,0.038,,,,,1123.6,,RV,2008.0,09/01/13,06 36 08.7879,-27 37 20.2668,37.84,0.99,,0.23,5675.0,,Confirmed planets
HD 47186 c,0,0.35061,,1353.6,2.395,0.249,,,,,161.7,,RV,2008.0,09/01/13,06 36 08.7879,-27 37 20.2668,37.84,0.99,,0.23,5675.0,,Confirmed planets
Kepler-1179 b,0,,0.118,2.68505749,,,,,,,,,transit,2016.0,16/05/10,18 56 23.4252,+47 48 38.1390,420.239,0.84,0.81,-0.03,5212.0,,Confirmed planets
Kepler-363 d,0,,0.18682,11.932125,,,,,,,,,transit,2014.0,14/02/26,18 52 46.1054,+41 18 19.3160,734.62,1.07,1.485,,5593.0,,Confirmed planets
Kepler-363 c,0,,0.15401,7.542427,,,,,,,,,transit,2014.0,14/02/26,18 52 46.1054,+41 18 19.3160,734.62,1.07,1.485,,5593.0,,Confirmed planets
Kepler-363 b,0,,0.10571,3.614568,,,,,,,,,transit,2014.0,14/02/26,18 52 46.1054,+41 18 19.3160,734.62,1.07,1.485,,5593.0,,Confirmed planets
Kepler-1412 b,0,,0.074,3.6146051,,,,,,,,,transit,2016.0,16/05/10,19 28 43.2304,+49 12 08.8179,772.499,1.06,1.27,0.04,5880.0,,Confirmed planets
2MASS J1119-1137 b,0,3.7,,32850.0,,,,,,,,,imaging,2017.0,21/09/08,11 19 32.54,-11 37 46.70,,,,,,,Confirmed planets
Kepler-1551 b,0,,0.237,24.4973698,,,,,,,,,transit,2016.0,16/05/10,19 43 08.5235,+39 54 28.4671,1526.02,1.14,1.22,0.01,6136.0,,Confirmed planets
Kepler-410 A b,2,,0.258628,17.833648,0.1226,0.17,,,,87.72,,,transit,2013.0,13/12/20,18 52 36,+45 08 23,132.0,1.214,1.352,,6273.0,2.76,"Confirmed planets, Planets in binary systems, S-type"
Kepler-1985 b,0,0.0182,0.198,3.42064689,0.0426,0.0,,,,82.03,1129.0,,transit,2023.0,23/10/15,19 34 16,+42 07 57,,0.88,0.97,0.14,5370.0,,Confirmed planets
Kepler-960 b,0,,0.204,3.12686223,,,,,,,,,transit,2016.0,16/05/10,18 45 49.7304,+46 44 47.2930,287.274,0.77,0.72,0.02,4755.0,,Confirmed planets
MOA-2010-BLG-311 b,0,,,,,,,,,,,,microlensing,2012.0,18/09/19,18 08 49.98,-25 57 04.27,6000.0,,,,,,Controversial
TOI-849 b,0,0.12299,0.307,0.76552414,0.01598,0.0,0.0,,,86.8,,,transit,2020.0,20/07/09,01 54 52,-29 25 18,224.9,0.93,0.92,0.19,5373.8,,Confirmed planets
NGC 4349 No 127 b,0,19.8,,677.8,2.38,0.19,61.0,,,,,,RV,2007.0,18/03/23,12 24 35.4685,-61 49 11.888,2200.0,3.9,,-0.12,,0.2,"Confirmed planets, Planets in open clusters"
EPIC 206318379 b,0,,0.212,2.26041,0.0216,0.0,,,,89.14,,,transit,2015.0,16/03/07,22 22 29.8611,-07 57 19.8535,63.1,0.264,0.293,0.31,3214.0,,Confirmed planets
HD 102365 b,0,0.05,,122.1,0.46,0.34,,,,,355.1,,RV,2011.0,11/01/11,11 46 31.0719,-40 30 01.2799,9.24,0.85,,-0.28,5650.0,,Confirmed planets
HATS-12 b,0,2.4,1.35,3.142833,0.04795,0.085,,,,82.7,,,transit,2016.0,16/05/01,19 16 48.5743,-19 21 21.2468,981.0,1.49,2.21,-0.1,6408.0,2.36,Confirmed planets
HD 79181 b,0,0.64,,273.1,0.9,0.26,318.0,,,,,,RV,2021.0,21/12/15,09 11 59.00,-19 44 51.00,,,,,,,Confirmed planets
Kepler-1585 b,0,,0.16,3.5827463,,,,,,,,,transit,2016.0,16/05/10,19 44 38.1650,+44 33 47.0989,969.462,0.94,0.91,0.08,5538.0,,Confirmed planets
Mercury,0,0.00017387419,0.034901518,87.97,0.38709843,0.20563661,77.45771895,252.25166724,48.33961819,7.00559432,,,,,12/01/01,,,,1.0,1.0,1e-08,5778.0,4.57,Solar System
Venus,0,0.0025637401,0.08656491,224.7,0.72332102,0.00676399,131.76755713,181.9797085,76.67261496,3.39777545,900.0,,,,12/01/01,,,,1.0,1.0,1e-08,5778.0,4.57,Solar System
Earth,0,0.0031457007,0.091130294,365.2422,1.00000018,0.01673163,102.93005885,100.46691572,-5.11260389,-0.00054346,288.0,,,,12/01/01,,,,1.0,1.0,1e-08,5778.0,4.57,Solar System
Mars,0,0.00033799525,0.048489079,686.98,1.52371243,0.09336511,-23.91744784,-4.56813164,49.71320984,1.85181869,227.0,,,,12/01/01,,,,1.0,1.0,1e-08,5778.0,4.57,Solar System
Jupiter,0,1.0,1.0,4332.82,5.20248019,0.0485359,14.27495244,34.33479152,100.29282654,1.29861416,,,,,12/01/01,,,,1.0,1.0,1e-08,5778.0,4.57,Solar System
Saturn,0,0.299,0.832944,10755.67,9.54149883,0.05550825,92.86136063,50.07571329,113.63998702,2.49424102,,,,,12/01/01,,,,1.0,1.0,1e-08,5778.0,4.57,Solar System
Uranus,0,0.0457,0.362775,30687.153,19.18797948,0.0468574,172.43404441,314.20276625,73.96250215,0.77298127,,,,1781.0,12/01/01,,,,1.0,1.0,1e-08,5778.0,4.57,Solar System
Neptune,0,0.053953,0.35221925,60190.03,30.06952752,0.00895439,46.68158724,304.22289287,131.78635853,1.7700552,,,,1846.0,12/01/01,,,,1.0,1.0,1e-08,5778.0,4.57,Solar System
Pluto,0,7.7581378e-06,0.0164379,90553.02,39.48686035,0.24885238,224.09702598,238.96535011,110.30167986,17.1410426,,,,1930.0,12/01/01,,,,1.0,1.0,1e-08,5778.0,4.57,Solar System
K2-158 c,0,,0.114,5.90279,0.0622,,,,,,948.0,,transit,2018.0,18/07/12,11 59 46,-05 43 18,198.2,0.92,0.95,0.07,5503.0,,Confirmed planets
K2-158 b,0,,0.236,10.06049,0.0887,,,,,,794.0,,transit,2018.0,18/07/12,11 59 46,-05 43 18,198.2,0.92,0.95,0.07,5503.0,,Confirmed planets
Kepler-454 b,0,0.02152,0.2114,10.57375339,0.0954,0.0,,,,87.09,,,transit,2015.0,16/01/09,19 09 54.8466,+38 13 43.9218,200.0,1.028,1.066,0.27,5687.0,5.23,Confirmed planets
Kepler-454 c,0,4.46,,523.9,1.286,0.0214,337.4,,,,,,RV,2015.0,16/01/09,19 09 54.8466,+38 13 43.9218,200.0,1.028,1.066,0.27,5687.0,5.23,Confirmed planets
Kepler-454 d,0,,,,,,,,,,,,RV,2015.0,16/01/09,19 09 54.8466,+38 13 43.9218,200.0,1.028,1.066,0.27,5687.0,5.23,Controversial
Kepler-1713 b,0,0.0113,0.153,18.01160049,0.1469,0.0,,,,83.74,900.0,,transit,2021.0,22/02/01,19 09 23,+43 22 42,295.293,1.3,1.46,0.1,6477.0,,Confirmed planets
HD 21411 b,0,0.20734,,84.288,0.362,0.4,332.42,,,,,,RV,2019.0,19/05/23,03 26 11.1178,-30 37 04.1295,29.16,0.89,,,5605.0,,Confirmed planets
Kepler-202 b,0,,0.14854,4.069427,,,,,,,,,transit,2014.0,14/02/26,18 51 53.6227,+41 19 19.2391,291.9,0.683,0.667,,4668.0,,Confirmed planets
Kepler-202 c,0,,0.16859,16.282493,,,,,,,,,transit,2014.0,14/02/26,18 51 53.6227,+41 19 19.2391,291.9,0.683,0.667,,4668.0,,Confirmed planets
EPIC 206011691 b,0,,0.142,9.32414,0.0731,,,,,88.3,,,transit,2015.0,15/07/31,22 41 12.8861,-14 29 20.3490,65.0,0.64,0.6,-0.11,4043.0,,Confirmed planets
EPIC 206011691 c,0,,0.171,15.5012,0.1026,,,,,89.08,,,transit,2015.0,15/07/31,22 41 12.8861,-14 29 20.3490,65.0,0.64,0.6,-0.11,4043.0,,Confirmed planets
WASP-112 b,0,0.88,1.191,3.0353992,0.0382,,,,,86.68,1395.0,,transit,2014.0,14/10/14,22 37 57.4377,-35 09 14.3543,450.0,0.807,1.002,-0.64,5610.0,10.6,Confirmed planets
Kepler-949 b,0,,0.26,8.6893073,,,,,,,,,transit,2016.0,16/05/10,19 54 25.8847,+46 27 13.2529,492.951,0.89,0.86,0.01,5403.0,,Confirmed planets
Kepler-966 b,0,,0.368,99.747622,,,,,,,,,transit,2016.0,16/05/10,19 49 04.9437,+50 07 18.5492,1058.87,1.02,1.02,0.04,5840.0,,Confirmed planets
Kepler-1600 b,0,0.0313,0.279,386.370548,0.9712,0.0,,,,90.0,209.0,,transit,2016.0,22/09/15,19 25 36,+38 47 16,1030.81,0.86,0.82,0.07,5214.0,,Confirmed planets
Kepler-1600 c,0,0.0139,0.173,7.29804993,0.0689,0.0,,,,88.63,786.0,,transit,2021.0,22/09/15,19 25 36,+38 47 16,1030.81,0.86,0.82,0.07,5214.0,,Confirmed planets
Kepler-1886 b,0,0.0226,0.23,24.2758007,0.16,0.0,,,,89.32,580.0,,transit,2021.0,22/02/01,19 45 03,+39 24 22,1059.51,0.93,0.84,-0.2,5745.0,,Confirmed planets
Kepler-289 b,0,0.023,0.192,34.545,0.21,,,,,89.59,,,transit,2014.0,14/02/26,19 49 51.6736,+42 52 58.2696,700.0,1.08,1.0,0.05,5990.0,,Confirmed planets
PH3 c,0,0.013,0.239,66.0634,0.33,,,,,89.73,,,transit,2014.0,14/11/01,19 49 51.6736,+42 52 58.2696,700.0,1.08,1.0,0.05,5990.0,,Confirmed planets
Kepler-289 c,0,0.415,1.034,125.8518,0.51,,,,,89.794,,,transit,2014.0,14/02/26,19 49 51.6736,+42 52 58.2696,700.0,1.08,1.0,0.05,5990.0,,Confirmed planets
KMT-2017-BLG-1146L b,0,0.71,,,1.6,,,,,,,,microlensing,2019.0,19/03/14,17 56 25,-33 08 33,6500.0,0.33,,,,,Confirmed planets
Kepler-1423 b,0,,0.095,23.955378,,,,,,,,,transit,2016.0,16/05/10,19 12 58.5114,+41 06 36.3033,,0.79,0.75,-0.02,4939.0,,Confirmed planets
K2-213 b,0,,0.1347,8.1309,,,,,,87.9,,,transit,2018.0,18/07/24,00 52 33.6770,+03 30 27.9318,336.1,1.07,1.2,0.25,,,Confirmed planets
Qatar-1 b,0,1.33,1.164,1.42002504,0.02343,0.0,,,,83.82,1389.0,,transit,2010.0,13/04/02,20 13 32,+65 09 43,186.6,0.85,0.8,0.2,4910.0,4.5,Confirmed planets
Kepler-1197 b,0,,0.112,2.03231845,,,,,,,,,transit,2016.0,16/05/10,19 26 40.6329,+42 35 26.5882,493.778,0.78,0.72,0.06,4708.0,,Confirmed planets
Kepler-572 b,0,,0.23,17.20523483,,,,,,,,,transit,2016.0,16/05/10,19 24 53.0634,+50 34 52.6906,512.085,0.83,0.79,-0.1,5212.0,,Confirmed planets
K2-163 b,0,,0.2204,6.67312,,,,,,88.3,,,transit,2018.0,18/07/24,12 09 19.0393,-00 32 20.5890,201.2,0.826,0.762,0.14,,,Confirmed planets
Kepler-554 b,0,,0.383,1.90220856,,,,,,,,,transit,2016.0,16/05/10,19 45 37.6383,+51 21 29.3462,704.473,0.93,0.92,0.14,5447.0,,Confirmed planets
Kepler-199 b,0,,0.28342,23.637604,,,,,,,,,transit,2014.0,14/02/26,19 42 14.2652,+40 14 10.5512,544.56,1.003,0.967,,5644.0,,Confirmed planets
Kepler-199 c,0,,0.29617,67.093408,,,,,,,,,transit,2014.0,14/02/26,19 42 14.2652,+40 14 10.5512,544.56,1.003,0.967,,5644.0,,Confirmed planets
HD 129445 b,0,1.6,,1840.0,2.9,0.7,,,,,151.1,,RV,2010.0,10/01/26,14 46 03.0649,-68 45 45.8766,67.61,0.99,,0.25,5940.0,,Confirmed planets
K2-343 c,0,0.0149,0.18,7.676972,,,,,,,465.0,,transit,2018.0,21/10/03,08 56 49,+21 30 10,166.169,0.49,0.46,-0.1,3804.0,,Confirmed planets
K2-343 b,0,0.0106,0.147,2.787174,,,,,,,653.0,,transit,2019.0,21/10/03,08 56 49,+21 30 10,166.169,0.49,0.46,-0.1,3804.0,,Confirmed planets
Kepler-1240 b,0,,0.103,4.8663815,,,,,,,,,transit,2016.0,16/05/10,18 51 59.9355,+40 33 26.8670,884.095,0.98,0.96,0.04,5682.0,,Confirmed planets
KIC 8540376 b,0,,0.366,31.8099,,,,,,89.3,,,transit,2015.0,16/01/09,18 49 30.6054,+44 41 40.4949,1106.32,1.035,1.26,-0.16,6474.0,,Confirmed planets
KIC 8540376 c,0,,0.214,75.2,,,,,,89.701,,,transit,2015.0,16/01/09,18 49 30.6054,+44 41 40.4949,1106.32,1.035,1.26,-0.16,6474.0,,Confirmed planets
V830 Tau b,0,1.4,,6.0,0.065,,,,,55.0,,,RV,2015.0,15/10/02,04 33 10.0299,+24 33 43.2558,131.0,1.0,2.0,,4250.0,0.0022,Controversial
Kepler-1181 b,0,,0.14,4.89337519,,,,,,,,,transit,2016.0,16/05/10,19 18 59.3549,+39 31 24.4191,964.506,1.17,1.3,0.03,6176.0,,Confirmed planets
TOI-672 b,0,0.0757,0.469,3.633575,,,,,,88.43,676.15,,transit,2023.0,23/10/15,11 11 58,-39 19 41,66.9071,0.54,0.54,-0.71,3765.0,,Confirmed planets
CT Cha B,0,,2.4,,,,,,,,2500.0,,imaging,2008.0,15/06/08,11 04 09.0989,-76 27 19.3269,165.0,,,,5150.0,,Confirmed planets
HD 23472 b,0,0.05638,,17.667,0.121,0.0,0.0,,,,,,transit,2019.0,19/02/14,03 41 50.3991,-62 46 01.4795,39.08,0.75,0.73,,,,Confirmed planets
HD 23472 c,0,0.05405,,29.625,0.17,0.0,0.0,,,,,,transit,2019.0,19/02/14,03 41 50.3991,-62 46 01.4795,39.08,0.75,0.73,,,,Confirmed planets
Kepler-1245 b,0,,0.128,4.35409304,,,,,,,,,transit,2016.0,16/05/10,19 22 58.6313,+43 15 38.8183,824.81,0.86,0.83,-0.01,5306.0,,Confirmed planets
Kepler-1245 c,0,,0.128,2.93658468,,,,,,,,,transit,2016.0,16/05/10,19 22 58.6313,+43 15 38.8183,824.81,0.86,0.83,-0.01,5306.0,,Confirmed planets
TOI-5678 b,0,0.06293,0.438,47.73022,0.249,0.14,208.0,,,89.83,513.0,,transit,2023.0,23/10/15,03 09 32,-34 11 55,165.393,0.91,0.94,0.0,5485.0,,Confirmed planets
OGLE-2016-BLG-1093L b,0,0.71,,,2.13,,,,,,,,microlensing,2021.0,22/01/14,17 56 01.00,-32 42 48.00,8120.0,0.48,,,,,Confirmed planets
K2-335 b,0,0.0174,0.197,12.283211,,,,,,88.507,949.0,,transit,2016.0,21/10/03,08 37 34,+16 31 19,557.993,1.23,1.33,0.1,6222.0,,Confirmed planets
WASP-122 b,0,1.372,1.972,1.7100567,0.03107,0.0,,,,78.35,1960.0,,transit,2015.0,15/09/07,07 13 12.3539,-42 24 35.1153,251.934,1.4,1.567,0.32,5720.0,5.0,Confirmed planets
Gamma Cephei b,2,9.4,,905.0,1.94,0.08,86.0,,47.0,169.5,,,RV,2003.0,18/04/20,23 39 20.85153,+77 37 56.1876,13.523,1.18,4.9,0.18,4800.0,,"Confirmed planets, Planets in binary systems, S-type"
PSO J318.5-22,3,6.5,1.53,,,,,,,,1160.0,,imaging,2013.0,13/10/03,21 14 08,+22 51 36,24.6,,,,,,"Confirmed planets, Orphan planets"
MOA-2009-BLG-266L b,0,0.03272,,2780.0,3.2,,,,,,,,microlensing,2011.0,18/09/19,17 48 05.95,-35 00 19.48,3040.0,0.56,,,,,Confirmed planets
Kepler-1565 b,0,,0.106,1.53818844,,,,,,,,,transit,2016.0,16/05/10,19 51 48.7150,+40 48 24.4549,641.272,0.76,0.73,-0.16,4940.0,,Confirmed planets
Kepler-22 b,0,,0.21689,290.0,0.849,,,,,,249.6,,transit,2011.0,11/12/05,19 16 52.1904,+47 53 03.9475,180.0,0.97,0.979,,5510.0,,Confirmed planets
HD 86226 b,0,0.45,,1628.0,2.73,0.059,225.0,,,,176.0,,RV,2009.0,20/08/13,09 56 29.8441,-24 05 57.7957,45.57,1.02,1.05,0.018,5863.0,,Confirmed planets
HD 86226 c,0,0.02281,0.193,3.98442,0.049,0.075,196.0,,,86.45,1311.0,,transit,2020.0,20/08/13,09 56 29.8441,-24 05 57.7957,45.57,1.02,1.05,0.018,5863.0,,Confirmed planets
CoRoT-10 b,0,2.75,0.97,13.2406,0.1055,0.53,,,,88.55,600.8,,transit,2010.0,10/06/14,19 24 15.2868,+00 44 46.0039,345.0,0.89,0.79,0.26,5075.0,,Confirmed planets
Kepler-1601 b,0,,0.073,2.20921951,,,,,,,,,transit,2016.0,16/05/10,19 02 03.1103,+38 04 47.2119,656.642,1.04,1.07,0.05,5869.0,,Confirmed planets
Kepler-85 b,0,,0.16768,8.305738,,,,,,,,,transit,2014.0,14/02/26,19 23 53.6255,+45 17 25.0882,804.74,0.941,0.893,,5436.0,,Confirmed planets
Kepler-85 c,0,,0.20778,12.512598,,,,,,,,,transit,2014.0,14/02/26,19 23 53.6255,+45 17 25.0882,804.74,0.941,0.893,,5436.0,,Confirmed planets
Kepler-85 d,0,,0.10936,17.91323,,,,,,,,,transit,2014.0,14/02/26,19 23 53.6255,+45 17 25.0882,804.74,0.941,0.893,,5436.0,,Confirmed planets
Kepler-85 e,0,,0.11574,25.216751,,,,,,,,,transit,2014.0,14/02/26,19 23 53.6255,+45 17 25.0882,804.74,0.941,0.893,,5436.0,,Confirmed planets
2MASS 0122-2439 B,0,,,,,,,,,,,,imaging,2013.0,15/04/20,01 22 50.938,-24 39 50.65,36.0,0.4,,,,0.12,Confirmed planets
K2-386 b,0,0.0189,0.207,7.473223,,,,,,,,,transit,2022.0,22/03/01,01 13 12,+07 00 47,428.785,0.91,0.97,0.074,5749.0,,Confirmed planets
eps Eridani b,0,0.645,,2651.0,3.51,0.4,141.4,,,,,,RV,2000.0,15/11/12,03 32 55.84496,-09 27 29.7312,3.2161,0.82,0.743,-0.07,5135.0,0.7,Controversial
K2-342 b,0,0.015,0.181,11.561052,,,,,,,861.0,,transit,2018.0,21/10/03,08 52 29,+21 14 19,208.357,1.01,1.09,-0.06,5920.0,,Confirmed planets
K2-151 b,0,,0.133,3.835476,0.0373,,,,,,566.0,,transit,2018.0,18/10/26,01 17 13.0875,+09 30 05.0083,69.61,0.47,0.45,-0.19,3695.0,,Confirmed planets
HATS-1 b,0,1.855,1.302,3.446459,0.0444,0.12,,,,85.6,1250.3,,transit,2012.0,12/06/08,11 42 06.0805,-23 21 17.4281,303.0,0.986,1.038,-0.06,5870.0,,Confirmed planets
Kepler-336 d,0,,0.21598,20.678772,,,,,,,,,transit,2014.0,14/02/26,19 20 57.0359,+41 19 53.0739,794.61,1.057,1.304,,5867.0,,Confirmed planets
Kepler-336 c,0,,0.19137,9.600001,,,,,,,,,transit,2014.0,14/02/26,19 20 57.0359,+41 19 53.0739,794.61,1.057,1.304,,5867.0,,Confirmed planets
Kepler-336 b,0,,0.09295,2.024823,,,,,,,,,transit,2014.0,14/02/26,19 20 57.0359,+41 19 53.0739,794.61,1.057,1.304,,5867.0,,Confirmed planets
GJ 480 b,0,0.04153,,9.567,0.068,0.1,151.0,,,,,,RV,2020.0,20/09/03,12 38 52.4409,+11 41 46.1457,14.24,0.45,,,,,Confirmed planets
TOI-4791 b,0,2.31,1.11,4.28088,0.0555,0.0,,,,85.55,1472.0,,transit,2023.0,23/10/15,07 17 33,-19 49 44,328.802,1.24,1.41,0.207,6058.0,,Confirmed planets
Kepler-193 b,0,,0.2178,11.38848,,,,,,,,,transit,2014.0,14/02/26,19 45 59.6640,+46 34 38.1380,1301.67,1.139,1.147,,6335.0,,Confirmed planets
Kepler-193 c,0,,0.25061,50.697494,,,,,,,,,transit,2014.0,14/02/26,19 45 59.6640,+46 34 38.1380,1301.67,1.139,1.147,,6335.0,,Confirmed planets
Kepler-127 d,0,,0.24058,48.630408,0.282,0.03,,,,89.2,,,transit,2014.0,15/07/22,19 00 45.5887,+46 01 40.6914,338.98,1.269,1.359,,6106.0,,Confirmed planets
Kepler-127 c,0,,0.24241,29.393195,0.202,0.03,,,,88.6,,,transit,2014.0,15/07/22,19 00 45.5887,+46 01 40.6914,338.98,1.269,1.359,,6106.0,,Confirmed planets
Kepler-127 b,0,,0.12758,14.435889,0.126,,,,,88.6,,,transit,2014.0,15/07/22,19 00 45.5887,+46 01 40.6914,338.98,1.269,1.359,,6106.0,,Confirmed planets
MOA 2008-BLG-310L b,0,0.0736,,,,,,,,,,,microlensing,2009.0,18/09/18,17 54 14.530,-34 46 40.99,770.0,0.21,,,,,Confirmed planets
WASP-60 b,0,0.514,0.86,4.3050011,0.0531,0.0,,,,87.9,,,transit,2011.0,11/09/13,23 46 39.9747,+31 09 21.3720,400.0,0.514,0.86,-0.04,5900.0,,Confirmed planets
OGLE-2017-BLG-0173L b,0,0.010285,,,,,,,,,,,microlensing,2017.0,18/09/20,17 51 52.95,-29 16 16.9,4705.0,0.396,,,,,Confirmed planets
HD 63935 b,0,0.034,0.2668,9.058811,,0.0,,,,88.49,911.0,,transit,2021.0,21/10/14,07 51 41.9965,+09 23 09.7932,48.8,0.933,0.959,0.07,5534.0,,Confirmed planets
HD 63935 c,0,0.0349,0.259,21.4023,,0.0,,,,88.241,684.0,,transit,2021.0,21/10/14,07 51 41.9965,+09 23 09.7932,48.8,0.933,0.959,0.07,5534.0,,Confirmed planets
Kepler-876 b,0,,0.128,5.14438011,,,,,,,,,transit,2016.0,16/05/10,18 53 54.7633,+43 23 01.5350,840.336,0.81,0.77,-0.03,5060.0,,Confirmed planets
GJ 251 b,0,0.01259,,14.238,0.0818,0.1,78.8,,,,351.0,,RV,2020.0,21/03/04,06 54 48.9577,+33 16 05.4385,5.58,0.36,0.36,-0.03,3451.0,,Confirmed planets
Kepler-797 b,0,,0.194,27.07237711,,,,,,,,,transit,2016.0,16/05/10,19 48 50.1483,+41 46 54.1693,1366.12,0.96,0.95,-0.02,5680.0,,Confirmed planets
GJ 682 b,0,0.014,,17.478,0.08,0.08,90.0,,,,,,RV,2014.0,15/04/21,17 37 03.66242,-44 19 09.1697,5.079,0.27,,,3028.0,,Controversial
GJ 682 c,0,0.027,,57.32,0.176,0.1,320.0,,,,,,RV,2014.0,15/04/21,17 37 03.66242,-44 19 09.1697,5.079,0.27,,,3028.0,,Controversial
HAT-P-51 b,0,0.309,1.293,4.2180278,0.05069,,,,,88.48,1192.0,,transit,2015.0,15/03/13,01 24 15.6413,+32 48 38.7779,470.0,0.976,1.041,0.27,5449.0,8.2,Confirmed planets
WASP-184 b,0,0.57,1.33,5.1817,0.0627,0.0,,,,86.9,1480.0,,transit,2019.0,19/10/10,13 58 04.0876,-30 20 53.2719,640.0,1.23,1.65,0.12,6000.0,,Confirmed planets
Kepler-1148 b,0,,0.151,1.10446351,,,,,,,,,transit,2016.0,16/05/10,19 23 48.8566,+45 43 10.3507,637.024,0.81,0.77,-0.02,5054.0,,Confirmed planets
K2-150 b,0,,0.178,10.59357,0.0727,,,,,,,,transit,2018.0,18/02/01,01 13 22.6049,+08 59 15.1555,110.0,0.46,0.44,0.09,3499.0,,Confirmed planets
Kepler-907 b,0,,0.107,15.86621821,,,,,,,,,transit,2016.0,16/05/10,19 01 54.3864,+41 37 57.7876,,1.08,1.38,-0.15,6106.0,,Confirmed planets
K2-29 b,0,0.73,1.19,3.2588321,0.04217,0.066,132.0,1.5,,86.656,,,transit,2016.0,16/06/13,04 10 40.8826,+24 24 06.3018,179.4,0.94,0.86,,,,Confirmed planets
CoRoT-3 b,0,21.66,1.01,4.2568,0.057,0.0,,,,85.9,1554.7,,transit,2008.0,12/04/05,19 28 13.2642,+00 07 18.6143,680.0,1.37,1.56,-0.02,6740.0,,Confirmed planets
Kepler-1056 b,0,,0.269,27.495606,,,,,,,,,transit,2016.0,16/05/10,19 58 06.2381,+46 53 57.3169,1010.82,1.12,1.2,0.02,6127.0,,Confirmed planets
Kepler-1378 b,0,,0.196,11.95398936,,,,,,,,,transit,2016.0,16/05/10,19 49 29.6013,+40 21 58.9721,513.452,0.7,0.67,0.03,4407.0,,Confirmed planets
HD 210277 b,0,1.23,,442.1,1.1,0.472,,,,,240.3,,RV,1998.0,06/09/06,22 09 29.8657,-07 32 55.1630,21.29,1.09,1.1,0.19,5532.0,,Confirmed planets
HD 208487 b,0,0.413,,129.8,0.51,0.21,,,,,391.5,,RV,2004.0,10/12/24,21 57 19.8475,-37 45 49.0479,45.0,1.3,1.15,-0.06,5929.0,,Confirmed planets
CoRoT-18 b,0,3.47,1.31,1.9000693,0.0295,0.08,,,,86.5,1396.0,,transit,2011.0,12/04/05,06 32 41.3777,-00 01 53.7256,870.0,0.95,1.0,-0.1,5440.0,,Confirmed planets
Kepler-1607 b,0,,0.082,13.6473676,,,,,,,,,transit,2016.0,16/05/10,19 44 14.3622,+42 39 21.7478,1334.4,1.14,1.21,0.05,6116.0,,Confirmed planets
Kepler-1640 b,0,,0.43,7.5844126,,,,,,,,,transit,2016.0,16/05/10,19 38 13.8864,+40 51 01.7521,,1.27,1.43,0.1,6324.0,,Confirmed planets
Kepler-1213 b,0,,0.106,5.34982412,,,,,,,,,transit,2016.0,16/05/10,19 17 56.5983,+50 56 39.0315,827.13,1.14,1.21,0.13,6050.0,,Confirmed planets
TOI-3714 b,0,0.7,1.01,2.154849,0.027,0.03,100.0,,,88.7,750.0,,transit,2022.0,22/01/26,04 38 13.00,+39 27 29.00,112.5,0.53,0.51,0.1,3660.0,,Confirmed planets
Kepler-338 b,0,0.0963,0.22236,13.726976,0.116,0.04,,,,89.4,,,transit,2014.0,15/07/28,18 51 54.9520,+40 47 03.6728,545.29,1.101,1.735,-0.07,5923.0,,Confirmed planets
Kepler-338 c,0,,0.21324,24.310856,0.17,0.03,,,,89.9,,,transit,2014.0,15/07/28,18 51 54.9520,+40 47 03.6728,545.29,1.101,1.735,-0.07,5923.0,,Confirmed planets
Kepler-338 d,0,,0.27339,44.431014,,0.03,,,,,,,transit,2014.0,15/07/28,18 51 54.9520,+40 47 03.6728,545.29,1.101,1.735,-0.07,5923.0,,Confirmed planets
Kepler-338 e,0,0.027,0.139,9.34149,0.09,0.05,,,,,,,transit,2014.0,15/07/28,18 51 54.9520,+40 47 03.6728,545.29,1.101,1.735,-0.07,5923.0,,Confirmed planets
Kepler-1281 b,0,,0.146,3.11602791,,,,,,,,,transit,2016.0,16/05/10,19 41 25.0499,+48 30 55.5012,,0.87,0.83,-0.04,5353.0,,Confirmed planets
K2-126 b,0,,0.1606,7.38707,,,,,,88.7,,,transit,2018.0,18/07/24,13 34 11.1700,-13 34 36.9664,59.58,0.61,0.589,-0.44,,,Confirmed planets
KOI-2939 b,1,1.52,1.05932,1107.5923,2.7205,0.0581,155.0464,,-2.0393,90.0972,,,transit,2015.0,18/02/17,19 52 36.021,+40 39 22.23,,,,,,,"Confirmed planets, Planets in binary systems, P-type"
HAT-P-14 b,2,2.2,1.2,4.627657,0.0594,0.095,,,,83.2,1445.9,,transit,2010.0,13/05/29,17 20 28,+38 14 32,205.0,1.386,1.468,0.11,6600.0,,"Confirmed planets, Planets in binary systems, S-type"
GJ 1252 b,0,0.00658,0.106,0.5182349,0.00916,0.0,,,,85.0,1089.0,,transit,2020.0,20/02/13,20 27 42.0813,-56 27 25.1566,20.38,0.38,0.39,0.1,3458.0,,Confirmed planets
KIC 9413313 b,0,,,,,,,,,,,,transit,2015.0,16/05/23,19 41 40.9196,+45 54 12.5890,476.3039,0.95,1.45,0.02,5359.0,,Confirmed planets
Kepler-1045 b,0,,0.24,26.41045478,,,,,,,,,transit,2016.0,16/05/10,18 56 43.9849,+45 04 26.8030,968.429,0.86,0.82,-0.03,5301.0,,Confirmed planets
Kepler-551 b,0,,0.244,12.3764661,,,,,,,,,transit,2016.0,16/05/10,19 01 56.4023,+48 03 15.4960,313.982,0.65,0.63,-0.09,4286.0,,Confirmed planets
Kepler-346 b,0,,0.24241,6.511127,,,,,,,,,transit,2014.0,14/02/26,19 12 02.8612,+46 07 03.3515,1384.64,1.02,1.021,,6033.0,,Confirmed planets
Kepler-346 c,0,,0.27977,23.851549,,,,,,,,,transit,2014.0,14/02/26,19 12 02.8612,+46 07 03.3515,1384.64,1.02,1.021,,6033.0,,Confirmed planets
Kepler-1426 b,0,,0.139,14.2563227,,,,,,,,,transit,2016.0,16/05/10,19 30 10.9719,+49 25 00.9893,,1.02,1.02,0.03,5831.0,,Confirmed planets
Kepler-23 c,0,,0.34447,10.742371,,0.02,,,,,,,transit,2014.0,15/06/09,19 36 52.5355,+49 28 45.2531,864.68,1.19,1.548,,5828.0,,Confirmed planets
Kepler-23 d,0,,0.20049,15.274299,,0.08,,,,,,,transit,2014.0,15/06/09,19 36 52.5355,+49 28 45.2531,864.68,1.19,1.548,,5828.0,,Confirmed planets
Kepler-23 b,0,,0.15401,7.107163,,0.06,,,,,,,transit,2014.0,15/06/09,19 36 52.5355,+49 28 45.2531,864.68,1.19,1.548,,5828.0,,Confirmed planets
Kepler-645 b,0,,0.187,3.27582262,,,,,,,,,transit,2016.0,16/05/10,19 21 17.4497,+44 02 08.9800,,1.13,1.21,-0.01,6170.0,,Confirmed planets
Kepler-6 b,0,0.67,1.3,3.234723,0.04567,0.0,,,,86.8,1374.1,,transit,2010.0,15/12/03,19 47 20.9379,+48 14 23.7595,597.122,1.05,1.29,0.34,5640.0,,Confirmed planets
Kepler-1454 b,0,,0.168,47.0319479,,,,,,,,,transit,2016.0,16/05/10,18 56 53.6060,+48 49 54.3813,798.3395,0.9,0.86,-0.02,5448.0,,Confirmed planets
Kepler-418 b,0,,1.2,86.67856,,0.2,,,,89.952,,,transit,2014.0,15/12/03,19 37 44.0464,+38 21 19.6628,1031.89,1.29,1.6,0.31,6029.0,,Confirmed planets
Kepler-80 b,0,0.0218,0.2372,7.05246,0.0648,,,,,89.34,,,transit,2014.0,17/12/15,19 44 27.0200,+39 58 43.5937,357.0,0.73,0.678,0.04,4540.0,,Confirmed planets
Kepler-80 c,0,0.02121,0.2444,9.52355,0.0792,,,,,89.33,,,transit,2014.0,17/12/15,19 44 27.0200,+39 58 43.5937,357.0,0.73,0.678,0.04,4540.0,,Confirmed planets
Kepler-80 d,0,0.02124,0.1365,3.07222,0.0372,,,,,88.35,,,transit,2014.0,17/12/15,19 44 27.0200,+39 58 43.5937,357.0,0.73,0.678,0.04,4540.0,,Confirmed planets
Kepler-80 e,0,0.01299,0.14945,4.64489,0.0491,,,,,88.79,,,transit,2014.0,17/12/15,19 44 27.0200,+39 58 43.5937,357.0,0.73,0.678,0.04,4540.0,,Confirmed planets
Kepler-80 f,0,,0.1079,0.9867873,0.0175,,,,,86.5,,,transit,2016.0,17/12/15,19 44 27.0200,+39 58 43.5937,357.0,0.73,0.678,0.04,4540.0,,Confirmed planets
Kepler-80 g,0,,0.1008,14.64558,,,,,,89.35,,,transit,2017.0,17/12/15,19 44 27.0200,+39 58 43.5937,357.0,0.73,0.678,0.04,4540.0,,Confirmed planets
TOI-5293 A b,0,0.54,1.06,2.930289,0.034,0.38,-92.0,,,88.8,675.0,,transit,2023.0,23/10/15,23 43 19,-02 02 42,162.229,0.54,0.52,-0.03,3586.0,,Confirmed planets
Kepler-746 b,0,,0.099,3.48159251,,,,,,,,,transit,2016.0,16/05/10,19 22 43.7359,+37 21 18.4724,,0.91,0.93,0.09,5418.0,,Confirmed planets
Kepler-1420 b,0,,0.114,6.69960006,,,,,,,,,transit,2016.0,16/05/10,19 44 48.9105,+42 46 40.1620,1084.13,0.82,0.79,-0.1,5187.0,,Confirmed planets
Kepler-480 b,0,,0.248,4.9195838,,,,,,,,,transit,2016.0,16/05/10,19 37 51.3345,+49 45 54.1642,868.659,1.25,1.34,0.11,6322.0,,Confirmed planets
Kepler-1011 b,0,,0.256,5.75322197,,,,,,,,,transit,2016.0,16/05/10,19 49 36.3742,+46 49 26.4319,752.502,0.91,0.88,0.08,5416.0,,Confirmed planets
K2-148 b,0,,0.119,4.38395,0.0454,,,,,,,,transit,2018.0,18/02/01,00 58 04.2758,-00 11 35.3632,121.0,0.65,0.63,-0.11,4079.0,,Confirmed planets
K2-148 c,0,,0.154,6.9226,0.0616,,,,,,,,transit,2018.0,18/02/01,00 58 04.2758,-00 11 35.3632,121.0,0.65,0.63,-0.11,4079.0,,Confirmed planets
K2-148 d,0,,0.146,9.7579,0.0774,,,,,,,,transit,2018.0,18/02/01,00 58 04.2758,-00 11 35.3632,121.0,0.65,0.63,-0.11,4079.0,,Confirmed planets
K2-114 b,0,,0.952,11.391013,0.0954,,,,,,661.0,,transit,2017.0,18/10/26,08 31 31.9127,+11 55 20.1560,484.8,0.89,0.84,0.39,5044.0,,Confirmed planets
OGLE-2015-BLG-1649L b,0,2.54,,,2.07,,,,,,,,microlensing,2019.0,19/10/24,18 04 49,-32 37 59,4230.0,0.34,,,,,Confirmed planets
Kepler-409 b,0,,0.108445,68.9584,,,,,,,,,transit,2014.0,14/02/24,19 34 43.0023,+46 51 09.9345,69.2,0.92,0.89,0.08,5460.0,6.8,Confirmed planets
HD 111591 b,0,4.4,,1056.4,2.5,0.26,78.72,,,,,,RV,2017.0,17/11/30,12 50 17.2954,+22 51 48.2786,114.54,1.94,8.03,0.07,4884.0,,Confirmed planets
Kepler-735 b,0,,0.263,11.51516988,,,,,,,,,transit,2016.0,16/05/10,18 58 45.3366,+46 10 20.0501,709.019,0.85,0.8,0.07,5107.0,,Confirmed planets
Kepler-1859 b,0,0.00985,0.141,2.72959995,0.0394,0.0,,,,85.66,1455.0,,transit,2021.0,23/10/15,19 35 57,+46 43 05,1331.25,1.09,1.24,0.16,5887.0,,Confirmed planets
Kepler-1859 c,0,0.0107,0.153,3.59645081,0.0473,0.0,,,,83.31,1327.0,,transit,2023.0,23/10/15,19 35 57,+46 43 05,1331.25,1.09,1.24,0.16,5887.0,,Confirmed planets
TOI-1516 b,0,3.16,1.36,2.056014,,,,,,90.0,,,transit,2022.0,22/05/05,22 40 20.00,+69 30 13.00,,1.085,1.245,-0.05,6420.0,,Confirmed planets
Kepler-164 c,0,,0.24879,10.945723,,,,,,,,,transit,2014.0,14/02/26,19 11 07.3973,+47 37 47.6339,965.43,1.15,1.148,,5888.0,,Confirmed planets
Kepler-164 d,0,,0.22327,28.986769,,,,,,,,,transit,2014.0,14/02/26,19 11 07.3973,+47 37 47.6339,965.43,1.15,1.148,,5888.0,,Confirmed planets
Kepler-164 b,0,,0.12849,5.03503,,,,,,,,,transit,2014.0,14/02/26,19 11 07.3973,+47 37 47.6339,965.43,1.15,1.148,,5888.0,,Confirmed planets
Kepler-291 b,0,,0.19684,3.546511,,,,,,,,,transit,2014.0,14/02/26,19 11 39.9173,+42 26 14.2723,1884.3,1.01,1.016,,6002.0,,Confirmed planets
Kepler-291 c,0,,0.17132,5.700786,,,,,,,,,transit,2014.0,14/02/26,19 11 39.9173,+42 26 14.2723,1884.3,1.01,1.016,,6002.0,,Confirmed planets
HATS-32 b,0,0.92,1.249,2.8126548,0.04024,0.471,,,,87.1,,,transit,2016.0,16/07/11,23 04 18.0222,-21 16 18.9485,839.0,1.099,1.097,0.39,5700.0,3.5,Confirmed planets
Kepler-882 b,0,,0.11,3.98953967,,,,,,,,,transit,2016.0,16/05/10,19 38 35.9801,+43 20 08.0602,512.033,0.9,0.87,-0.03,5476.0,,Confirmed planets
HD 147873 b,0,5.14,,116.596,0.522,0.207,80.0,,,,,,RV,2016.0,16/04/02,16 25 45.1545,-33 32 47,104.93,1.38,2.29,-0.03,5972.0,4.0,Confirmed planets
HD 147873 c,0,2.3,,491.54,1.36,0.23,42.0,,,,,,RV,2016.0,16/04/02,16 25 45.1545,-33 32 47,104.93,1.38,2.29,-0.03,5972.0,4.0,Confirmed planets
HIP 14810 b,0,3.88,,6.673855,0.0692,0.1427,,,,,918.2,,RV,2006.0,09/06/03,03 11 14.2302,+21 05 50.4926,50.55,0.99,1.0,0.26,5485.0,,Confirmed planets
HIP 14810 c,0,1.28,,147.73,0.545,0.164,,,,,327.0,,RV,2006.0,09/06/03,03 11 14.2302,+21 05 50.4926,50.55,0.99,1.0,0.26,5485.0,,Confirmed planets
HIP 14810 d,0,0.57,,962.0,1.89,0.173,,,,,175.6,,RV,2009.0,09/06/03,03 11 14.2302,+21 05 50.4926,50.55,0.99,1.0,0.26,5485.0,,Confirmed planets
14 And b,0,4.8,,185.84,0.83,0.0,0.0,,,,,,RV,2008.0,15/09/20,23 31 17.41346,+39 14 10.3092,79.2,2.2,11.0,-0.24,4813.0,,Confirmed planets
K2-186 b,0,,0.2828,41.4742,,,,,,89.52,,,transit,2018.0,18/07/24,09 01 20.3947,+18 49 31.5665,335.5,1.019,0.981,0.06,,,Confirmed planets
MASCARA-5 b,0,3.14,1.508,2.65022,0.047,0.01,260.0,,,80.4,2370.0,,transit,2021.0,21/04/27,21 04 49.00,+55 35 17.00,149.6,1.9,1.92,0.43,7690.0,,Confirmed planets
K2-62 b,0,,0.1722,6.67177,,,,,,89.1,,,transit,2018.0,18/07/24,22 17 27.4023,-12 11 15.0121,108.4,0.684,0.648,-0.29,,,Confirmed planets
K2-62 c,0,,0.1686,16.1972,,,,,,89.61,,,transit,2018.0,18/07/24,22 17 27.4023,-12 11 15.0121,108.4,0.684,0.648,-0.29,,,Confirmed planets
TOI-1227 b,0,,0.854,27.36397,0.0886,,,,,88.571,,,RV,2021.0,21/10/20,12 27 04.3052,-72 27 06.4953,100.96,0.17,0.56,,3072.0,,Confirmed planets
WASP-10 b,0,3.06,1.08,3.0927616,0.0371,0.057,,,,86.8,946.8,,transit,2008.0,08/12/02,23 15 58.3005,+31 27 46.2947,90.0,0.71,0.783,0.03,4675.0,,Confirmed planets
HIP 54597 b,0,2.4,1.18,3274.0,4.0,0.03,164.0,,,116.0,,,RV,2023.0,23/10/15,11 10 26,-29 24 51,39.7429,0.8,0.66,-0.22,4799.0,,Confirmed planets
TOI-5238 b,0,0.0747,0.466,4.872171,,,,,,,1042.0,,transit,2022.0,23/02/22,14 53 26,+68 51 34,290.646,1.0,1.02,,5631.0,,Confirmed planets
HIP 65426 b,0,9.0,1.5,,92.0,,,,,,,,imaging,2017.0,17/07/08,13 24 36.0982,-51 29 44,111.4,1.96,1.77,,8840.0,0.014,Confirmed planets
HD 1397 b,0,0.415,1.026,11.53533,0.1097,0.251,2.1,,,88.99,1228.0,,transit,2018.0,19/07/25,00 17 47.1522,-66 21 32.0641,79.75,1.32,2.34,0.29,5521.0,,Confirmed planets
LTT 9779 b,0,0.09225,0.421,0.792052,0.01679,0.0,90.0,,,76.39,1978.0,,transit,2020.0,20/09/24,23 54 40.2073,-37 37 40.5235,80.62,0.77,0.95,0.27,5443.0,,Confirmed planets
HD 92788 b,0,3.76,,325.803,0.97,0.35,-82.17,,,,,,RV,2000.0,19/04/11,10 42 48.5280,-02 11 01.5220,34.69,1.15,1.14,0.27,5744.0,,Confirmed planets
HD 92788 c,0,3.67,,11611.2975,10.5,0.46,-25.71,,,,,,RV,2019.0,19/04/11,10 42 48.5280,-02 11 01.5220,34.69,1.15,1.14,0.27,5744.0,,Confirmed planets
Kepler-61 b,0,,0.19593013,59.87756,,,,,,,273.0,,transit,2013.0,13/04/26,19 41 13.0817,+42 28 30.9871,326.2,0.35,0.62,0.03,4017.0,,Confirmed planets
HD 156411 b,0,0.74,,842.2,1.88,0.22,,,,,278.0,,RV,2009.0,10/09/08,17 19 51.4003,-48 32 57.5538,55.1,1.25,2.16,-0.12,5900.0,,Confirmed planets
KOI-1783 c,0,0.0472,0.485,284.215,,0.0,,,,,,,transit,2020.0,20/05/07,19 17 21.9470,+46 59 17.6343,887.81,1.08,1.14,0.11,5922.0,,Confirmed planets
KOI-1783 b,0,0.22339,0.79,134.4628,,0.0,,,,89.441,,,transit,2020.0,20/05/07,19 17 21.9470,+46 59 17.6343,887.81,1.08,1.14,0.11,5922.0,,Confirmed planets
HD 177830 A b,2,1.49,,406.6,1.2218,0.009,85.0,,,,,,RV,1999.0,15/11/03,19 05 20.77341,+25 55 14.3797,59.0,1.47,2.99,0.55,,,"Confirmed planets, Planets in binary systems, S-type"
HD 177830 A c,2,0.15,,110.9,0.5137,0.3,110.0,,,,,,RV,2010.0,15/11/03,19 05 20.77341,+25 55 14.3797,59.0,1.47,2.99,0.55,,,"Confirmed planets, Planets in binary systems, S-type"
Kepler-1316 b,0,,0.316,87.9732136,,,,,,,,,transit,2016.0,16/05/10,19 55 20.6105,+40 17 35.2910,819.739,1.04,1.12,0.03,5884.0,,Confirmed planets
HD 113538 b,0,0.36,,663.2,1.24,0.14,74.0,,,,,,RV,2010.0,15/11/21,13 04 57.47691,-52 26 34.5223,15.87,0.585,0.53,-0.24,4462.0,4.3,Confirmed planets
HD 113538 c,0,0.93,,1818.0,2.44,0.2,280.0,,,,,,RV,2010.0,15/11/21,13 04 57.47691,-52 26 34.5223,15.87,0.585,0.53,-0.24,4462.0,4.3,Confirmed planets
OGLE-2011-BLG-0265L b,0,0.88,,,,,,,,,,,microlensing,2014.0,18/09/20,17 57 47.72,-27 23 40.3,4380.0,0.211,,,,,Confirmed planets
Kepler-1146 b,0,,0.11,2.3522658,,,,,,,,,transit,2016.0,16/05/10,19 06 51.9946,+47 25 32.2655,717.206,0.74,0.7,-0.06,4692.0,,Confirmed planets
ROXs 12 b,0,16.0,,,,,,,,,,,imaging,2013.0,13/12/02,16 26 28.0400,-25 27 24,137.2,0.87,,,3850.0,0.0076,Confirmed planets
Kepler-978 b,0,,0.267,49.6221509,,,,,,,,,transit,2016.0,16/05/10,19 06 50.5775,+43 02 36.3092,,1.07,1.09,-0.01,6002.0,,Confirmed planets
HW Vir (AB) b,1,14.3,,4640.0,4.69,0.4,,,,,,,timing,2008.0,12/11/24,12 44 20.23731,-08 40 16.8338,181.0,,,,,,"Controversial, Planets in binary systems, P-type"
Kepler-1053 b,0,,0.087,2.41435165,,,,,,,,,transit,2016.0,16/05/10,19 25 40.4736,+39 07 38.6334,151.791,0.74,0.69,0.1,4529.0,,Confirmed planets
Kepler-1367 b,0,,0.082,1.57409027,,,,,,,,,transit,2016.0,16/05/10,19 13 39.9723,+47 52 43.3819,406.124,0.62,0.6,-0.06,4106.0,,Confirmed planets
GJ 687 b,0,0.05412,,38.142,0.163,0.17,117.0,,,,,,RV,2014.0,20/09/03,17 36 25.8991,+68 20 20.9041,4.55,0.4,,,,,Confirmed planets
GJ 687 c,0,0.05034,,727.562,1.165,0.4,176.0,,,,,,RV,2020.0,20/09/03,17 36 25.8991,+68 20 20.9041,4.55,0.4,,,,,Confirmed planets
HD 181234 b,0,8.37,,7462.0575,7.52,0.73,93.3,,,,,,RV,2019.0,19/04/11,19 20 00.0972,-09 19 24.9587,47.81,1.01,1.05,0.32,5386.0,,Confirmed planets
WASP-99 b,0,2.78,1.1,5.75251,0.0717,,,,,88.8,1480.0,,transit,2013.0,13/10/22,02 39 35.4435,-50 00 28.8783,159.388,1.48,1.76,0.21,6180.0,1.4,Confirmed planets
Kepler-52 c,0,,0.15583,16.384888,,,,,,,,,transit,2014.0,14/02/26,19 06 57.1300,+49 58 32.6363,356.41,0.577,0.556,,4263.0,,Confirmed planets
Kepler-52 b,0,,0.21324,7.877407,,,,,,,,,transit,2014.0,14/02/26,19 06 57.1300,+49 58 32.6363,356.41,0.577,0.556,,4263.0,,Confirmed planets
Kepler-52 d,0,,0.1777,36.445171,,,,,,,,,transit,2014.0,14/02/26,19 06 57.1300,+49 58 32.6363,356.41,0.577,0.556,,4263.0,,Confirmed planets
Kepler-1531 b,0,,0.099,1.13854338,,,,,,,,,transit,2016.0,16/05/10,19 00 35.1842,+39 22 14.8687,679.394,1.16,1.27,-0.03,6260.0,,Confirmed planets
HATS-28 b,0,0.672,1.194,3.1810781,0.04131,0.101,,,,86.17,,,transit,2016.0,16/07/28,18 57 35.9252,-49 51 41,521.0,0.929,0.922,0.01,5498.0,6.2,Confirmed planets
K2-206 b,0,,0.2498,18.2945,,,,,,89.1,,,transit,2018.0,18/07/24,00 45 01.5155,+00 35 35.7498,255.3,0.789,0.758,-0.14,,,Confirmed planets
Kepler-540 b,0,,0.242,172.7049784,,,,,,,,,transit,2016.0,16/05/10,19 22 30.0570,+44 52 26.2122,394.773,1.02,1.08,-0.1,5946.0,,Confirmed planets
Kepler-71 b,0,,1.06622,3.9050814125,0.0484618,,,,,89.67,1046.2,,transit,2013.0,13/03/25,19 39 27.7155,+46 17 08.9427,918.88,0.923,0.887,,5543.0,0.4,Confirmed planets
Kepler-868 b,0,,0.183,5.03251791,,,,,,,,,transit,2016.0,16/05/10,18 49 27.2506,+46 40 30.8654,,0.93,0.89,-0.08,5614.0,,Confirmed planets
Gaia-2 b,0,0.773,1.327,3.6915237,0.0467,0.346,206.2,,,85.66,,,transit,2022.0,22/05/23,07 22 56.48,+67 15 09.58,207.2,1.0,1.064,,5720.0,,Confirmed planets
HATS-60 b,0,0.662,1.153,3.560829,0.04708,0.0,,,,86.28,1528.0,,transit,2018.0,18/12/13,22 45 27.3643,-14 59 30.3456,493.3,1.097,1.46,0.335,5688.0,,Confirmed planets
Kepler-1136 b,0,,0.146,2.36172433,,,,,,,,,transit,2016.0,16/05/10,18 56 25.8645,+44 14 44.9907,498.306,0.72,0.68,0.03,4512.0,,Confirmed planets
TOI-677 b,0,1.236,1.17,11.2366,0.1038,0.435,,,,87.63,1252.0,,transit,2019.0,19/11/13,09 36 28.6865,-50 27 47.7935,142.5,1.181,1.28,0.0,6295.0,2.92,Confirmed planets
LHS 475 b,0,0.002876,0.0883,2.029088,,,,,,87.19,586.0,,transit,2023.0,23/01/12,19 29 54.00,-82 33 16.00,12.48,0.262,0.279,0.0,3312.0,,Confirmed planets
WASP-1 b,2,0.854,1.483,2.5199464,0.03889,0.0,,,,90.0,1644.3,,transit,2006.0,14/03/05,00 20 40,+31 59 24,380.0,1.24,1.47,0.23,6160.0,3.4,"Confirmed planets, Planets in binary systems, S-type"
K2-254 b,0,,0.145,4.09639,0.0448,,,,,,791.0,,transit,2018.0,18/07/12,12 22 12.1833,-04 43 02.0577,229.4,0.71,0.67,-0.14,4629.0,,Confirmed planets
K2-254 c,0,,0.195,12.11839,0.0923,,,,,,551.0,,transit,2018.0,18/07/12,12 22 12.1833,-04 43 02.0577,229.4,0.71,0.67,-0.14,4629.0,,Confirmed planets
Kepler-579 b,0,,0.178,9.66857723,,,,,,,,,transit,2016.0,16/05/10,19 40 00.4858,+39 57 10.5033,538.967,0.99,0.96,0.13,5636.0,,Confirmed planets
Kepler-1089 b,0,,0.163,5.13248562,,,,,,,,,transit,2016.0,16/05/10,19 24 22.2609,+49 11 24.2504,261.253,0.52,0.49,-0.09,3753.0,,Confirmed planets
KOI-7368 b,0,,0.1981,6.8430341,0.0678,,,,,71.62,805.0,,transit,2017.0,22/05/04,19 35 47.43,+48 03 54.91,,0.883,0.827,0.14,5225.0,,Confirmed planets
Gliese 649 b,0,0.328,,598.3,1.135,0.3,,,,,102.2,,RV,2009.0,09/12/17,16 58 08.8497,+25 44 38.9711,10.34,0.54,,0.08,3700.0,,Confirmed planets
GJ 649.02,0,0.03,,4.4762,0.043,0.2,334.0,,,,,,RV,2013.0,15/04/23,16 58 08.8497,+25 44 38.9711,10.34,0.54,,0.08,3700.0,,Controversial
Kepler-1458 b,0,,0.246,47.9872764,,,,,,,,,transit,2016.0,16/05/10,18 52 50.7846,+41 02 17.0118,553.128,0.96,0.94,0.02,5653.0,,Confirmed planets
TOI-4127 b,0,2.3,1.096,56.39879,0.3081,0.7471,129.6,,,89.3,605.1,,transit,2023.0,23/10/15,07 01 37,+72 24 54,319.632,1.23,1.29,0.14,6096.0,,Confirmed planets
TOI-1789 b,0,0.7,1.4,3.208666,0.04873,,,,,78.36,1929.0,,transit,2021.0,21/06/17,09 30 58.00,+26 32 24.00,223.55,1.499,2.172,0.37,5984.0,,Confirmed planets
Kepler-259 b,0,,0.25516,8.115317,,,,,,,,,transit,2014.0,14/02/26,19 12 50.8634,+46 36 54.0662,1182.5,1.015,0.898,,5938.0,,Confirmed planets
Kepler-259 c,0,,0.24605,36.924931,,,,,,,,,transit,2014.0,14/02/26,19 12 50.8634,+46 36 54.0662,1182.5,1.015,0.898,,5938.0,,Confirmed planets
Kepler-1676 b,0,,0.301,29.9221,,,,,,,,,transit,2020.0,20/09/03,19 08 57,+43 34 02,,,0.88,-0.104,5893.0,,Confirmed planets
OGLE-2008-BLG-092L A b,2,0.178,,,,,,,,,,,microlensing,2014.0,18/09/20,17 47 29.42,-34 43 35.6,8100.0,0.71,,,,,"Confirmed planets, Planets in binary systems, S-type"
K2-276 b,0,,0.336,18.718269,0.1291,,,,,,583.0,,transit,2018.0,18/10/26,08 23 48.6630,+22 38 02.4661,489.88,0.82,0.85,0.07,5139.0,,Confirmed planets
WASP-162 b,0,5.2,1.0,9.62468,0.0871,,,,,89.3,910.0,,transit,2018.0,18/03/06,11 13 10.2913,-17 39 27.8855,313.6,0.95,1.11,0.28,5300.0,,Confirmed planets
Kepler-300 c,0,,0.20504,40.714955,,,,,,,,,transit,2014.0,14/02/26,19 41 09.2833,+48 35 59.0327,753.63,1.035,0.9,,5986.0,,Confirmed planets
Kepler-300 b,0,,0.15219,10.446347,,,,,,,,,transit,2014.0,14/02/26,19 41 09.2833,+48 35 59.0327,753.63,1.035,0.9,,5986.0,,Confirmed planets
HATS-66 b,0,5.33,1.411,3.1414391,0.04714,0.0,,,,87.06,1998.0,,transit,2018.0,18/12/13,06 45 34.7573,-33 52 54.1299,1544.0,1.411,1.841,-0.017,6626.0,,Confirmed planets
Kepler-1349 b,0,,0.062,2.12823928,,,,,,,,,transit,2016.0,16/05/10,19 05 21.2185,+48 44 38.7649,278.536,1.16,1.28,0.03,6086.0,,Confirmed planets
Kepler-1761 b,0,0.00791,0.124,4.04354,0.0413,0.0,,,,78.42,613.0,,transit,2021.0,22/09/15,18 56 32,+49 08 33,221.186,0.57,0.53,0.07,3871.0,,Confirmed planets
GJ 3082 b,0,0.0258,,11.949,0.079,0.22,121.0,,,,,,RV,2020.0,20/02/13,01 14 34.1967,-53 56 31.6106,16.63,0.47,,,,,Confirmed planets
TOI-251 b,0,,0.2444,4.93777,0.05741,0.0,,,,87.52,,,transit,2020.0,20/11/30,23 32 15.00,-37 15 21.00,99.52,1.036,0.881,-0.106,5875.0,,Confirmed planets
BD+20 274 b,0,4.2,,578.2,1.3,0.21,108.5,,,,,,RV,2012.0,15/11/23,01 43 40.8760,+21 00 19.0277,1383.9,0.8,17.3,-0.46,4296.0,,Confirmed planets
HATS-59 b,0,0.806,1.126,5.416081,0.06112,0.0,,,,88.1,1128.0,,transit,2018.0,18/05/15,11 21 17.8650,-22 23 17.4516,654.9,1.038,1.036,0.18,5670.0,4.3,Confirmed planets
HATS-59 c,0,12.7,,1422.0,2.504,,,,,,175.9,,RV,2018.0,18/05/15,11 21 17.8650,-22 23 17.4516,654.9,1.038,1.036,0.18,5670.0,4.3,Confirmed planets
KMT-2021-BLG-1077L b,0,0.22,,,1.26,,,,,,,,microlensing,2022.0,22/04/01,17 45 57.00,-33 50 34.00,8240.0,0.14,,,,,Confirmed planets
KMT-2021-BLG-1077L c,0,0.25,,,0.93,,,,,,,,microlensing,2022.0,22/04/01,17 45 57.00,-33 50 34.00,8240.0,0.14,,,,,Confirmed planets
WASP-62 b,0,0.57,1.39,4.411953,0.0567,0.0,,,,88.3,1305.2,,transit,2011.0,12/04/24,05 48 33.5937,-63 59 18.3868,160.0,1.25,1.28,0.04,6230.0,,Confirmed planets
HD 194490 b,0,11.26401,1.11,13092.18347776,11.043187,0.251363,261.1056,,,57.99,,,RV,2022.0,22/09/27,20 27 60,-51 39 52,80.2349,1.06,1.15,0.08,5861.32,,Confirmed planets
MOA-2022-BLG-249L b,0,0.0152,0.182,,1.63,,,,,,,,microlensing,2023.0,23/10/15,17 55 28,-28 18 22,2000.0,0.18,,,,,Confirmed planets
Kepler-1369 b,0,,0.24,25.873148,,,,,,,,,transit,2016.0,16/05/10,19 03 11.3397,+40 56 10.2494,1281.72,0.99,0.99,0.0,5761.0,,Confirmed planets
HATS-38 b,0,0.074,0.614,4.375021,0.05036,0.0,,,,87.21,1294.0,,transit,2020.0,20/08/13,10 17 05,-25 16 35,347.7,0.89,1.1,-0.102,5732.0,,Confirmed planets
HAT-P-41 b,0,0.8,1.685,2.69404,0.0426,0.0,,,,87.7,1689.7,,transit,2012.0,13/05/29,19 49 17.4399,+04 40 20.7835,344.0,1.418,1.683,0.21,6390.0,,Confirmed planets
Kepler-242 b,0,,0.23785,8.20395,,,,,,,,,transit,2014.0,14/02/26,19 06 15.7646,+41 48 30.3284,859.95,0.72,0.85,,5020.0,,Confirmed planets
Kepler-242 c,0,,0.18226,14.496481,,,,,,,,,transit,2014.0,14/02/26,19 06 15.7646,+41 48 30.3284,859.95,0.72,0.85,,5020.0,,Confirmed planets
Kepler-787 b,0,,0.114,0.9283105,,,,,,,,,transit,2016.0,16/05/10,19 26 46.1917,+38 34 22.3938,510.751,0.65,0.62,-0.09,4248.0,,Confirmed planets
K2-271 b,0,,0.649,8.562421,0.077,,,,,,893.0,,transit,2018.0,18/10/26,08 20 53.7289,+16 05 27.4003,571.47,0.83,0.99,-0.3,5644.0,,Confirmed planets
Kepler-939 b,0,,0.156,14.878296,,,,,,,,,transit,2016.0,16/05/10,19 35 27.7450,+47 01 36.5790,,0.88,0.85,-0.12,5471.0,,Confirmed planets
Kepler-976 b,0,,0.353,105.9564148,,,,,,,,,transit,2016.0,16/05/10,19 19 28.7185,+46 43 46.9712,1042.1,0.87,0.83,0.07,5232.0,,Confirmed planets
EPIC 201403446 b,2,,0.188,19.15344,0.1408,,,,,88.6,889.0,,transit,2015.0,18/07/24,11 37 03.923,-00 54 26.14,362.0,1.01,1.12,-0.5,6445.0,,"Controversial, Planets in binary systems, S-type"
Kepler-1233 b,0,,0.232,45.1263042,,,,,,,,,transit,2016.0,16/05/10,19 49 30.0246,+46 39 43.9983,1218.92,1.16,1.25,0.02,6198.0,,Confirmed planets
Kepler-1927 b,0,0.0362,0.304,73.75039673,0.3859,0.0,,,,89.83,677.0,,transit,2021.0,22/02/01,19 45 25,+41 20 08,1091.0,1.41,2.48,0.14,6056.0,,Confirmed planets
XO-5 b,0,1.077,1.03,4.1877537,0.0487,0.0,,,,86.8,1133.5,,transit,2008.0,11/03/07,07 46 51.9615,+39 05 40.4605,255.0,0.88,1.06,0.18,5510.0,,Confirmed planets
K2-372 b,0,0.0283,0.263,9.844077,,,,,,,,,transit,2022.0,22/03/01,08 43 12,+13 00 34,463.88,0.85,0.92,-0.064,5479.0,,Confirmed planets
OGLE-2011-BLG-0173L b,0,0.19,,,8.0,,,,,,,,microlensing,2018.0,18/10/26,17 57 16,-28 14 02,6100.0,0.41,,,,,Confirmed planets
Qatar-6 b,0,0.668,1.062,3.506195,0.0423,0.0,,,,86.01,1006.0,,transit,2017.0,19/11/21,14 48 50,+22 09 09,101.14,0.82,0.72,-0.025,5052.0,,Confirmed planets
EPIC 201828749 b,2,,0.353,33.51569,0.1875,,,,,,613.0,,transit,2015.0,15/07/07,11 42 37.042,+05 53 39.56,146.0,0.74,0.71,-0.69,5552.0,,"Controversial, Planets in binary systems, S-type"
Kepler-75 b,0,10.1,1.05,8.8849116,0.0818,0.57,63.5,,,89.12,,,transit,2013.0,13/03/26,19 24 33.0185,+36 34 38.4774,1140.0,0.91,0.89,0.3,5200.0,6.2,Confirmed planets
Kepler-1597 b,0,,0.095,2.94654179,,,,,,,,,transit,2016.0,16/05/10,19 12 39.3542,+42 28 51.7716,1265.5,1.25,1.39,0.02,6377.0,,Confirmed planets
Kepler-1487 b,0,,0.19,7.31946363,,,,,,,,,transit,2016.0,16/05/10,19 41 59.5458,+38 38 40.2273,1044.82,1.38,1.63,0.04,6541.0,,Confirmed planets
MOA-2013-BLG-605L b,0,0.066,,,,,,,,,,,microlensing,2015.0,15/12/11,17 58 42.85,-29 23 53.66,3600.0,0.19,,,,,Confirmed planets
Kepler-1447 b,0,,0.259,56.6747285,,,,,,,,,transit,2016.0,16/05/10,19 18 34.4302,+50 43 37.4695,913.576,0.97,0.95,-0.03,5722.0,,Confirmed planets
Kepler-1293 b,0,,0.087,5.57654784,,,,,,,,,transit,2016.0,16/05/10,19 20 06.2157,+48 20 09.4082,1059.55,1.18,1.28,0.0,6241.0,,Confirmed planets
PH-2 b,0,,0.9,282.5255,0.828,0.41,3.43774677,,,89.83,281.0,,transit,2013.0,15/12/03,19 19 03,+51 57 45.36,369.8,0.94,1.0,-0.08,5629.0,,Confirmed planets
Kepler-69 b,0,,0.2041318,13.722341,0.094,0.16,,,,89.62,779.0,,transit,2013.0,13/04/18,19 33 02.6304,+44 52 08.0202,591.74,0.81,0.93,-0.29,5638.0,,Confirmed planets
Kepler-69 c,0,,0.1558328,242.4613,0.64,0.14,,,,89.85,299.0,,transit,2013.0,13/04/18,19 33 02.6304,+44 52 08.0202,591.74,0.81,0.93,-0.29,5638.0,,Confirmed planets
Kepler-814 b,0,,0.189,6.1469851,,,,,,,,,transit,2016.0,16/05/10,18 59 38.5240,+48 25 53.8249,,1.15,1.22,0.01,6162.0,,Confirmed planets
Kepler-614 b,0,,0.213,14.03491514,,,,,,,,,transit,2016.0,16/05/10,19 53 32.3597,+46 16 33.6893,536.107,0.85,0.81,-0.07,5268.0,,Confirmed planets
Kepler-1036 b,0,,0.269,122.8808058,,,,,,,,,transit,2016.0,16/05/10,19 40 43.5970,+49 56 44.8683,496.426,0.95,0.89,0.04,5533.0,,Confirmed planets
Kepler-1534 b,0,,0.169,5.71668872,,,,,,,,,transit,2016.0,16/05/10,19 29 34.8888,+43 52 08.5990,,0.9,0.86,-0.01,5442.0,,Confirmed planets
HIP 3206 b,0,0.173,,1211.0,2.108,0.298,297.0,,,,,,RV,2021.0,21/05/27,09 48 49.00,+40 11 13.8197,17.9352,,,,,,Confirmed planets
HD 38529 A b,2,0.78,,14.3104,0.131,0.248,,,,57.0,,,RV,2000.0,12/12/08,05 46 34,+01 10 05,39.28,1.48,2.44,0.27,,,"Confirmed planets, Planets in binary systems, S-type"
HD 38529 A c,2,17.7,,2134.76,3.695,0.36,,,,48.3,,,RV,2002.0,12/12/08,05 46 34,+01 10 05,39.28,1.48,2.44,0.27,,,"Confirmed planets, Planets in binary systems, S-type"
Kepler-743 b,0,,0.108,3.17926292,,,,,,,,,transit,2016.0,16/05/10,19 42 17.8031,+42 48 23.1690,281.231,0.94,0.85,0.01,5486.0,,Confirmed planets
HD 25015 b,0,4.48,,6019.32,6.19,0.39,77.7,,,,,,RV,2019.0,19/04/11,03 57 43.9203,-20 16 04.0531,37.47,0.86,0.83,0.04,5160.0,,Confirmed planets
Kepler-594 b,0,,0.194,13.64618192,,,,,,,,,transit,2016.0,16/05/10,19 15 41.1872,+49 45 43.3523,786.473,0.91,0.87,-0.03,5485.0,,Confirmed planets
Kepler-182 c,0,,0.31258,20.684342,,,,,,,,,transit,2014.0,14/02/26,19 19 19.2395,+50 35 10.4410,1440.75,1.1,1.146,,6250.0,,Confirmed planets
Kepler-182 b,0,,0.23512,9.825792,,,,,,,,,transit,2014.0,14/02/26,19 19 19.2395,+50 35 10.4410,1440.75,1.1,1.146,,6250.0,,Confirmed planets
K2-408 b,0,0.0109,0.15,20.978959,,,,,,,,,transit,2022.0,22/03/01,15 11 40,-17 41 03,162.306,0.81,0.78,-0.171,5335.0,,Confirmed planets
Kepler-1712 b,0,0.0184,0.204,13.81499958,0.0903,0.0,,,,88.06,391.0,,transit,2021.0,22/02/01,18 59 60,+50 08 48,156.264,0.52,0.51,0.02,3732.0,,Confirmed planets
K2-415 b,0,0.0236,0.091,4.0179694,0.027,,,,,89.32,412.4,,transit,2023.0,23/10/15,09 08 48,+11 51 44,21.8182,0.16,0.2,-0.13,3173.0,,Confirmed planets
ITG 15B,0,9.0,,,,,,,,,,,imaging,1999.0,22/01/03,04 39 44.76,+26 01 54.91,139.6,,,,,,Confirmed planets
Kepler-1529 b,0,,0.187,5.33905686,,,,,,,,,transit,2016.0,16/05/10,19 19 28.9783,+41 02 26.6929,673.673,0.81,0.77,-0.03,5048.0,,Confirmed planets
beta Ursae Minoris b,0,6.1,,522.3,1.4,0.19,307.4,,,,,,RV,2014.0,15/11/26,14 50 42.32580,+74 09 19.8142,40.14,1.4,38.3,-0.27,4126.0,2.95,Confirmed planets
Kepler-1307 b,0,,0.22,18.01621096,,,,,,,,,transit,2016.0,16/05/10,19 31 28.7636,+46 44 30.7191,1044.5,1.06,1.08,0.06,5884.0,,Confirmed planets
Fomalhaut b,2,,,320000.0,177.0,0.8,26.0,,152.0,305.0,,,imaging,2008.0,13/05/12,22 57 39,-29 37 20,7.704,1.92,1.84,,8590.0,,"Controversial, Planets in binary systems, S-type"
Kepler-98 b,0,0.011167,0.181349,1.54168,,,,,,,,,transit,2014.0,14/02/24,19 02 38.7947,+37 57 52.1992,437.2,0.99,1.11,0.18,5539.0,2.79,Confirmed planets
Kepler-1178 b,0,,0.095,31.80634,,,,,,,,,transit,2016.0,16/05/10,19 13 49.4640,+45 48 07.9201,489.069,0.8,0.75,-0.05,4990.0,,Confirmed planets
GJ 27.1 b,0,0.0409,,15.819,0.101,0.08,150.0,,,,,,RV,2014.0,19/10/10,00 39 58.8243,-44 15 11.5824,23.62,0.53,,,3542.0,,Confirmed planets
HD 66428 b,0,2.82,,1973.0,3.18,0.465,152.9,,,,,,RV,2006.0,06/07/14,08 03 28.00,-01 09 45.00,55.0,1.14552,,0.31,5752.0,,Confirmed planets
HD 66428 c,0,0.085,,39000.0,23.0,0.32,28.5,,,,,,RV,2021.0,21/05/31,08 03 28.00,-01 09 45.00,55.0,1.14552,,0.31,5752.0,,Confirmed planets
HD 80883 b,0,5.5,1.14,6383.78352,6.462,0.203,231.408,,,141.312,,,RV,2022.0,23/10/15,09 19 44,-59 28 41,34.6011,0.88,0.81,-0.264,5177.91,,Confirmed planets
HD 92987 b,0,16.88,,10354.8375,9.62,0.21,195.1,,,,,,RV,2019.0,19/04/11,10 43 36.2772,-39 03 30.5483,43.59,1.08,1.58,-0.08,5770.0,,Confirmed planets
K2-317 b,0,,0.261,6.22,0.0542,,,,,89.22,432.0,,transit,2020.0,20/09/03,15 14 29,-21 01 22,177.08,0.4,0.38,,3387.0,,Confirmed planets
MOA-2008-BLG-379L b,0,4.1,,,3.3,,,,,,,,microlensing,2013.0,18/09/19,17 58 49.44,-30 11 48.95,3300.0,0.56,,,,,Confirmed planets
TOI-1759 b,0,0.0214,0.273,18.849975,0.1176,0.0,,,,89.2,433.0,,transit,2022.0,22/02/04,21 47 24.00,+62 45 14.00,40.12,0.61,0.6,0.2,4036.0,,Confirmed planets
Kepler-638 b,0,,0.163,6.07972888,,,,,,,,,transit,2016.0,16/05/10,18 59 40.6575,+41 37 01.9315,1020.3,0.88,0.93,0.04,5382.0,,Confirmed planets
TOI-3819 b,0,1.11,1.172,3.2443141,0.04611,0.0,,,,82.79,1633.0,,transit,2023.0,23/10/15,08 07 27,+29 23 19,558.141,1.24,1.54,0.273,5859.0,,Confirmed planets
Kepler-311 b,0,,0.15492,9.176092,,,,,,,,,transit,2014.0,14/02/26,18 48 14.7159,+47 05 07.7333,803.71,,1.188,,5905.0,,Confirmed planets
Kepler-311 c,0,,0.13032,19.738286,,,,,,,,,transit,2014.0,14/02/26,18 48 14.7159,+47 05 07.7333,803.71,,1.188,,5905.0,,Confirmed planets
HAT-P-64 b,0,0.58,1.703,4.007232,0.05387,0.101,,,,88.01,1766.0,,transit,2021.0,21/08/02,04 35 53.8468,+02 25 52.6434,651.897,1.3,1.74,-0.113,6457.0,,Confirmed planets
WASP-138 b,0,1.22,,3.634433,0.0494,,,,,88.5,,,transit,2016.0,16/07/27,02 46 33.3867,-00 27 50.3166,308.0,1.22,1.36,-0.09,6272.0,,Confirmed planets
Kepler-1272 b,0,,0.211,51.1309704,,,,,,,,,transit,2016.0,16/05/10,19 00 52.7550,+38 48 21.1550,1249.53,1.06,1.09,0.06,5926.0,,Confirmed planets
HD 28678 b,0,1.7,,387.1,1.24,0.168,,,,,499.6,,RV,2011.0,12/07/24,04 31 25.4541,+04 34 31.0605,227.0,1.74,6.2,-0.11,5076.0,,Confirmed planets
TOI-3629 b,0,0.26,0.74,3.936551,0.043,0.05,250.0,,,89.1,690.0,,transit,2022.0,22/01/26,23 59 10.00,+39 18 51.00,129.7,0.63,0.6,0.4,3870.0,,Confirmed planets
Kepler-1516 b,0,,0.156,7.25931979,,,,,,,,,transit,2016.0,16/05/10,19 25 58.7039,+44 31 24.5631,1413.83,1.04,1.07,0.03,5904.0,,Confirmed planets
Kepler-537 b,0,,0.126,3.24755522,,,,,,,,,transit,2016.0,16/05/10,19 19 31.3517,+51 16 37.4762,445.058,1.07,0.99,0.23,5763.0,,Confirmed planets
WASP-45 b,0,0.964,0.946,3.126089,0.03963,,,,,85.02,1153.0,,transit,2011.0,19/09/26,00 20 56.9940,-35 59 53.7473,212.48,0.85,0.85,-0.03,5150.0,,Confirmed planets
Kepler-1739 b,0,0.0204,0.217,7.34370995,0.0697,0.0,,,,89.78,839.0,,transit,2021.0,22/02/01,19 44 56,+47 40 44,783.666,0.86,0.76,-0.5,5757.0,,Confirmed planets
HD 41248 b,0,0.03869211,,18.357,0.137,0.15,,,,,,,RV,2013.0,13/04/30,06 00 32.7815,-56 09 42.5971,52.38,0.92,0.78,-0.43,5713.0,2.0,Controversial
HD 41248 c,0,0.02705302,,25.648,0.172,,,,,,,,RV,2013.0,13/04/30,06 00 32.7815,-56 09 42.5971,52.38,0.92,0.78,-0.43,5713.0,2.0,Controversial
K2-256 b,0,,0.235,5.52011,0.0578,,,,,,845.0,,transit,2018.0,18/07/12,12 24 54.5160,-02 03 57.3865,580.5,0.84,0.78,-0.1,5219.0,,Confirmed planets
HD 192263 b,0,0.733,,24.3587,0.15312,0.008,,,,,484.5,,RV,1999.0,12/06/12,20 14 00,-00 52 00.7716,19.9,0.81,0.75,-0.2,4965.0,,Confirmed planets
Kepler-1477 b,0,,0.105,11.55530021,,,,,,,,,transit,2016.0,16/05/10,18 45 11.6450,+42 41 08.6815,694.444,0.81,0.78,-0.06,5100.0,,Confirmed planets
Kepler-1016 b,0,,0.194,1.95452434,,,,,,,,,transit,2016.0,16/05/10,19 38 27.2818,+45 59 04.6370,1460.07,0.99,1.0,-0.03,5821.0,,Confirmed planets
Kepler-1016 c,0,,0.328,105.6551369,,,,,,,,,transit,2016.0,16/05/10,19 38 27.2818,+45 59 04.6370,1460.07,0.99,1.0,-0.03,5821.0,,Confirmed planets
OGLE-2013-BLG-0911L b,0,9.51,,,0.39,,,,,,,,microlensing,2019.0,20/03/19,17 55 32,-29 15 14,3220.0,0.29,,,,,Confirmed planets
Kepler-1022 b,0,,0.211,10.99469878,,,,,,,,,transit,2016.0,16/05/10,19 17 24.4855,+46 58 25.3381,425.116,0.71,0.68,0.06,4445.0,,Confirmed planets
Kepler-611 b,0,,0.147,2.4370333,,,,,,,,,transit,2016.0,16/05/10,19 04 01.1880,+45 28 49.4069,1454.12,1.01,1.01,0.06,5761.0,,Confirmed planets
K2-321 b,0,,0.174,2.298,0.041,,,,,88.94,701.0,,transit,2020.0,20/09/03,10 25 37,+02 30 52,77.86,0.6,0.58,,3855.0,,Confirmed planets
Kepler-1411 b,0,,0.252,86.1150888,,,,,,,,,transit,2016.0,16/05/10,19 05 26.7746,+42 57 50.0176,1744.29,0.95,0.92,-0.04,5664.0,,Confirmed planets
K2-120 b,0,,0.179,9.562742,0.078,0.14,-81.19,,,89.57,,,transit,2017.0,17/10/05,08 48 34.3170,+17 11 26.4692,289.54,0.69,0.67,,4349.9,,Confirmed planets
K2-390 b,0,0.0617,0.416,3.312792,,,,,,,1300.0,,transit,2022.0,22/03/01,23 42 49,-09 35 19,456.122,0.79,0.97,-0.116,5558.0,,Confirmed planets
MOA-2011-BLG-262L b,0,0.05349,,,0.95,,,,,,,,microlensing,2014.0,20/03/19,18 00 23,-31 14 43,7000.0,0.12,,,,,Confirmed planets
Kepler-1925 b,0,0.0292,0.268,46.71640015,0.2588,0.0,,,,89.68,531.0,,transit,2021.0,22/02/01,19 19 19,+45 06 10,1771.31,1.06,1.09,0.16,5856.0,,Confirmed planets
Kepler-1265 b,0,,0.12,6.49441289,,,,,,,,,transit,2016.0,16/05/10,18 58 20.5941,+47 04 46.3503,593.472,0.71,0.69,-0.1,4630.0,,Confirmed planets
GJ 317 b,0,1.75282,,695.66,1.151,0.07,72.0,,,,,,RV,2007.0,20/09/03,08 40 59.2055,-23 27 22.5986,15.1,0.42,,,,,Confirmed planets
GJ 317 c,0,1.64396,,6739.323,5.23,0.17,108.0,,,,,,RV,2018.0,20/09/03,08 40 59.2055,-23 27 22.5986,15.1,0.42,,,,,Confirmed planets
Kepler-1433 b,0,,0.139,4.13592271,,,,,,,,,transit,2016.0,16/05/10,19 09 27.2017,+49 27 24.8180,,1.14,1.19,0.07,6097.0,,Confirmed planets
Kepler-249 c,0,,0.13761,7.113702,,,,,,,,,transit,2014.0,14/02/26,19 47 56.4241,+43 39 30.7038,230.75,0.506,0.482,,3568.0,,Confirmed planets
Kepler-249 b,0,,0.09933,3.306539,,,,,,,,,transit,2014.0,14/02/26,19 47 56.4241,+43 39 30.7038,230.75,0.506,0.482,,3568.0,,Confirmed planets
Kepler-249 d,0,,0.14307,15.368459,,,,,,,,,transit,2014.0,14/02/26,19 47 56.4241,+43 39 30.7038,230.75,0.506,0.482,,3568.0,,Confirmed planets
HD 132406 b,0,5.61,,974.0,1.98,0.34,,,,,209.0,,RV,2007.0,07/10/31,14 56 54.6511,+53 22 55.8073,71.0,1.09,,0.18,5885.0,,Confirmed planets
HD 37605 b,0,2.802,,55.01307,0.2831,0.6767,220.86,,,,,,RV,2004.0,17/12/10,05 40 01.7282,+06 03 38.0743,46.34,1.0,,0.39,5448.0,,Confirmed planets
HD 37605 c,0,3.37,,2455.0,3.56,0.0,136.0,,,,,,RV,2012.0,17/12/10,05 40 01.7282,+06 03 38.0743,46.34,1.0,,0.39,5448.0,,Confirmed planets
CFHTWIR-Oph 98 A b,0,7.8,1.86,8040000.0,200.0,,,,,,1800.0,,imaging,2020.0,21/06/13,16 27 44,-23 58 52,137.0,0.01,0.24,,2320.0,,Confirmed planets
KOI-192 b,0,0.29,1.23,10.290994,0.091,,,,,89.5,1100.0,,transit,2014.0,14/10/02,19 13 01.0959,+43 42 17.5223,1100.0,0.96,1.35,-0.19,5800.0,7.0,Confirmed planets
EPIC 248847494 b,0,13.0,1.11,3650.0,4.5,0.0,,,,89.87,183.0,,transit,2018.0,19/07/25,10 37 33.4202,+11 50 33.8754,560.0,0.9,2.7,-0.23,4898.0,,Confirmed planets
Kepler-1329 b,0,,0.194,9.33646594,,,,,,,,,transit,2016.0,16/05/10,18 46 35.4565,+48 16 15.6584,597.943,0.72,0.69,0.02,4500.0,,Confirmed planets
HD 4732 b,0,2.37,,360.2,1.19,0.13,,,,,,,RV,2012.0,12/10/26,00 49 13.9504,-24 08 11.9929,56.5,1.74,5.4,0.01,4959.0,,Confirmed planets
HD 4732 c,0,2.37,,2732.0,4.6,0.23,,,,,,,RV,2012.0,12/10/26,00 49 13.9504,-24 08 11.9929,56.5,1.74,5.4,0.01,4959.0,,Confirmed planets
WASP-97 b,0,1.32,1.13,2.07276,0.03303,,,,,88.0,1555.0,,transit,2013.0,13/10/22,01 38 25.0566,-55 46 19.5267,151.731,1.12,1.06,0.23,5640.0,11.9,Confirmed planets
HD 136418 b,0,2.0,,464.3,1.32,0.255,,,,,357.4,,RV,2010.0,10/03/19,15 19 06.1822,+41 44 00,98.2,1.33,3.4,-0.07,5071.0,,Confirmed planets
Kepler-1595 b,0,,0.11,4.56380468,,,,,,,,,transit,2016.0,16/05/10,19 02 53.4558,+43 00 34.0799,865.726,0.84,0.8,-0.02,5203.0,,Confirmed planets
WASP-166 b,0,0.101,0.63,5.44354,0.0641,0.0,,,,88.0,1270.0,,transit,2019.0,19/07/25,09 39 30.0860,-20 58 56.8779,113.0,1.19,1.22,0.19,6050.0,,Confirmed planets
Kepler-1112 b,0,,0.269,14.36267939,,,,,,,,,transit,2016.0,16/05/10,19 47 52.5101,+47 45 05.3357,1754.39,1.34,1.54,0.04,6496.0,,Confirmed planets
HD 2685 b,0,1.17,1.44,4.12688,0.0568,0.091,184.36,,,89.252,2061.0,,transit,2019.0,19/10/24,00 29 18.9527,-76 18 14.6232,197.98,1.43,1.56,0.02,6801.0,,Confirmed planets
TOI-2136 b,0,0.0148,0.196,7.851926,0.0533,0.07,259.52,,,89.22,378.0,,transit,2022.0,22/02/23,18 44 42.00,+36 33 47.00,33.36,0.34,0.34,0.03,3342.0,,Confirmed planets
Kepler-937 b,0,,0.332,67.668827,,,,,,,,,transit,2016.0,16/05/10,19 36 40.5134,+46 42 52.5786,1645.01,1.15,1.22,0.08,6095.0,,Confirmed planets
Kepler-937 c,0,,0.238,153.343364,,,,,,,,,transit,2016.0,16/05/10,19 36 40.5134,+46 42 52.5786,1645.01,1.15,1.22,0.08,6095.0,,Confirmed planets
Kepler-525 b,0,,0.235,18.68404933,,,,,,,,,transit,2016.0,16/05/10,19 44 44.0234,+47 21 31.5786,1021.97,0.95,1.15,0.11,5573.0,,Confirmed planets
Kepler-1072 b,0,,0.141,1.5690665,,,,,,,,,transit,2016.0,16/05/10,19 28 10.6545,+46 19 44.4445,1011.33,1.2,1.32,0.07,6199.0,,Confirmed planets
K2-125 b,0,,0.194,21.750264,0.121,0.08,-3.74,,,89.72,,,transit,2017.0,17/10/05,13 36 34.1068,-14 56 51.3823,124.6,0.49,0.4,,3654.47,,Confirmed planets
Kepler-837 b,0,,0.228,16.56059504,,,,,,,,,transit,2016.0,16/05/10,19 00 59.2178,+45 57 00.4532,925.754,0.85,0.81,-0.18,5403.0,,Confirmed planets
OGLE-2017-BLG-1049 b,0,5.53,,,3.92,,,,,,,,microlensing,2020.0,20/12/23,17 58 08.00,-27 08 39.00,5670.0,0.55,,,,,Confirmed planets
GJ 3473 b,0,0.00585,0.113,1.1980035,0.01589,0.0,,,,87.95,773.0,,transit,2020.0,20/10/22,08 02 22.8828,+03 20 19.6922,27.39,0.36,0.36,0.11,3347.0,,Confirmed planets
GJ 3473 c,0,0.02331,,15.509,0.0876,0.0,,,,,329.0,,RV,2020.0,20/10/22,08 02 22.8828,+03 20 19.6922,27.39,0.36,0.36,0.11,3347.0,,Confirmed planets
Kepler-155 b,0,,0.19046,5.931194,,,,,,,,,transit,2014.0,14/02/26,19 13 58.9967,+51 04 55.0522,302.28,0.635,0.62,,4508.0,,Confirmed planets
Kepler-155 c,0,,0.20413,52.661793,,,,,,,,,transit,2014.0,14/02/26,19 13 58.9967,+51 04 55.0522,302.28,0.635,0.62,,4508.0,,Confirmed planets
OGLE-2019-BLG-0249L b,0,7.12,1.13,,1.84,,,,,,,,microlensing,2023.0,23/10/15,17 41 37,-34 42 06,6370.0,0.91,,,,,Confirmed planets
HD 147018 b,0,2.12,,44.236,0.2388,0.4686,,,,,481.2,,RV,2009.0,09/08/12,16 23 00.1470,-61 41 19.5628,42.96,0.927,,0.1,5441.0,,Confirmed planets
HD 147018 c,0,6.56,,1008.0,1.922,0.133,,,,,171.9,,RV,2009.0,09/08/12,16 23 00.1470,-61 41 19.5628,42.96,0.927,,0.1,5441.0,,Confirmed planets
HD 109833 c,0,0.0227,0.231,13.900148,,0.3,,,,88.24,756.698758598,,transit,2022.0,23/01/12,12 39 06,-74 34 26,79.5561,1.08,1.0,-0.07,5881.0,,Confirmed planets
HD 109833 b,0,0.0273,0.258,9.188526,,0.18,,,,88.13,811.0,,transit,2022.0,23/01/12,12 39 06,-74 34 26,79.5561,1.08,1.0,-0.07,5881.0,,Confirmed planets
K2-196 b,0,,0.3212,48.3242,,,,,,88.3,,,transit,2018.0,18/07/24,13 21 49.5148,-08 28 18.1527,435.7,1.162,1.54,0.01,,,Confirmed planets
Kepler-654 b,0,,0.185,13.72465129,,,,,,,,,transit,2016.0,16/05/10,19 48 16.4222,+46 50 03.4901,1002.1,1.04,1.11,0.04,5865.0,,Confirmed planets
Kepler-1187 b,0,,0.233,18.87064068,,,,,,,,,transit,2016.0,16/05/10,19 07 34.0783,+38 19 06.7363,1050.75,1.06,1.09,-0.01,5975.0,,Confirmed planets
Kepler-1602 b,0,,0.12,11.17931605,,,,,,,,,transit,2016.0,16/05/10,19 34 19.4028,+40 25 38.9875,641.437,1.22,1.36,0.02,6296.0,,Confirmed planets
HAT-P-44 b,0,0.392,1.28,,0.0507,0.072,98.0,,,89.0,1126.0,,transit,2013.0,13/08/16,14 12 34.5714,+47 00 53.0455,374.0,0.939,0.979,0.33,5295.0,8.9,Confirmed planets
HAT-P-44 c,0,1.6,,219.9,0.699,,,,,,,,transit,2013.0,13/08/16,14 12 34.5714,+47 00 53.0455,374.0,0.939,0.979,0.33,5295.0,8.9,Confirmed planets
HD 102843 b,0,0.35837,,3090.942,4.074,0.11,108.69,,,,,,RV,2019.0,19/05/23,11 50 20.9304,-01 15 08.8430,62.87,0.95,,,5436.0,,Confirmed planets
HD 73256 b,0,1.87,,2.54858,0.037,0.029,,,,,1204.5,,RV,2003.0,10/12/23,08 36 23.0163,-30 02 15.4418,36.5,1.05,0.89,0.29,5570.0,,Confirmed planets
HD 190647 b,0,1.9,,1038.1,2.07,0.18,,,,,209.5,,RV,2007.0,07/04/07,20 07 19.6698,-35 32 19.0785,54.2,1.1,,0.24,5628.0,,Confirmed planets
Kepler-1892 b,0,0.0127,0.164,6.33123016,0.0633,0.0,,,,89.7,822.0,,transit,2021.0,22/02/01,19 56 19,+42 01 05,851.595,0.85,0.76,-0.22,5383.0,,Confirmed planets
HD 29399 b,0,1.57,,892.7,1.913,0.05,346.9,,,,,,RV,2021.0,21/04/22,04 33 33.9494,-62 49 25.2377,44.2,1.15,4.47,0.14,4803.0,,Confirmed planets
Kepler-136 b,0,,0.18682,11.5789,,,,,,,,,transit,2014.0,14/02/26,19 45 52.1558,+42 35 55.6317,539.57,1.204,1.355,,6165.0,,Confirmed planets
Kepler-136 c,0,,0.18135,16.399235,,,,,,,,,transit,2014.0,14/02/26,19 45 52.1558,+42 35 55.6317,539.57,1.204,1.355,,6165.0,,Confirmed planets
TOI-4201 b,0,2.48,1.22,3.5819194,0.04,0.041,130.0,,,88.0,725.0,,transit,2023.0,23/10/15,06 01 54,-13 27 41,189.011,0.61,0.63,0.52,3794.0,,Confirmed planets
Kepler-1079 b,0,,0.145,13.24503188,,,,,,,,,transit,2016.0,16/05/10,19 58 11.8834,+45 46 11.0661,,1.08,1.36,0.21,5758.0,,Confirmed planets
Kepler-1295 b,0,,0.138,3.81371974,,,,,,,,,transit,2016.0,16/05/10,19 25 35.4927,+45 35 18.9215,1213.74,0.92,0.89,0.04,5486.0,,Confirmed planets
HD 171028 b,0,1.98,,550.0,1.32,0.59,,,,,296.2,,RV,2007.0,10/11/10,18 32 15.4932,+06 56 44.6857,90.0,0.99,1.95,-0.49,5663.0,,Confirmed planets
HD 207897 b,0,0.05,0.22348,16.202157,0.1164,0.047,235.0,,,88.755,632.3,,transit,2021.0,21/10/19,21 40 44.7824,+84 20 00.5629,28.25,0.801,0.779,-0.04,5071.0,,Confirmed planets
Kepler-764 b,0,,0.146,7.33683936,,,,,,,,,transit,2016.0,16/05/10,19 49 34.3580,+47 09 52.5682,1079.8,0.92,0.89,-0.06,5557.0,,Confirmed planets
HD 42012 b,0,1.6,,857.5,1.67,0.0,,,,,,,RV,2017.0,17/06/29,06 09 56.4680,+34 08 07.0703,37.1,0.83,0.82,-0.09,5405.0,4.1,Confirmed planets
HIP 86221 b,0,0.71,,2.224,0.031,0.086,209.0,,,,,,RV,2021.0,21/12/03,17 37 11.00,+27 53 47.00,,0.79,,,,,Confirmed planets
Kepler-981 b,0,,0.206,4.46975774,,,,,,,,,transit,2016.0,16/05/10,19 16 59.7366,+47 39 00.3542,900.82,0.98,0.96,0.01,5718.0,,Confirmed planets
Kepler-126 b,0,,0.13852,10.495711,0.097,0.07,,,,87.6,,,transit,2014.0,15/07/22,19 17 23.3506,+44 12 30.7098,224.69,1.11,1.358,,6239.0,,Confirmed planets
Kepler-126 d,0,,0.22783,100.283134,0.437,0.02,,,,89.8,,,transit,2014.0,15/07/22,19 17 23.3506,+44 12 30.7098,224.69,1.11,1.358,,6239.0,,Confirmed planets
Kepler-126 c,0,,0.14399,21.869741,0.158,0.19,,,,88.4,,,transit,2014.0,15/07/22,19 17 23.3506,+44 12 30.7098,224.69,1.11,1.358,,6239.0,,Confirmed planets
WASP-189 b,0,1.86,1.38,2.7240338,0.0477,,,,,83.4,2690.0,,transit,2018.0,18/09/13,15 02 44.8679,-03 01 52.9860,100.01,1.887,2.33,0.0,8000.0,0.855,Confirmed planets
Kepler-1535 b,0,,0.227,138.9442,,,,,,,,,transit,2016.0,16/05/10,19 06 27.2870,+38 53 31.0211,921.489,1.08,1.11,0.0,6021.0,,Confirmed planets
K2-274 b,0,,0.196,14.129714,0.1064,,,,,,589.0,,transit,2018.0,18/10/26,08 37 07.7860,+20 23 57.7094,232.82,0.81,0.74,-0.13,5065.0,,Confirmed planets
Kepler-1998 b,0,0.00049,0.062,3.03267135,0.0405,0.0,,,,88.93,1187.0,,transit,2023.0,23/10/15,18 53 43,+47 35 33,340.965,0.96,0.92,0.06,5640.0,,Confirmed planets
Kepler-1188 b,0,,0.186,17.1369543,,,,,,,,,transit,2016.0,16/05/10,18 52 24.9172,+43 08 52.9274,1807.34,1.04,1.06,0.0,5913.0,,Confirmed planets
HD 85390 b,0,0.132,,788.0,1.52,0.41,,,,,166.3,,RV,2009.0,10/10/06,09 50 02.4969,-49 47 24.9576,33.96,0.76,,-0.07,5186.0,,Confirmed planets
XO-2S b,2,0.259,,18.157,0.1344,0.18,311.0,,,,,,RV,2014.0,14/07/02,07 48 07.479,+50 13 03.25,148.0,0.98,1.02,0.39,5395.0,7.1,"Confirmed planets, Planets in binary systems, S-type"
XO-2S c,2,1.37,,120.8,0.4756,0.1528,264.5,,,,,,RV,2014.0,14/07/02,07 48 07.479,+50 13 03.25,148.0,0.98,1.02,0.39,5395.0,7.1,"Confirmed planets, Planets in binary systems, S-type"
XO-2N b,2,0.597,0.973,2.61585922,0.03673,,,,,87.96,,,transit,2007.0,15/05/10,07 48 07.479,+50 13 03.25,148.0,0.97,1.01,0.43,5332.0,7.9,"Confirmed planets, Planets in binary systems, S-type"
XO-2N c,2,,,,,,,,,,,,RV,2015.0,15/05/10,07 48 07.479,+50 13 03.25,148.0,0.97,1.01,0.43,5332.0,7.9,"Controversial, Planets in binary systems, S-type"
HD 50554 b,0,5.16,,1293.0,2.41,0.5,,,,,173.7,,RV,2002.0,10/12/30,06 54 42.8262,+24 14 44.0089,31.03,1.04,1.11,-0.07,5902.0,,Confirmed planets
Kepler-7 b,0,0.44,1.62,4.885525,0.06246,0.1,,,,85.18,1486.8,,transit,2010.0,15/12/03,19 14 19.5623,+41 05 23.3654,947.508,1.32,1.96,0.1,6027.0,,Confirmed planets
Kepler-852 b,0,,0.227,44.9309804,,,,,,,,,transit,2016.0,16/05/10,19 49 33.9799,+48 33 38.5043,1697.5,1.19,1.16,0.22,6100.0,,Confirmed planets
Kepler-1484 b,0,,0.188,30.4549136,,,,,,,,,transit,2016.0,16/05/10,19 30 44.2279,+38 07 34.6024,,0.94,0.92,-0.17,5730.0,,Confirmed planets
WASP-56 b,0,0.571,1.092,4.617101,0.05458,0.0,,,,88.5,1216.0,,transit,2011.0,12/10/08,12 13 27.8908,+23 03 20.4299,255.0,1.03,0.99,,5600.0,,Confirmed planets
TOI-2443 b,0,0.0255,0.247,15.669494,,,,,,89.38,600.83,,transit,2023.0,23/10/15,02 40 43,+01 11 59,23.9258,0.66,0.73,-0.439,4357.0,,Confirmed planets
HD 211810 b,0,0.67,,1558.0,2.656,0.68,98.0,,,,,,RV,2018.0,18/09/27,22 18 06.5393,+61 08 03.9706,64.76,1.03,1.13,0.17,5652.0,,Confirmed planets
WASP-19 b,0,1.168,1.386,0.78884,0.01655,0.0046,,,,79.4,1911.5,,transit,2009.0,12/07/05,09 53 40.0764,-45 39 33.0559,250.0,0.97,0.99,0.02,5500.0,,Confirmed planets
Kepler-1055 b,0,,0.11,2.29503623,,,,,,,,,transit,2016.0,16/05/10,19 21 56.8292,+44 55 57.3278,393.825,0.98,0.94,-0.02,5723.0,,Confirmed planets
POTS-1 b,0,2.31,0.941,3.1606296,0.03734,,,,,88.6,,,transit,2013.0,13/09/01,13 34 26.1405,-66 34 52.1239,1200.0,0.695,0.588,-0.03,4400.0,,Confirmed planets
K2-88 b,0,,0.11,4.6122,0.0345,,,,,,,,transit,2016.0,16/07/18,03 39 00.3764,+19 07 12.6241,110.91,0.26,0.26,,3537.0,,Confirmed planets
1RXS1609 b,0,,1.7,,,,,,,,2000.0,,imaging,2008.0,15/07/29,16 09 30,-21 04 58,145.0,0.85,1.35,,4060.0,0.011,Confirmed planets
K2-81 b,0,,0.176,6.102325,0.059,0.06,-27.89,,,89.29,,,transit,2016.0,17/10/26,03 49 56.5181,+14 30 07.9577,254.14,0.75,0.63,,4674.13,,Confirmed planets
GJ 9066 b,0,0.09722,,241.883,0.403,0.18,204.0,,,,,,RV,2020.0,20/09/03,02 00 12.9561,+13 03 07.0212,4.47,0.15,,,,,Confirmed planets
GJ 9066 c,0,0.22528,,767.887,0.87,0.33,278.0,,,,,,RV,2020.0,20/09/03,02 00 12.9561,+13 03 07.0212,4.47,0.15,,,,,Confirmed planets
Kepler-753 b,0,,0.17,5.74772501,,,,,,,,,transit,2016.0,16/05/10,19 27 36.7870,+37 54 08.2467,276.955,0.68,0.65,-0.03,4346.0,,Confirmed planets
HD 135625 b,0,2.3,1.19,4055.0,5.4,0.16,89.0,,,93.0,,,RV,2023.0,23/10/15,15 17 48,-45 55 21,56.518,1.28,1.36,0.12,6040.64,,Confirmed planets
K2-2016-BLG-0005L b,0,1.1,,,4.18,,,,,,,,microlensing,2022.0,22/04/01,17 59 31.00,-27 36 27.00,5200.0,0.584,,,,,Confirmed planets
Kepler-446 b,0,,0.136695,1.565409,0.067,,,,,87.42,,,transit,2015.0,15/01/06,18 49 00.0433,+44 55 15.9792,120.0,0.22,0.24,-0.3,3359.0,,Confirmed planets
Kepler-446 c,0,,0.101155,3.036179,0.104,,,,,88.97,,,transit,2015.0,15/01/06,18 49 00.0433,+44 55 15.9792,120.0,0.22,0.24,-0.3,3359.0,,Confirmed planets
Kepler-446 d,0,,0.123026,5.148921,0.147,,,,,88.72,,,transit,2015.0,15/01/06,18 49 00.0433,+44 55 15.9792,120.0,0.22,0.24,-0.3,3359.0,,Confirmed planets
HAT-P-65 b,0,0.527,1.89,2.6054552,0.03951,0.3,,,,84.2,,,transit,2016.0,16/09/12,21 03 37.3130,+11 59 21.8182,841.0,1.212,1.86,0.1,5835.0,5.46,Confirmed planets
TOI-2818 b,0,0.71,1.363,4.039709,0.0493,0.0,,,,87.73,1376.0,,transit,2023.0,23/10/15,07 56 14,-35 07 00,312.674,0.98,1.23,-0.02,5721.0,,Confirmed planets
K2-176 b,0,,0.1329,5.32944,,,,,,88.1,,,transit,2018.0,18/07/24,03 53 04.5985,+17 54 25.4894,272.3,0.939,0.864,0.15,,,Confirmed planets
HATS-75 b,0,0.491,0.884,2.7886556,0.032742,,,,,88.7,772.0,,transit,2021.0,21/12/15,04 03 48.00,-25 24 32.00,195.3,0.6017,0.5848,0.522,3790.4,,Confirmed planets
Kepler-1356 b,0,,0.136,0.63400294,,,,,,,,,transit,2016.0,16/05/10,19 23 58.8828,+43 14 38.1797,865.726,0.82,0.78,-0.02,5106.0,,Confirmed planets
Kepler-809 b,0,,0.269,55.63934,,,,,,,,,transit,2016.0,16/05/10,19 16 20.0707,+48 01 05.2357,988.631,0.99,0.98,0.04,5734.0,,Confirmed planets
HD 163607 b,0,0.77,,75.229,0.36,0.73,,,,,499.8,,RV,2011.0,11/09/15,17 53 40.4947,+56 23 31.0388,69.0,1.09,1.63,0.21,5543.0,,Confirmed planets
HD 163607 c,0,2.29,,1314.0,2.42,0.12,,,,,200.4,,RV,2011.0,11/09/15,17 53 40.4947,+56 23 31.0388,69.0,1.09,1.63,0.21,5543.0,,Confirmed planets
WASP-117 b,0,0.2755,1.021,10.02165,0.09459,0.302,242.0,,,89.14,1024.0,,transit,2014.0,14/06/27,02 27 06.0972,-50 17 04.3122,158.685,1.126,1.17,-0.11,6040.0,4.6,Confirmed planets
Kepler-1414 b,0,,0.11,3.51576315,,,,,,,,,transit,2016.0,16/05/10,18 59 42.8571,+42 25 20.3063,580.316,0.8,0.75,-0.02,4951.0,,Confirmed planets
HD 206610 b,0,2.2,,610.0,1.68,0.229,,,,,408.1,,RV,2010.0,10/03/19,21 43 24.9003,-07 24 29.7120,194.0,1.56,6.1,0.14,4874.0,,Confirmed planets
AB Pic b,0,12.0,1.55,,,,,,,,1750.0,,imaging,2005.0,10/12/06,06 19 12.9129,-58 03 15.5248,45.5,,,-0.64,4875.0,,Confirmed planets
EPIC 201565013 b,0,,1.472,8.6381,0.0669,,,,,,536.0,,transit,2015.0,15/07/07,11 47 58.1262,+01 30 36.9786,506.0,0.51,0.5,-0.44,3987.0,,Controversial
K2-181 b,0,,0.2418,6.89425,,,,,,88.6,,,transit,2018.0,18/07/24,08 30 12.9686,+10 54 37.0356,305.4,1.044,0.999,0.42,,,Confirmed planets
CFBDS 1458 b,0,6.5,,9855.0,2.6,,,,,,,,imaging,2011.0,11/03/08,14 58 29,+10 13 43,23.1,0.02,,,540.0,,Confirmed planets
Kepler-1208 b,0,,0.207,11.08507637,,,,,,,,,transit,2016.0,16/05/10,19 27 31.4964,+44 33 20.7700,844.096,0.8,0.76,-0.03,5001.0,,Confirmed planets
TOI-942 b,0,,0.37845,4.3263,0.04796,0.0,268.0,,,89.97,,,transit,2019.0,20/11/30,05 06 36.00,-20 14 44.00,,0.88,0.893,,4969.0,,Confirmed planets
TOI-942 c,0,,0.42761,10.1605,0.088,0.175,268.0,,,89.2,,,transit,2020.0,20/11/30,05 06 36.00,-20 14 44.00,,0.88,0.893,,4969.0,,Confirmed planets
Kepler-870 b,0,,0.248,21.3587621,,,,,,,,,transit,2016.0,16/05/10,19 41 36.6123,+50 28 43.1234,1305.99,1.01,1.02,-0.01,5857.0,,Confirmed planets
K2-295 b,0,0.335,0.897,4.024867,0.0451,0.0,,,,89.3,852.0,,transit,2018.0,19/05/23,01 18 26.3767,+06 49 00.7616,225.7,0.74,0.7,0.14,4444.0,,Confirmed planets
WASP-81 b,0,0.729,1.429,2.7164762,0.03908,0.0,,,,88.69,,,transit,2016.0,16/12/27,20 16 49.8900,+03 17 38.4546,410.0,1.08,1.283,-0.36,5870.0,,Confirmed planets
WASP-81 c,0,56.6,,1297.0,2.426,0.557,321.86,,,,,,transit,2016.0,16/12/27,20 16 49.8900,+03 17 38.4546,410.0,1.08,1.283,-0.36,5870.0,,Confirmed planets
TIC 279401253 b,0,6.14,1.0,76.8,0.369,0.448,137.6,,,89.59,,,transit,2023.0,23/10/15,03 50 38,-15 01 34,285.584,1.13,1.06,0.2,5951.0,,Confirmed planets
TIC 279401253 c,0,8.02,1.12,155.3,0.591,0.254,120.9,,,90.0,,,transit,2023.0,23/10/15,03 50 38,-15 01 34,285.584,1.13,1.06,0.2,5951.0,,Confirmed planets
2M0437 b,0,4.0,,,118.0,,,,,,1450.0,,imaging,2021.0,21/10/19,04 37 21.73,+26 51 01.07,128.1,0.0165,0.84,0.01,3100.0,,Confirmed planets
Kepler-1578 b,0,,0.093,1.45088691,,,,,,,,,transit,2016.0,16/05/10,19 13 12.4828,+47 46 32.1430,1096.85,0.9,0.86,-0.13,5545.0,,Confirmed planets
Kepler-1058 b,0,,0.243,110.96546,,,,,,,,,transit,2016.0,16/05/10,19 38 22.9811,+45 52 29.9898,,0.73,0.69,-0.06,4644.0,,Confirmed planets
OGLE-2005-BLG-71L b,0,3.8,,,,,,,,,,,microlensing,2005.0,18/09/18,17 50 09.77,-34 40 23.5,3200.0,0.46,,,,,Confirmed planets
Kepler-933 b,0,,0.219,14.20443009,,,,,,,,,transit,2016.0,16/05/10,19 18 16.4665,+43 32 18.9483,1047.34,0.87,0.84,-0.02,5346.0,,Confirmed planets
Kepler-1625 b,0,,0.541,287.378949,,,,,,,,,transit,2016.0,16/05/10,19 41 43.0401,+39 53 11.4989,,0.96,0.94,0.01,5677.0,,Confirmed planets
HD 110014 b,0,10.7,,882.6,2.31,0.26,47.72,,,,,,RV,2009.0,15/05/24,12 39 14.7669,-07 59 44.0410,90.0,2.09,20.9,0.14,4445.0,,Confirmed planets
HD 110014 c,0,3.1,,130.0,0.64,0.44,307.6,,,,,,RV,2015.0,15/05/24,12 39 14.7669,-07 59 44.0410,90.0,2.09,20.9,0.14,4445.0,,Confirmed planets
NGTS-6 b,0,1.339,1.326,0.882059,0.01677,0.0,,,,78.231,1283.9,,transit,2019.0,19/09/09,05 03 10.9028,-30 23 57.7192,311.042,0.767,0.754,0.11,4730.0,9.77,Confirmed planets
K2-74 b,0,,0.2641,19.5656,,,,,,88.9,,,transit,2018.0,18/07/24,22 39 40.6447,-08 42 52.2461,481.3,0.987,1.09,-0.21,,,Confirmed planets
HD 103720 b,0,0.62,,4.5557,0.0498,0.086,262.0,,,,,,RV,2014.0,15/11/21,11 56 41.18534,-02 46 44.2430,41.58,0.794,0.73,-0.02,5017.0,3.8,Confirmed planets
Kepler-496 b,0,,0.207,8.30864937,,,,,,,,,transit,2016.0,16/05/10,19 26 33.8119,+41 14 27.7211,615.877,0.86,0.82,-0.03,5293.0,,Confirmed planets
Gliese 3293 b,0,0.076,,30.6,0.1434,0.09,,,,,,,RV,2014.0,14/11/25,04 28 35.7191,-25 10 09.2977,18.2,0.42,0.404,0.02,3466.0,,Confirmed planets
Gliese 3293 d,0,0.07,,123.98,0.3644,0.37,,,,,,,RV,2014.0,14/11/25,04 28 35.7191,-25 10 09.2977,18.2,0.42,0.404,0.02,3466.0,,Confirmed planets
Gliese 3293 c,0,0.027,,48.14,0.1939,0.13,,,,,,,RV,2014.0,14/11/25,04 28 35.7191,-25 10 09.2977,18.2,0.42,0.404,0.02,3466.0,,Controversial
Kepler-886 b,0,,0.136,6.24146367,,,,,,,,,transit,2016.0,16/05/10,19 05 05.2137,+43 35 42.6976,726.216,1.1,1.16,-0.01,6098.0,,Confirmed planets
Gl 686 b,0,0.02089,,15.5314,0.0917,0.077,,,,,,,RV,2018.0,19/06/13,17 37 53.3467,+18 35 30.1607,8.16,0.42,0.42,-0.3,3663.0,,Confirmed planets
OGLE-2013-BLG-0102L B,0,12.6,,,,,,,,,,,microlensing,2014.0,18/09/20,17 52 07.08,-31 41 26.1,3040.0,0.096,,,,,Confirmed planets
MOA-2010-BLG-328L b,0,0.0289,,,,,,,,,,,microlensing,2013.0,18/09/19,17 57 59.12,-30 43 54.63,810.0,0.11,,,,,Confirmed planets
NGTS-8 b,0,0.93,1.09,2.4997,0.035,0.01,,,,86.9,1345.0,,transit,2019.0,19/11/21,21 55 54.1981,-14 04 06.2256,434.28,0.89,0.98,0.24,5241.0,,Confirmed planets
Kepler-1192 b,0,,0.211,25.2034787,,,,,,,,,transit,2016.0,16/05/10,18 48 33.7364,+43 53 47.5838,1354.1,0.86,0.83,-0.16,5438.0,,Confirmed planets
HATS-51 b,0,0.768,1.41,3.3488702,0.04639,0.0,,,,87.1,1553.0,,transit,2017.0,17/12/12,06 51 23.4013,-29 03 31.0456,394.0,1.187,1.44,0.3,5758.0,4.74,Confirmed planets
Kepler-1251 b,0,,0.164,45.0904643,,,,,,,,,transit,2016.0,16/05/10,19 28 27.6318,+49 15 23.1121,925.926,0.92,0.89,-0.04,5545.0,,Confirmed planets
Kepler-361 c,0,,0.22965,55.188023,,,,,,,,,transit,2014.0,14/02/26,19 47 12.8310,+46 44 28.1774,894.44,,1.343,,6169.0,,Confirmed planets
Kepler-361 b,0,,0.13214,8.486616,,,,,,,,,transit,2014.0,14/02/26,19 47 12.8310,+46 44 28.1774,894.44,,1.343,,6169.0,,Confirmed planets
Kepler-295 b,0,,0.11118,12.645164,,,,,,,,,transit,2014.0,14/02/26,19 01 23.0050,+45 22 03.9863,737.84,0.885,0.898,,5603.0,,Confirmed planets
Kepler-295 c,0,,0.10662,21.526258,,,,,,,,,transit,2014.0,14/02/26,19 01 23.0050,+45 22 03.9863,737.84,0.885,0.898,,5603.0,,Confirmed planets
Kepler-295 d,0,,0.12394,33.884054,,,,,,,,,transit,2014.0,14/02/26,19 01 23.0050,+45 22 03.9863,737.84,0.885,0.898,,5603.0,,Confirmed planets
K2-204 b,0,,0.2721,7.05578,,,,,,87.6,,,transit,2018.0,18/07/24,01 09 31.8053,+00 31 03.43,482.6,1.009,1.18,0.07,,,Confirmed planets
WISE 0855-0714,3,6.0,,,,,,,,,,3.0,imaging,2014.0,16/06/02,08 55 11,-07 45 17,2.31,,,,,,Confirmed planets
HD 8535 b,0,0.68,,1313.0,2.45,0.15,,,,,188.3,,RV,2009.0,10/09/08,01 23 37.2360,-41 16 11.2800,52.5,1.13,1.19,0.02,6136.0,,Confirmed planets
Kepler-898 b,0,,0.133,5.8706191,,,,,,,,,transit,2016.0,16/05/10,19 06 20.4942,+46 52 15.3467,491.618,0.65,0.62,-0.06,4223.0,,Confirmed planets
HD 216520 b,0,0.03228,,35.45,0.198,0.09,220.95,,,,,,RV,2020.0,20/12/17,22 47 31.8765,+83 41 49.2992,19.56,0.82,0.76,-0.16,5103.0,,Confirmed planets
HD 216520 c,0,0.0297,,154.43,0.528,0.12,198.12,,,,,,RV,2020.0,20/12/17,22 47 31.8765,+83 41 49.2992,19.56,0.82,0.76,-0.16,5103.0,,Confirmed planets
WASP-153 b,0,0.39,1.55,3.332609,0.048,0.009,,,,84.1,1700.0,,transit,2017.0,17/10/26,18 37 02.9816,+40 01 07.2820,430.0,1.34,1.73,0.34,5914.0,,Confirmed planets
Kepler-1340 b,0,,0.138,0.66502692,,,,,,,,,transit,2016.0,16/05/10,19 44 55.8707,+42 28 22.0616,1009.69,1.27,1.42,0.07,6331.0,,Confirmed planets
TOI-4479 b,0,0.0261,0.2516,1.1589,0.0164,,,,,86.36,861.0,,transit,2022.0,22/06/23,21 04 23.00,+24 39 13.00,80.6,0.452,0.451,,3400.0,,Confirmed planets
2M 1258+2630 b,0,3.4,,11.88,,0.598,,,,,,,RV,2021.0,22/02/08,12 58 23.00,+26 30 09.00,,,,,,,Confirmed planets
Kepler-1694 b,0,,0.105,3.89526,,,,,,,,,transit,2020.0,20/09/03,19 35 10,+40 14 27,521.0,,0.72,,4958.0,,Confirmed planets
Kepler-1626 b,0,,0.18,4.13962966,,,,,,,,,transit,2016.0,16/05/10,19 46 00.1085,+40 43 16.4324,1424.3,1.51,1.85,0.04,6826.0,,Confirmed planets
Kepler-1311 d,0,0.212,0.862,197.5110016,0.6711,0.0,,,,89.49,391.0,,transit,2021.0,22/09/15,19 18 36,+43 49 28,866.331,1.03,1.67,0.04,5616.0,,Confirmed planets
Kepler-1311 b,0,0.00651,0.111,11.1726994,0.0989,0.0,,,,87.64,1019.0,,transit,2016.0,22/09/15,19 18 36,+43 49 28,866.331,1.03,1.67,0.04,5616.0,,Confirmed planets
Kepler-1311 c,0,0.00624,0.109,2.53573424,0.0368,0.0,,,,89.37,1671.0,,transit,2016.0,22/09/15,19 18 36,+43 49 28,866.331,1.03,1.67,0.04,5616.0,,Confirmed planets
Kepler-872 b,0,,0.178,2.57885507,,,,,,,,,transit,2016.0,16/05/10,19 41 40.1849,+43 36 20.2576,901.795,1.05,1.08,0.04,5902.0,,Confirmed planets
Kepler-1997 b,0,0.0183,0.218,26.7575866,0.1815,0.0,,,,89.29,660.0,,transit,2023.0,23/10/15,19 49 55,+46 35 21,1502.34,1.11,1.05,-0.06,6215.0,,Confirmed planets
Kepler-1249 b,0,,0.212,24.3347127,,,,,,,,,transit,2016.0,16/05/10,19 47 34.7669,+44 22 18.4236,,1.19,1.28,0.06,6202.0,,Confirmed planets
K2-58 b,0,,0.2311,7.05248,,,,,,88.9,,,transit,2018.0,18/07/24,22 15 17.2363,-14 02 59.3151,1160.0,0.858,0.803,0.11,,,Confirmed planets
K2-58 c,0,,0.1454,2.537071,,,,,,86.1,,,transit,2018.0,18/07/24,22 15 17.2363,-14 02 59.3151,1160.0,0.858,0.803,0.11,,,Confirmed planets
K2-58 d,0,,0.1561,22.8816,,,,,,89.43,,,transit,2018.0,18/07/24,22 15 17.2363,-14 02 59.3151,1160.0,0.858,0.803,0.11,,,Confirmed planets
HD 83443 b,0,0.4,,2.985625,0.0406,0.008,,,,,1218.5,,RV,2002.0,06/11/25,09 37 11.8276,-43 16 19.9326,43.54,0.9,1.04,0.35,5460.0,,Confirmed planets
Kepler-1510 b,0,,0.3,84.703921,,,,,,,,,transit,2016.0,16/05/10,19 55 50.1974,+48 15 28.1553,1780.6268,1.19,1.28,0.04,6200.0,,Confirmed planets
Kepler-730 b,0,,1.1,6.49168281,0.0694,,,,,86.96,1219.0,,transit,2016.0,19/01/17,19 02 13,+45 34 44,2020.2,1.05,1.41,0.21,5620.0,,Confirmed planets
Kepler-730 c,0,,0.14,2.85188338,0.03997,,,,,83.81,1607.0,,transit,2018.0,19/01/17,19 02 13,+45 34 44,2020.2,1.05,1.41,0.21,5620.0,,Confirmed planets
Kepler-744 b,0,,0.145,12.06222443,,,,,,,,,transit,2016.0,16/05/10,19 45 59.0642,+47 10 58.3011,455.83,0.94,0.93,0.0,5594.0,,Confirmed planets
Kepler-1650 b,0,,0.086,1.53818001,,0.01,,,,,,,transit,2017.0,17/05/25,19 50 55.0174,+42 52 00.8854,120.5,0.33,0.33,-0.11,3410.0,,Confirmed planets
Oph 11 B,0,21.0,,,,,,,,,2478.0,,imaging,2007.0,11/12/14,16 22 25,-24 05 14,145.0,0.051,,,2838.0,,Confirmed planets
EPIC 210363145 b,0,,0.2052,8.199796,,0.14,89.0,,,88.7,,,transit,2016.0,18/02/17,03 40 54.8211,+12 34 21.4002,125.0,0.8,0.76,0.29,4970.0,0.7,"Confirmed planets, Planets in open clusters"
Kepler-1198 b,0,,0.131,7.6847716,,,,,,,,,transit,2016.0,16/05/10,19 15 20.1547,+44 50 17.6833,759.129,0.93,0.9,0.03,5517.0,,Confirmed planets
Kepler-267 b,0,,0.18044,3.353728,,,,,,,,,transit,2014.0,14/02/26,19 59 19.2922,+47 09 26.8970,415.67,0.552,0.555,,4258.0,,Confirmed planets
Kepler-267 c,0,,0.19411,6.87745,,,,,,,,,transit,2014.0,14/02/26,19 59 19.2922,+47 09 26.8970,415.67,0.552,0.555,,4258.0,,Confirmed planets
Kepler-267 d,0,,0.20687,28.464515,,,,,,,,,transit,2014.0,14/02/26,19 59 19.2922,+47 09 26.8970,415.67,0.552,0.555,,4258.0,,Confirmed planets
Kepler-1442 b,0,,0.351,81.4162941,,,,,,,,,transit,2016.0,16/05/10,19 25 01.3523,+48 50 48.9254,619.4252,1.34,1.44,0.26,6394.0,,Confirmed planets
HATS-34 b,0,0.941,1.43,2.1061607,0.03166,0.0,,,,82.28,,,transit,2016.0,16/07/11,00 03 05.8703,-62 31 50,532.0,0.955,0.98,0.25,5380.0,7.7,Confirmed planets
HD 38858 b,0,0.0961,,407.15,1.0376,0.27,,,,,237.2,,RV,2011.0,15/03/13,05 48 34.9401,-04 05 40.7195,15.2,,,,5940.0,,Retracted planet candidate
K2-282 c,0,,0.132,0.70531,,,,,,,,,transit,2019.0,19/06/13,00 53 43.6832,+07 59 43.1396,502.28,0.94,,,,,Confirmed planets
K2-282 b,0,,0.252,4.169836,0.0499,,,,,,1057.0,,transit,2018.0,18/10/26,00 53 43.6832,+07 59 43.1396,502.28,0.94,,,,,Confirmed planets
Kepler-850 b,0,,0.159,7.19303878,,,,,,,,,transit,2016.0,16/05/10,19 32 20.2707,+48 34 31.4689,1744.29,1.06,1.09,0.03,5932.0,,Confirmed planets
Kepler-1258 b,0,,0.077,0.98494017,,,,,,,,,transit,2016.0,16/05/10,19 01 37.1912,+49 59 40.9979,732.708,0.99,0.99,-0.07,5839.0,,Confirmed planets
KOI-368.01,0,,2.1,110.321611,0.6,0.07,,,,89.215,3060.0,,transit,2013.0,13/07/10,19 23 25.1048,+42 05 12.9135,1200.0,2.3,2.5,0.4,9257.0,0.25,Controversial
V1298 Tau c,0,,0.499,8.24958,0.0825,0.43,92.0,,,88.49,968.0,,transit,2019.0,19/10/24,04 05 19.5912,+20 09 25.5635,108.5,1.1,1.34,,,,Confirmed planets
V1298 Tau d,0,,0.572,12.4032,0.1083,0.21,88.0,,,89.04,845.0,,transit,2019.0,19/10/24,04 05 19.5912,+20 09 25.5635,108.5,1.1,1.34,,,,Confirmed planets
V1298 Tau e,0,,0.78,60.0,0.308,0.57,91.0,,,89.4,492.0,,transit,2019.0,19/10/24,04 05 19.5912,+20 09 25.5635,108.5,1.1,1.34,,,,Confirmed planets
V1298 Tau b,0,,0.916,24.1396,0.1688,0.29,85.0,,,89.0,677.0,,transit,2019.0,19/10/24,04 05 19.5912,+20 09 25.5635,108.5,1.1,1.34,,,,Confirmed planets
TOI-4600 b,0,3.02,0.607,82.6869,0.349,0.25,260.0,,,89.76,347.0,,transit,2023.0,23/10/15,17 13 48,+64 33 58,216.056,0.89,0.81,0.16,5170.0,,Confirmed planets
TOI-4600 c,0,9.27,0.841,482.8191,1.152,0.21,142.0,,,89.9,191.0,,transit,2023.0,23/10/15,17 13 48,+64 33 58,216.056,0.89,0.81,0.16,5170.0,,Confirmed planets
Kepler-561 b,0,,0.621,58.3620495,,,,,,,,,transit,2016.0,16/05/10,19 34 59.3006,+45 06 25.9411,632.551,0.96,0.94,0.02,5646.0,,Confirmed planets
Kepler-561 c,0,,0.239,5.35016198,,,,,,,,,transit,2016.0,16/05/10,19 34 59.3006,+45 06 25.9411,632.551,0.96,0.94,0.02,5646.0,,Confirmed planets
Kepler-1989 b,0,0.0607,0.425,10.16102353,0.0918,0.0,,,,87.78,904.0,,transit,2023.0,23/10/15,19 22 56,+44 05 29,1252.13,1.0,1.06,-0.14,6032.0,,Confirmed planets
Kepler-1935 b,0,0.0214,0.223,3.95140004,0.0463,0.0,,,,79.61,1083.0,,transit,2021.0,22/02/01,19 45 37,+39 43 22,904.702,0.85,0.9,-0.18,5570.0,,Confirmed planets
Kepler-1392 b,0,,0.175,15.1410397,,,,,,,,,transit,2016.0,16/05/10,19 15 04.0725,+46 23 39.9911,,0.88,0.85,-0.11,5479.0,,Confirmed planets
Kepler-803 b,0,,0.338,50.28638192,,,,,,,,,transit,2016.0,16/05/10,19 56 53.1855,+44 41 37.9962,651.763,1.05,1.12,0.02,5919.0,,Confirmed planets
TOI-1860 b,0,0.0069,0.1169,1.062107,0.0204,,,,,,1885.0,,transit,2022.0,22/01/30,15 05 50.00,+64 02 50.00,45.9,0.99,0.94,,5752.0,,Confirmed planets
HD 158259 b,0,0.00698,,2.178,,,,,,,,,RV,2020.0,20/04/16,17 25 24.0559,+52 47 26.4689,27.07,1.08,1.21,,,,Confirmed planets
HD 158259 c,0,0.01762,,3.432,,,,,,,,,RV,2020.0,20/04/16,17 25 24.0559,+52 47 26.4689,27.07,1.08,1.21,,,,Confirmed planets
HD 158259 d,0,0.01702,,5.1980814,,,,,,,,,RV,2020.0,20/04/16,17 25 24.0559,+52 47 26.4689,27.07,1.08,1.21,,,,Confirmed planets
HD 158259 e,0,0.01913,,7.951,,,,,,,,,RV,2020.0,20/04/16,17 25 24.0559,+52 47 26.4689,27.07,1.08,1.21,,,,Confirmed planets
HD 158259 f,0,0.01932,,12.028,,,,,,,,,RV,2020.0,20/04/16,17 25 24.0559,+52 47 26.4689,27.07,1.08,1.21,,,,Confirmed planets
HD 81688 b,0,2.7,,184.02,0.81,0.0,0.0,,,,,,RV,2008.0,15/09/23,09 28 39.98840,+45 36 05.3344,85.8,2.1,13.0,-0.359,4753.0,,Confirmed planets
HR 858 b,0,,0.186,3.58599,0.048,0.3,,,,85.5,1572.0,,transit,2019.0,19/07/25,02 51 56.2464,-30 48 52.2590,31.99,1.15,1.31,-0.14,6201.0,,Confirmed planets
HR 858 c,0,,0.173,5.97293,0.0674,0.19,,,,86.23,1326.0,,transit,2019.0,19/07/25,02 51 56.2464,-30 48 52.2590,31.99,1.15,1.31,-0.14,6201.0,,Confirmed planets
HR 858 d,0,,0.193,11.23,0.1027,0.28,,,,87.43,1075.0,,transit,2019.0,19/07/25,02 51 56.2464,-30 48 52.2590,31.99,1.15,1.31,-0.14,6201.0,,Confirmed planets
OGLE-2017-BLG-0604L b,0,0.51,,,4.06,,,,,,,,microlensing,2020.0,20/11/05,17 51 34,-30 56 48,3950.0,0.7,,,,,Confirmed planets
CoRoT-7 b,0,0.01283,0.15,0.85359163,0.017016,0.0,160.0,,,80.1,1756.0,,transit,2009.0,22/09/15,06 43 49,-01 03 47,159.906,0.82,0.83,0.05,5275.0,,Confirmed planets
CoRoT-7 c,0,0.02643,0.253,3.698,0.046,0.0,180.0,,,80.0,,,RV,2009.0,22/09/15,06 43 49,-01 03 47,159.906,0.82,0.83,0.05,5275.0,,Confirmed planets
CoRoT-7 d,0,0.05393,0.384,8.966,,,,,,,,,RV,2022.0,22/09/15,06 43 49,-01 03 47,159.906,0.82,0.83,0.05,5275.0,,Confirmed planets
Kepler-1324 b,0,,0.135,4.11584468,,,,,,,,,transit,2016.0,16/05/10,19 24 44.3903,+40 18 40.3388,488.353,0.78,0.73,0.05,4776.0,,Confirmed planets
HAT-P-33 b,2,0.763,1.827,3.474474,0.0503,0.148,,,,86.7,1675.2,,transit,2011.0,13/05/29,07 32 44,+33 50 06,387.0,1.403,1.777,0.05,6446.0,,"Confirmed planets, Planets in binary systems, S-type"
Kepler-592 b,0,,0.213,2.82019241,,,,,,,,,transit,2016.0,16/05/10,19 03 09.7779,+48 40 59.8136,1192.75,1.04,1.04,-0.03,5913.0,,Confirmed planets
CoRoT-5 b,0,0.467,1.388,4.0378962,0.04947,0.09,,,,85.83,1316.3,,transit,2008.0,09/07/18,06 45 06.5406,+00 48 54.9068,400.0,1.0,1.186,-0.25,6100.0,,Confirmed planets
Kepler-1608 b,0,,0.154,16.4735686,,,,,,,,,transit,2016.0,16/05/10,19 42 15.2515,+39 25 03.2565,,0.75,0.72,-0.24,4992.0,,Confirmed planets
K2-41 b,0,,0.96084,3.951626,,,,,,85.09,,,transit,2016.0,18/07/24,13 26 37.2697,-08 19 03.3517,266.0,1.068,1.04,0.31,,,Confirmed planets
GJ 3929 b,0,0.00381,0.1026,2.6162745,0.02569,,,,,89.65,569.0,,transit,2022.0,22/02/03,15 58 19.00,+35 24 24.00,15.83,0.309,0.35,0.0,3369.0,,Confirmed planets
GJ 3929 c,0,0.01658,,14.303,0.078,,,,,,326.5,,RV,2022.0,22/02/03,15 58 19.00,+35 24 24.00,15.83,0.309,0.35,0.0,3369.0,,Confirmed planets
Kepler-542 b,0,,0.14,13.14497566,,,,,,,,,transit,2016.0,16/05/10,19 28 51.6188,+38 32 54.9016,441.56,0.93,0.9,0.02,5526.0,,Confirmed planets
Kepler-223 d,0,,0.27157,14.788759,,,,,,,,,transit,2014.0,14/02/26,19 53 16.4203,+47 16 46.3080,1366.95,0.95,1.017,,5829.0,,Confirmed planets
Kepler-223 c,0,,0.18226,9.848183,,,,,,,,,transit,2014.0,14/02/26,19 53 16.4203,+47 16 46.3080,1366.95,0.95,1.017,,5829.0,,Confirmed planets
Kepler-223 e,0,,0.21871,19.721734,,,,,,,,,transit,2014.0,14/02/26,19 53 16.4203,+47 16 46.3080,1366.95,0.95,1.017,,5829.0,,Confirmed planets
Kepler-223 b,0,,0.15401,7.384108,,,,,,,,,transit,2014.0,14/02/26,19 53 16.4203,+47 16 46.3080,1366.95,0.95,1.017,,5829.0,,Confirmed planets
Kepler-596 b,0,,0.309,21.30022655,,,,,,,,,transit,2016.0,16/05/10,19 18 00.1647,+51 41 08.6222,1054.74,1.21,1.32,0.03,6267.0,,Confirmed planets
K2-223 b,0,,0.0812,0.50557,,,,,,82.0,,,transit,2018.0,18/07/24,12 21 13.4761,-10 16 55.2961,323.2,1.067,1.013,0.19,,,Confirmed planets
K2-223 c,0,,0.1445,4.56417,,,,,,87.5,,,transit,2018.0,18/07/24,12 21 13.4761,-10 16 55.2961,323.2,1.067,1.013,0.19,,,Confirmed planets
HD 45184 b,0,0.0384,,5.8854,0.0644,0.07,145.8,,,,,,RV,2019.0,19/02/07,06 24 43.8797,-28 46 48.4162,21.88,1.03,,0.04,5869.0,,Confirmed planets
HD 45184 c,0,0.0277,,13.1354,0.11,0.07,-197.97,,,,,,RV,2019.0,19/02/07,06 24 43.8797,-28 46 48.4162,21.88,1.03,,0.04,5869.0,,Confirmed planets
Kepler-968 c,0,0.011,0.151,5.70940492,0.052,0.0,,,,87.7,644.0,,transit,2016.0,21/06/17,19 02 25,+50 06 43,290.324,0.76,0.7,0.13,4598.0,,Confirmed planets
Kepler-968 b,0,0.0147,0.178,3.69298373,0.0389,0.0,,,,85.88,745.0,,transit,2016.0,21/06/17,19 02 25,+50 06 43,290.324,0.76,0.7,0.13,4598.0,,Confirmed planets
Kepler-968 d,0,0.03467,0.23,7.685,0.0634,0.0,,,,86.87,613.0,,transit,2021.0,21/06/17,19 02 25,+50 06 43,290.324,0.76,0.7,0.13,4598.0,,Confirmed planets
PDS 70 c,0,2.0,2.04,,34.0,0.11,136.0,,,132.0,995.0,,imaging,2019.0,20/07/09,14 08 10.1545,-41 23 52.5766,113.39,,,,3972.0,,Confirmed planets
PDS 70 b,0,3.0,2.72,,20.0,0.19,148.0,,,140.0,1204.0,,imaging,2018.0,20/07/09,14 08 10.1545,-41 23 52.5766,113.39,,,,3972.0,,Confirmed planets
KOI-12 b,0,1.1,1.23,17.855182,0.154,0.34,,,,,,,transit,2015.0,19/11/07,19 49 48.8934,+41 00 39.6275,403.99,1.5,1.4,,,,Confirmed planets
KOI-12 c,0,22.0,,2500.0,4.2,0.65,-89.0,,,,,,timing,2017.0,19/11/07,19 49 48.8934,+41 00 39.6275,403.99,1.5,1.4,,,,Confirmed planets
Kepler-951 b,0,,0.499,71.52530845,,,,,,,,,transit,2016.0,16/05/10,19 10 57.0152,+38 06 52.4925,386.757,0.77,0.73,-0.01,4834.0,,Confirmed planets
HIP 19976 b,0,0.068,0.441,50.65905,0.234,0.304,188.919,,,,,,RV,2022.0,23/10/15,04 17 02,-40 47 55,40.2707,0.67,0.77,,4316.0,,Confirmed planets
HD 175541 b,0,0.61,,297.3,1.03,0.33,,,,,428.3,,RV,2007.0,07/04/20,18 55 40.8840,+04 15 55.1622,128.0,1.65,3.85,-0.07,5060.0,,Confirmed planets
BD+26 1888 b,0,26.0,,536.78,1.19,0.2675,1.3,,,,,,RV,2016.0,17/12/09,09 02 30.6419,+25 53 21.9299,41.2,0.76,,0.02,4748.0,,Confirmed planets
Kepler-1506 b,0,,0.118,14.0329154,,,,,,,,,transit,2016.0,16/05/10,19 20 35.9744,+41 27 52.6056,,0.95,0.93,-0.05,5676.0,,Confirmed planets
HD 69830 b,0,0.033,,8.667,0.0785,0.1,,,,13.0,801.2,,RV,2006.0,12/01/31,08 18 23.9469,-12 37 55.8102,12.6,0.86,0.895,-0.05,5385.0,,Confirmed planets
HD 69830 c,0,0.038,,31.56,0.186,0.13,,,,13.0,520.3,,RV,2006.0,10/10/19,08 18 23.9469,-12 37 55.8102,12.6,0.86,0.895,-0.05,5385.0,,Confirmed planets
HD 69830 d,0,0.058,,197.0,0.63,0.07,,,,13.0,282.9,,RV,2006.0,10/10/19,08 18 23.9469,-12 37 55.8102,12.6,0.86,0.895,-0.05,5385.0,,Confirmed planets
CoRoT-13 b,0,1.308,0.885,4.03519,0.051,0.0,,,,88.02,1166.5,,transit,2010.0,10/07/12,06 50 53.0726,-05 05 11.1901,1310.0,1.09,1.01,0.01,5945.0,,Confirmed planets
K2-417 b,0,2.2,0.295,6.535,0.063,,,,,89.0,558.0,,transit,2023.0,23/10/15,23 20 34,-10 02 12,94.0424,0.57,0.58,,3861.0,,Confirmed planets
Kepler-997 b,0,,0.121,2.70730672,,,,,,,,,transit,2016.0,16/05/10,19 16 56.0159,+49 56 20.2253,473.889,1.22,1.56,0.05,6150.0,,Confirmed planets
Kepler-1947 b,0,0.00317,0.09,6.9636302,0.0711,0.0,,,,89.69,1298.0,,transit,2021.0,22/02/01,19 44 25,+42 20 33,468.771,0.98,1.69,-0.44,6040.0,,Confirmed planets
Kepler-1325 b,0,,0.255,33.8786838,,,,,,,,,transit,2016.0,16/05/10,19 00 04.1324,+42 05 07.2880,1001.2,0.93,0.91,0.01,5550.0,,Confirmed planets
HD 113337 b,0,2.83,,324.0,0.92,0.46,-140.8,,,,,,RV,2013.0,13/10/10,13 01 46.9272,+63 36 36.7957,36.9,1.4,1.5,0.07,,0.15,Confirmed planets
MOA-2009-BLG-319L b,0,0.157,,,,,,,,,,,microlensing,2010.0,18/09/19,18 06 58.13,-26 49 10.89,6100.0,0.38,,,,,Confirmed planets
GJ 229 b,2,0.02667,,526.115,0.898,0.1,199.0,,,,,,RV,2014.0,20/02/13,06 10 34.61533,-21 51 52.7117,5.75,0.58,,,,,"Confirmed planets, Planets in binary systems, S-type"
GJ 229 c,2,0.02287,,121.995,0.339,0.19,121.0,,,,,,RV,2020.0,20/02/13,06 10 34.61533,-21 51 52.7117,5.75,0.58,,,,,"Confirmed planets, Planets in binary systems, S-type"
Kepler-640 b,0,,0.228,22.24813967,,,,,,,,,transit,2016.0,16/05/10,19 44 07.7266,+42 07 54.0291,566.893,1.01,0.94,0.15,5653.0,,Confirmed planets
K2-201 b,0,,0.1249,1.05979,,,,,,84.4,,,transit,2018.0,18/07/24,19 34 14.5741,-23 07 51.9650,1666.0,0.956,0.878,0.13,,,Confirmed planets
K2-201 c,0,,0.2935,22.7799,,,,,,89.27,,,transit,2018.0,18/07/24,19 34 14.5741,-23 07 51.9650,1666.0,0.956,0.878,0.13,,,Confirmed planets
Kepler-1926 b,0,0.0188,0.207,42.87770081,0.2197,0.0,,,,89.99,451.0,,transit,2021.0,22/02/01,19 24 48,+44 09 58,667.405,0.77,0.83,-0.16,5256.0,,Confirmed planets
Kepler-758 b,0,,0.221,12.1097104,,,,,,,,,transit,2016.0,16/05/10,19 32 20.3083,+41 08 07.5611,1569.37,1.16,1.42,-0.1,6228.0,,Confirmed planets
Kepler-758 c,0,,0.151,4.75793986,,,,,,,,,transit,2016.0,16/05/10,19 32 20.3083,+41 08 07.5611,1569.37,1.16,1.42,-0.1,6228.0,,Confirmed planets
Kepler-758 d,0,,0.189,20.4966197,,,,,,,,,transit,2016.0,16/05/10,19 32 20.3083,+41 08 07.5611,1569.37,1.16,1.42,-0.1,6228.0,,Confirmed planets
Kepler-758 e,0,,0.136,8.1934719,,,,,,,,,transit,2016.0,16/05/10,19 32 20.3083,+41 08 07.5611,1569.37,1.16,1.42,-0.1,6228.0,,Confirmed planets
GJ 625 b,0,0.00887,,14.628,0.078361,0.13,343.1,,,,,,RV,2017.0,17/09/28,16 25 24.6233,+54 18 14.7657,6.49,0.3,0.31,-0.38,3499.0,,Confirmed planets
Kepler-1186 b,0,,0.199,16.07677615,,,,,,,,,transit,2016.0,16/05/10,19 13 55.1159,+47 06 06.3190,1390.63,0.95,0.93,0.0,5635.0,,Confirmed planets
Kepler-985 b,0,,0.266,116.331901,,,,,,,,,transit,2016.0,16/05/10,19 20 34.6417,+44 02 59.7058,692.857,0.91,0.85,0.0,5434.0,,Confirmed planets
TOI-892 b,0,0.95,1.07,10.62656,0.092,0.125,,,,88.2,1397.0,,transit,2020.0,20/12/17,05 46 57,-11 14 07,343.84,1.28,1.39,0.24,6261.0,,Confirmed planets
K2-110 b,0,,0.2248,13.86391,,,,,,89.36,,,transit,2018.0,18/07/24,13 49 23.8899,-12 17 04.1225,111.0,0.724,0.692,-0.3,,,Confirmed planets
HAT-P-20 b,0,7.246,0.867,2.875317,0.0361,0.015,,,,86.8,888.3,,transit,2010.0,10/12/11,07 27 39.9487,+24 20 11.5182,70.0,0.756,0.694,0.35,4595.0,,Confirmed planets
Kepler-1086 b,0,,0.218,18.78425728,,,,,,,,,transit,2016.0,16/05/10,19 41 00.2795,+45 50 34.6867,472.277,0.7,0.66,0.06,4350.0,,Confirmed planets
Kepler-1086 c,0,,0.262,161.5163345,,,,,,,,,transit,2016.0,16/05/10,19 41 00.2795,+45 50 34.6867,472.277,0.7,0.66,0.06,4350.0,,Confirmed planets
Kepler-209 b,0,,0.20595,16.087845,,,,,,,,,transit,2014.0,14/02/26,19 24 40.6838,+42 38 26.8986,604.83,0.931,0.935,,5513.0,,Confirmed planets
Kepler-209 c,0,,0.2825,41.749882,,,,,,,,,transit,2014.0,14/02/26,19 24 40.6838,+42 38 26.8986,604.83,0.931,0.935,,5513.0,,Confirmed planets
EPIC 201617985 b,0,,0.164,7.28161,0.0586,,,,,,518.0,,transit,2015.0,15/07/07,11 57 57.9986,+02 19 17.3034,111.0,0.52,0.49,-0.08,3742.0,,Controversial
Kepler-1200 b,0,,0.095,1.11854972,,,,,,,,,transit,2016.0,16/05/10,19 46 24.8240,+44 07 45.3014,598.516,0.74,0.7,0.04,4612.0,,Confirmed planets
Kepler-1604 b,0,,0.126,0.68368426,,,,,,,,,transit,2016.0,16/05/10,19 01 38.5532,+44 24 44.0419,549.722,0.81,0.76,0.02,4976.0,,Confirmed planets
TYC 2187-512-1 b,0,0.34,,694.86,1.22,0.05,15.1,,,,,,RV,2022.0,22/03/31,21 22 06.00,+22 55 55.00,15.485,0.498,0.495,-0.18,3735.0,,Confirmed planets
TOI-1937 A b,0,2.01,1.247,0.94667944,0.01932,0.0,,,,77.0,2097.0,,transit,2023.0,23/10/15,07 45 29,-52 22 60,415.135,1.07,1.08,0.196,5814.0,,Confirmed planets
HAT-P-60 b,0,0.574,1.631,4.7947813,0.06277,0.25,,,,83.75,1772.0,,transit,2021.0,21/08/02,01 53 07.7727,+52 03 14.0197,233.22,1.44,2.2,0.037,6212.0,,Confirmed planets
Kepler-1111 b,0,,0.178,8.79617863,,,,,,,,,transit,2016.0,16/05/10,19 41 51.2142,+45 48 45.9351,862.143,1.1,1.15,0.02,6077.0,,Confirmed planets
Kepler-793 b,0,,0.122,4.24153639,,,,,,,,,transit,2016.0,16/05/10,19 40 51.9936,+38 46 27.6671,1011.74,0.98,0.97,0.0,5745.0,,Confirmed planets
HD 81040 b,0,6.86,,1001.7,1.94,0.526,,,,,164.2,,RV,2005.0,10/12/23,09 23 47.0873,+20 21 52.0281,32.56,0.96,0.86,-0.16,5700.0,,Confirmed planets
GJ 3222 b,0,0.03694,0.308,10.6666864,0.091179,0.929006,290.895,,,,,,RV,2022.0,22/09/27,03 23 35,-40 04 34,18.23817,0.89,0.93,0.16,5257.46,,Confirmed planets
Kepler-1229 b,0,,0.125,86.828989,,,,,,,,,transit,2016.0,16/05/10,19 49 56.8075,+46 59 48.1073,267.465,0.54,0.51,-0.06,3784.0,,Confirmed planets
KMT-2018-BLG-0030 b,0,1.45,,,4.39,,,,,,,,microlensing,2022.0,22/06/24,17 38 04.00,-28 02 30.00,640.0,0.51,,,,,Confirmed planets
HD 81817 b,0,27.1,,1047.1,3.3,0.17,320.0,,,,,,RV,2020.0,20/06/04,09 37 05.2877,+81 19 34.9711,268.97,4.3,83.8,-0.17,4140.0,,Confirmed planets
HD 290327 b,0,2.54,,2443.0,3.43,0.08,,,,,132.1,,RV,2009.0,10/09/08,05 23 21.5638,-02 16 39.4337,54.9,0.9,1.0,-0.11,5552.0,,Confirmed planets
K2-326 b,0,,0.203,1.256,0.0198,,,,,85.63,1114.0,,transit,2020.0,20/09/03,23 26 27,+01 20 15,284.58,0.51,0.69,,3924.0,,Confirmed planets
Kepler-83 b,0,,0.23056,9.770469,,,,,,,,,transit,2014.0,14/02/26,18 48 55.8019,+43 39 56.2497,619.67,0.664,0.594,,4648.0,,Confirmed planets
Kepler-83 d,0,,0.17679,5.169796,,,,,,,,,transit,2014.0,14/02/26,18 48 55.8019,+43 39 56.2497,619.67,0.664,0.594,,4648.0,,Confirmed planets
Kepler-83 c,0,,0.2096,20.090227,,,,,,,,,transit,2014.0,14/02/26,18 48 55.8019,+43 39 56.2497,619.67,0.664,0.594,,4648.0,,Confirmed planets
TOI-157 b,0,1.18,1.286,2.0845435,0.03138,0.0,,,,82.01,1588.0,,transit,2020.0,20/07/23,04 54 48,-76 40 50,362.1,0.95,1.17,0.24,5404.0,,Confirmed planets
KOI-142 b,0,0.0055264,0.37647,10.9542,0.098,0.0561,90.7,6.425,270.0,0.931,791.0,,transit,2013.0,13/04/17,19 24 35.5431,+40 40 09.8098,385.0,1.022,0.961,0.37,5513.0,2.45,Confirmed planets
KOI-142 c,0,0.76,,22.1,0.1529,0.05628,271.1,253.0,259.0,3.7,,,timing,2013.0,13/04/17,19 24 35.5431,+40 40 09.8098,385.0,1.022,0.961,0.37,5513.0,2.45,Confirmed planets
KOI-142 d,0,3.05,,1403.0,,0.41,,,,89.0,,,RV,2020.0,20/06/04,19 24 35.5431,+40 40 09.8098,385.0,1.022,0.961,0.37,5513.0,2.45,Confirmed planets
KMT-2016-BLG-2142L b,0,15.49,,,0.83,,,,,,,,microlensing,2018.0,18/11/08,17 52 27,-29 23 04,7010.0,0.07,,,,,Confirmed planets
Kepler-99 b,0,0.019346,0.134873,4.60358,,,,,,,,,transit,2014.0,14/02/24,19 49 24.9579,+41 18 00.2128,221.3,0.79,0.73,0.18,4782.0,1.47,Confirmed planets
Kepler-699 b,0,,1.259,27.80756293,,,,,,,,,transit,2016.0,16/05/10,19 47 33.1585,+41 23 45.9614,,0.81,0.78,-0.26,5330.0,,Confirmed planets
Kepler-1400 b,0,,0.145,9.06689421,,,,,,,,,transit,2016.0,16/05/10,19 05 05.1992,+45 26 26.8522,768.58,0.83,0.78,0.04,5044.0,,Confirmed planets
Kepler-115 c,0,,0.23694,8.990889,,,,,,,,,transit,2014.0,14/02/26,19 50 50.8474,+45 15 42.9517,706.14,1.04,1.205,,5979.0,,Confirmed planets
Kepler-115 b,0,,0.09933,2.403679,,,,,,,,,transit,2014.0,14/02/26,19 50 50.8474,+45 15 42.9517,706.14,1.04,1.205,,5979.0,,Confirmed planets
TOI-1695 b,0,0.0173,0.181,3.134279,,0.0,90.0,,,89.8,590.0,,transit,2022.0,23/01/12,01 27 41,+72 17 48,45.1309,0.54,0.53,0.0,3650.0,,Confirmed planets
Kepler-1335 b,0,,0.129,6.26406846,,,,,,,,,transit,2016.0,16/05/10,18 59 21.2204,+42 04 13.4418,633.072,0.77,0.74,-0.07,4903.0,,Confirmed planets
K2-323 b,0,,0.187,24.93,0.1275,,,,,89.88,318.0,,transit,2020.0,20/09/03,10 37 41,+06 17 09,118.72,0.48,0.55,,3710.0,,Confirmed planets
TOI-451 b,2,,0.1731,1.858701,0.0271,0.19,238.0,,,86.5,1524.0,,transit,2021.0,21/01/15,04 11 52.00,-37 56 23.00,123.74,0.95,0.879,,5550.0,0.12,"Confirmed planets, Planets in binary systems, S-type"
TOI-451 c,2,,0.277,9.192523,0.0823,0.2,266.0,,,88.49,903.0,,transit,2021.0,21/01/15,04 11 52.00,-37 56 23.00,123.74,0.95,0.879,,5550.0,0.12,"Confirmed planets, Planets in binary systems, S-type"
TOI-451 d,2,,4.03,16.364981,0.1255,0.057,170.0,,,89.56,708.0,,transit,2021.0,21/01/15,04 11 52.00,-37 56 23.00,123.74,0.95,0.879,,5550.0,0.12,"Confirmed planets, Planets in binary systems, S-type"
Kepler-1452 b,0,,0.241,42.913751,,,,,,,,,transit,2016.0,16/05/10,19 29 41.4762,+38 15 58.7211,1025.64,1.41,2.06,0.14,6101.0,,Confirmed planets
Kepler-574 b,0,,0.213,7.65880414,,,,,,,,,transit,2016.0,16/05/10,19 20 59.2844,+52 08 56.8891,696.573,0.95,0.91,-0.01,5612.0,,Confirmed planets
Kepler-1570 b,0,,0.095,26.548955,,,,,,,,,transit,2016.0,16/05/10,19 59 26.8426,+45 49 38.5351,943.841,0.92,0.89,-0.04,5550.0,,Confirmed planets
HD 24085 b,0,0.03713,,2.0455,0.034,0.22,8.92,,,,,,RV,2019.0,19/05/23,03 45 01.5507,-70 01 26.7604,54.99,1.22,,,6034.0,,Confirmed planets
Gliese 86 b,2,3.91,,15.76491,0.113,0.0416,269.0,,,,,,RV,2000.0,16/02/03,02 10 25.93425,-50 49 25.4179,10.783,0.8,0.855,-0.24,5188.0,2.5,"Confirmed planets, Planets in binary systems, S-type"
HD 11755 b,0,6.5,,433.7,1.08,0.19,,,,,,,RV,2015.0,15/09/30,01 58 50.0866,+73 09 08.5841,231.5,0.9,27.3,-0.74,4312.5,,Confirmed planets
Kepler-1729 b,0,0.0454,0.347,4.22097015,0.0418,0.0,,,,85.03,595.0,,transit,2021.0,22/02/01,19 46 47,+42 37 34,576.181,0.54,0.52,-0.06,3837.0,,Confirmed planets
NGTS-25 b,0,0.639,1.023,2.823093,0.0388,0.0,,,,89.34,1101.0,,transit,2022.0,23/01/12,20 29 40,-39 01 56,521.233,0.91,0.86,0.12,5321.0,,Confirmed planets
KMT-2016-BLG-0212L b,0,18.0,,,2.2,,,,,,,,microlensing,2018.0,19/09/12,17 53 45,-29 05 13,6300.0,0.48,,,,,Confirmed planets
Kepler-1993 b,0,0.0506,0.395,26.6565737,0.1943,0.0,,,,88.72,903.0,,transit,2023.0,23/10/15,19 35 11,+45 09 39,1031.91,1.37,3.06,-0.04,5159.0,,Confirmed planets
Kepler-549 b,0,,0.229,42.9495649,,,,,,,,,transit,2016.0,16/05/10,18 52 05.4817,+47 15 40.2171,646.956,0.88,0.84,-0.03,5360.0,,Confirmed planets
Kepler-549 c,0,,0.261,117.040498,,,,,,,,,transit,2016.0,16/05/10,18 52 05.4817,+47 15 40.2171,646.956,0.88,0.84,-0.03,5360.0,,Confirmed planets
Kepler-634 b,0,,0.169,5.16950177,,,,,,,,,transit,2016.0,16/05/10,19 24 46.8163,+40 42 09.7232,911.328,1.03,1.24,-0.18,6075.0,,Confirmed planets
K2-162 b,0,,0.1329,9.4577,,,,,,88.8,,,transit,2018.0,18/07/24,12 24 09.2780,-01 06 40.8557,122.2,0.777,0.726,-0.09,,,Confirmed planets
Kepler-1834 b,0,0.00858,0.13,4.60301018,0.0496,0.0,,,,89.69,848.0,,transit,2021.0,22/02/01,19 38 40,+39 47 02,500.395,0.77,0.79,0.16,4821.0,,Confirmed planets
KOI-806.03,0,0.035546,0.355,29.334,0.18,0.042,-31.0,,0.031,90.18,556.9,,transit,2012.0,12/01/26,19 01 08.0746,+38 56 50.2186,924.9,0.99,0.95,0.18,5498.0,,Confirmed planets
KOI-806.02,0,2.013248,1.120903,60.3251,0.3,0.0111,-49.0,,0.0,90.32,431.4,,transit,2012.0,12/01/26,19 01 08.0746,+38 56 50.2186,924.9,0.99,0.95,0.18,5498.0,,Confirmed planets
KOI-806.01,0,0.072666,0.801947,143.213,0.5,0.022,-163.0,,1.3,,334.2,,transit,2012.0,12/01/26,19 01 08.0746,+38 56 50.2186,924.9,0.99,0.95,0.18,5498.0,,Confirmed planets
HIP 35965 b,0,8.01555,1.12,26125.56497309,16.015432,0.138247,217.3982,,,43.698,,,RV,2022.0,22/09/27,07 24 49,-51 19 33,50.1677,0.78,0.7,,4836.0,,Confirmed planets
K2-50 b,0,,0.142,8.7529,0.0705,,,,,,,,transit,2016.0,16/07/18,11 17 56.0678,+05 59 18.2153,259.33,0.61,,,,,Confirmed planets
K2-50 c,0,,0.089,3.96151,,,,,,,,,transit,2019.0,19/06/13,11 17 56.0678,+05 59 18.2153,259.33,0.61,,,,,Confirmed planets
COCONUTS-2 b,0,6.4,1.12,,6471.0,,,,,,433.0,,imaging,2021.0,21/07/08,07 49 13.00,-76 42 07.00,10.89,0.37,0.388,0.0,3406.0,0.475,Confirmed planets
Kepler-1521 b,0,,0.223,47.14840805,,,,,,,,,transit,2016.0,16/05/10,19 30 45.6683,+37 50 05.9237,208.221,0.81,0.76,-0.05,5042.0,,Confirmed planets
Kepler-120 b,0,,0.19593,6.312501,,,,,,,,,transit,2014.0,14/02/26,19 11 33.9905,+39 20 20.8453,267.74,0.654,0.534,,4096.0,,Confirmed planets
Kepler-120 c,0,,0.13943,12.794585,,,,,,,,,transit,2014.0,14/02/26,19 11 33.9905,+39 20 20.8453,267.74,0.654,0.534,,4096.0,,Confirmed planets
Kepler-577 b,0,,0.227,25.69578251,,,,,,,,,transit,2016.0,16/05/10,19 38 50.8667,+39 04 25.5401,532.141,0.78,0.73,-0.14,4984.0,,Confirmed planets
Kepler-368 b,0,,0.29708,26.84768,,,,,,,,,transit,2014.0,14/02/26,19 27 31.2121,+45 23 16.5429,765.99,0.97,2.019,,5502.0,,Confirmed planets
Kepler-368 c,0,,0.35359,72.379334,,,,,,,,,transit,2014.0,14/02/26,19 27 31.2121,+45 23 16.5429,765.99,0.97,2.019,,5502.0,,Confirmed planets
HD 36384 b,0,6.6,1.13,490.0,1.3,0.2,197.6,,,,,,RV,2023.0,23/10/15,05 39 44,+75 02 38,209.309,1.14,38.4,-0.16,3940.0,,Confirmed planets
Kepler-1463 b,0,,0.166,25.15864,,,,,,,,,transit,2016.0,16/05/10,19 37 56.9472,+42 00 24.9513,1769.29,0.96,0.95,0.0,5679.0,,Confirmed planets
Kepler-883 b,0,,0.159,12.98495573,,,,,,,,,transit,2016.0,16/05/10,19 05 44.0791,+50 18 01.1297,638.978,1.06,1.09,-0.13,6116.0,,Confirmed planets
K2-269 b,0,,0.14,4.144965,0.0531,,,,,,1429.0,,transit,2018.0,18/10/26,08 40 37.2579,+13 00 52.8986,362.07,1.16,1.45,-0.08,6209.0,,Confirmed planets
Kepler-1255 b,0,,0.207,36.2919336,,,,,,,,,transit,2016.0,16/05/10,19 40 57.4193,+42 43 35.3486,1692.05,1.08,1.12,0.02,6018.0,,Confirmed planets
OGLE-2018-BLG-1119 b,0,0.91,,,4.06,,,,,,,,microlensing,2022.0,22/06/24,18 00 07.00,-32 22 31.00,5760.0,0.48,,,,,Confirmed planets
HATS-44 b,0,0.56,1.067,2.7439004,0.03649,0.279,,,,84.65,,,transit,2017.0,17/07/26,05 37 18.4239,-27 01 39,463.0,0.86,0.847,0.32,5080.0,9.7,Confirmed planets
HD 156098 b,0,0.05394,0.384,21.85848995,0.166479,0.108643,305.399,,,,,,RV,2022.0,22/09/27,17 17 04,-32 39 47,48.249,1.29,2.76,0.12,6419.19,,Confirmed planets
HD 156098 c,0,5.22768,1.14,7841.58389773,8.301568,0.391098,219.6775,,,23.462,,,RV,2022.0,22/09/27,17 17 04,-32 39 47,48.249,1.29,2.76,0.12,6419.19,,Confirmed planets
XO-4 b,0,1.615,1.615,4.1250707,0.05485,0.0,,,,88.26,,,transit,2008.0,15/11/29,07 21 33.1657,+58 16 05.1117,293.0,1.293,1.554,-0.04,6390.0,,Confirmed planets
Kepler-261 b,0,,0.19866,10.381227,,,,,,,,,transit,2014.0,14/02/26,19 25 27.5414,+37 36 33.0312,359.31,0.876,0.794,,5098.0,,Confirmed planets
Kepler-261 c,0,,0.18226,24.570858,,,,,,,,,transit,2014.0,14/02/26,19 25 27.5414,+37 36 33.0312,359.31,0.876,0.794,,5098.0,,Confirmed planets
6 Lyn b,0,2.21,,874.774,2.18,0.059,314.9,,75.5,2.0,,,RV,2008.0,15/09/20,06 30 47.10797,+58 09 45.4809,55.8,1.82,5.2,-0.13,4978.0,,Confirmed planets
K2-255 b,0,,0.259,1.96417,0.0274,,,,,,1034.0,,transit,2018.0,18/07/12,12 39 39.1153,-03 22 13.9639,192.4,0.71,0.69,-0.14,4676.0,,Confirmed planets
HD 33142 b,0,1.3,,326.6,1.06,0.12,143.0,,,,,,RV,2011.0,17/12/10,05 07 35.5414,-13 59 11.3362,116.0,1.62,4.2,0.05,5052.0,,Confirmed planets
HD 33142 c,0,5.97,,834.0,2.04,0.05,322.0,,,,,,RV,2016.0,17/12/10,05 07 35.5414,-13 59 11.3362,116.0,1.62,4.2,0.05,5052.0,,Confirmed planets
WASP-141 b,0,2.69,1.21,3.310651,0.0469,0.0,,,,87.6,,,transit,2016.0,16/07/11,04 47 17.8561,-17 06 54.5946,570.0,1.25,1.37,0.29,5900.0,4.0,Confirmed planets
Kepler-461 b,0,,0.23,8.31378306,,,,,,,,,transit,2016.0,16/05/10,19 28 59.7670,+46 09 53.4087,706.265,0.98,0.91,0.04,5634.0,,Confirmed planets
HAT-P-22 b,0,2.147,1.08,3.21222,0.0414,0.016,,,,86.9,1171.7,,transit,2010.0,13/05/29,10 22 43.5924,+50 07 42.0634,82.0,0.916,1.04,0.24,5302.0,,Confirmed planets
TOI-198 b,0,0.00839,0.128,10.2152,0.1,,,,,89.89,368.0,,transit,2023.0,23/10/15,00 09 05,-27 07 18,23.7262,0.47,0.44,-0.7,3650.0,,Confirmed planets
TOI-2545 b,0,0.0252,0.245,7.994037,,,,,,,1022.98657776,,transit,2022.0,23/02/22,09 02 11,-03 25 15,107.118,1.06,1.25,-0.273,5846.29,,Confirmed planets
61 Vir b,0,0.016,,4.215,0.050201,0.12,105.0,,,,,,RV,2009.0,15/11/02,13 18 24.31427,-18 18 40.3047,8.52,0.95,0.963,0.05,5571.0,6.3,Confirmed planets
61 Vir c,0,0.0573,,38.021,0.2175,0.14,341.0,,,,,,RV,2009.0,15/11/02,13 18 24.31427,-18 18 40.3047,8.52,0.95,0.963,0.05,5571.0,6.3,Confirmed planets
61 Vir d,0,0.0721,,123.01,0.476,0.35,314.0,,,,,,RV,2009.0,15/11/02,13 18 24.31427,-18 18 40.3047,8.52,0.95,0.963,0.05,5571.0,6.3,Confirmed planets
Kepler-1548 b,0,,0.236,124.828679,,,,,,,,,transit,2016.0,16/05/10,19 09 53.0973,+46 04 50.3302,894.534,0.99,0.97,0.05,5706.0,,Confirmed planets
Kepler-1018 b,0,,0.23,49.1013514,,,,,,,,,transit,2016.0,16/05/10,18 54 23.2073,+45 24 28.3266,1039.93,0.91,0.88,-0.05,5518.0,,Confirmed planets
Kepler-1483 b,0,,0.136,9.5085156,,,,,,,,,transit,2016.0,16/05/10,19 41 38.3421,+42 09 03.0097,1321.35,1.25,1.4,0.04,6337.0,,Confirmed planets
Kepler-1990 c,0,0.00284,0.106,4.06844957,0.0504,0.0,,,,86.61,1170.0,,transit,2023.0,23/10/15,19 58 49,+44 26 09,392.739,1.03,1.07,0.21,5751.0,,Confirmed planets
Kepler-1990 b,0,0.0338,0.349,1.73513619,0.0286,0.0,,,,89.57,1554.0,,transit,2023.0,23/10/15,19 58 49,+44 26 09,392.739,1.03,1.07,0.21,5751.0,,Confirmed planets
Kepler-111 c,0,,0.66525,224.784608,,,,,,,,,transit,2014.0,14/02/26,19 26 36.7607,+44 41 17.7972,691.04,1.171,1.157,,5952.0,,Confirmed planets
Kepler-111 b,0,,0.14399,3.341815,,,,,,,,,transit,2014.0,14/02/26,19 26 36.7607,+44 41 17.7972,691.04,1.171,1.157,,5952.0,,Confirmed planets
Kepler-56 b,0,0.0695,0.581,10.51057,0.1028,,,,,83.92,,,transit,2012.0,15/04/14,19 35 02.0013,+41 52 18.6917,936.944,1.32,4.22,0.2,4840.0,3.5,Confirmed planets
Kepler-56 c,0,0.569,0.874,21.40239,0.1652,,,,-4.95,84.08,,,transit,2012.0,15/04/14,19 35 02.0013,+41 52 18.6917,936.944,1.32,4.22,0.2,4840.0,3.5,Confirmed planets
Kepler-56 d,0,3.3,,,2.0,0.4,,,,,,,RV,2012.0,15/04/14,19 35 02.0013,+41 52 18.6917,936.944,1.32,4.22,0.2,4840.0,3.5,Controversial
Kepler-829 b,0,,0.188,6.88337562,,,,,,,,,transit,2016.0,16/05/10,18 49 19.8683,+42 27 49.7630,1107.79,0.98,0.97,0.03,5698.0,,Confirmed planets
HD 15337 b,0,0.02363,0.146,4.75615,0.0522,0.09,62.0,,,88.5,1001.0,,transit,2019.0,19/05/16,02 27 28.3781,-27 38 06.7417,44.87,0.9,0.86,0.15,5125.0,,Confirmed planets
HD 15337 c,0,0.02552,0.213,17.1784,0.1268,0.05,329.0,,,88.5,642.0,,transit,2019.0,19/05/16,02 27 28.3781,-27 38 06.7417,44.87,0.9,0.86,0.15,5125.0,,Confirmed planets
HD 238090 b,0,0.02168,,13.671,0.0932,0.3,119.3,,,,470.0,,RV,2020.0,21/03/04,12 12 20.8596,+54 29 08.7235,15.24,0.58,0.57,-0.03,3933.0,,Confirmed planets
TOI-2180 b,0,2.755,1.01,260.79,0.828,0.368,316.2,,,89.955,348.0,,transit,2022.0,22/01/15,18 31 46.00,+56 39 03.00,116.3,1.111,1.636,0.253,5695.0,,Confirmed planets
Kepler-1678 b,0,,0.295,147.974,,,,,,,,,transit,2020.0,20/09/03,19 30 22,+38 23 59,867.94,,0.9,,5421.0,,Confirmed planets
KOI-183 b,0,0.595,1.192,2.6843285,0.03585,0.019,120.26,,,87.828,1605.0,,transit,2014.0,14/09/30,19 31 25.3755,+46 23 28.2196,725.0,0.85,0.95,-0.1,5560.0,11.0,Confirmed planets
HD 210193 b,0,0.4817,,649.918,1.487,0.24,168.84,,,,,,RV,2019.0,19/05/23,22 09 34.6127,-41 13 29.6177,42.25,1.04,,,5790.0,,Confirmed planets
Kepler-1406 b,0,,0.098,11.62905828,,,,,,,,,transit,2016.0,16/05/10,19 28 19.6600,+38 54 54.1379,,1.05,1.12,0.04,5892.0,,Confirmed planets
Kepler-782 b,0,,0.286,158.6853308,,,,,,,,,transit,2016.0,16/05/10,19 15 28.3745,+47 45 33.9134,452.612,0.98,1.01,-0.14,5867.0,,Confirmed planets
Kepler-1274 b,0,,0.127,6.98152703,,,,,,,,,transit,2016.0,16/05/10,18 58 22.4885,+46 26 59.1698,625.547,1.45,2.17,0.11,6179.0,,Confirmed planets
HD 80606 b,2,3.94,0.921,111.4273,0.463,0.93369,300.53,,,89.341,339.6,,RV,2001.0,15/07/21,09 22 37,+50 36 13,58.4,0.98,0.978,0.43,5370.0,7.63,"Confirmed planets, Planets in binary systems, S-type"
HD 75302 b,0,5.4,1.14,4356.0,5.3,0.39,307.0,,,29.0,,,RV,2023.0,23/10/15,08 49 12,+03 29 06,30.3288,1.06,0.94,0.086,5697.46,,Confirmed planets
HD 1605 b,0,0.96,,577.9,1.48,0.078,,,,,,,RV,2015.0,15/03/26,00 20 31.51872,+30 58 29.2948,84.6,1.31,3.8,0.21,4757.0,4.59,Confirmed planets
HD 1605 c,0,3.48,,2111.0,3.52,0.098,,,,,,,RV,2015.0,15/03/26,00 20 31.51872,+30 58 29.2948,84.6,1.31,3.8,0.21,4757.0,4.59,Confirmed planets
SWEEPS-11,0,9.7,1.13,1.796,0.03,,,,,84.0,,,transit,2006.0,14/05/23,17 59 03,-29 11 54,8500.0,1.1,1.45,,,,Confirmed planets
Gliese 777 A b,2,1.495,,2867.9,3.92,0.343,,,,,,,RV,2003.0,15/06/29,20 03 37.405,+29 53 48.50,15.89,1.04,1.2,0.24,,6.7,"Confirmed planets, Planets in binary systems, S-type"
Gliese 777 A c,2,0.064,,17.1186,0.128,0.107,,,,,,,RV,2005.0,15/06/29,20 03 37.405,+29 53 48.50,15.89,1.04,1.2,0.24,,6.7,"Confirmed planets, Planets in binary systems, S-type"
Kepler-511 b,0,0.104,0.567,296.637865,0.8589,0.0,,,,89.81,332.0,,transit,2016.0,22/09/15,18 51 47,+47 34 30,651.999,1.0,1.2,0.01,5770.0,,Confirmed planets
Kepler-511 c,0,0.0518,0.376,26.62949944,0.1722,0.0,,,,89.97,742.0,,transit,2021.0,22/09/15,18 51 47,+47 34 30,651.999,1.0,1.2,0.01,5770.0,,Confirmed planets
HAT-P-35 b,0,1.054,1.332,3.6467,0.0498,0.025,,,,87.3,1442.8,,transit,2012.0,12/01/04,08 13 00.1786,+04 47 13.4174,535.0,1.236,1.435,0.11,6096.0,,Confirmed planets
Kepler-1588 b,0,,0.068,7.84931739,,,,,,,,,transit,2016.0,16/05/10,19 12 55.8480,+48 00 07.8606,949.307,0.96,0.99,-0.14,5817.0,,Confirmed planets
Kepler-747 b,0,,0.47,35.61760587,,,,,,,,,transit,2016.0,16/05/10,19 13 39.9646,+41 01 47.3318,,0.82,0.78,-0.03,5096.0,,Confirmed planets
K2-69 b,0,,0.207,7.06599,0.0591,,,,,,,,transit,2016.0,16/07/18,22 23 02.2955,-10 29 18.8101,181.63,0.55,0.49,,4127.0,,Confirmed planets
Kepler-349 b,0,,0.17315,5.929778,,,,,,,,,transit,2014.0,14/02/26,19 34 42.3516,+44 36 56.1234,987.72,1.017,0.927,,5956.0,,Confirmed planets
Kepler-349 c,0,,0.17862,12.247629,,,,,,,,,transit,2014.0,14/02/26,19 34 42.3516,+44 36 56.1234,987.72,1.017,0.927,,5956.0,,Confirmed planets
HAT-P-40 b,0,0.615,1.73,4.457243,0.0608,0.095,,,,88.3,1614.8,,transit,2012.0,13/05/29,22 22 03.0875,+45 27 26.5159,501.0,1.512,2.206,0.22,6080.0,,Confirmed planets
Kepler-1185 b,0,,0.119,104.3518976,,,,,,,,,transit,2016.0,16/05/10,19 08 57.8787,+39 19 57.9344,465.398,0.96,0.87,-0.04,5622.0,,Confirmed planets
K2-180 b,0,,0.215,8.86593,,,,,,88.7,,,transit,2018.0,18/07/24,08 25 51.3439,+10 14 49.0620,187.8,0.73,0.681,-0.59,,,Confirmed planets
HD 51608 b,0,0.0413,,14.07,0.1059,0.15,,,,,701.2,,RV,2011.0,11/09/12,06 54 51.3411,-55 15 33.5811,34.8,,,,5150.0,,Confirmed planets
HD 51608 c,0,0.0565,,95.415,0.3791,0.41,,,,,367.1,,RV,2011.0,11/09/12,06 54 51.3411,-55 15 33.5811,34.8,,,,5150.0,,Confirmed planets
Kepler-941 b,0,,0.275,17.42395198,,,,,,,,,transit,2016.0,16/05/10,19 37 18.3185,+47 13 03.2443,1122.46,0.89,0.86,-0.15,5539.0,,Confirmed planets
Kepler-252 c,0,,0.19593,10.848463,,,,,,,,,transit,2014.0,14/02/26,19 42 19.0425,+44 32 45.4176,337.11,0.61,0.549,,4208.0,,Confirmed planets
Kepler-252 b,0,,0.11209,6.668391,,,,,,,,,transit,2014.0,14/02/26,19 42 19.0425,+44 32 45.4176,337.11,0.61,0.549,,4208.0,,Confirmed planets
NSVS 14256825 b,1,14.15,,3225.0,3.12,0.12,133.3,,,,,,timing,2019.0,19/06/13,20 20 00,+04 37 56,570.0,,,,,,"Confirmed planets, Planets in binary systems, P-type"
WASP-106 b,0,1.925,1.085,9.289715,0.0917,,,,,89.49,1140.0,,transit,2014.0,14/08/06,11 05 43.1363,-05 04 45.9413,283.0,1.192,1.393,-0.09,6055.0,7.0,Confirmed planets
KMT-2017-BLG-1003L b,0,0.01633,0.19,,1.38,,,,,,,,microlensing,2023.0,23/10/15,17 41 39,-24 22 26,7090.0,0.32,,,,,Confirmed planets
Kepler-1465 b,0,,0.158,31.8277111,,,,,,,,,transit,2016.0,16/05/10,19 19 16.6493,+51 54 17.5345,362.818,0.75,0.71,-0.06,4726.0,,Confirmed planets
GJ 96 b,0,0.06186,,73.94,0.291,0.44,339.58,,,,,,RV,2018.0,18/11/08,02 22 14.6440,+47 52 48.1102,11.94,0.6,,0.14,3785.0,,Confirmed planets
HATS-24 b,0,2.26,1.395,1.3484978,0.0238,0.0,90.0,,,85.97,2166.0,,transit,2017.0,19/07/11,17 55 33.7673,-61 44 50.3673,510.0,1.07,1.12,-0.229,6125.0,,Confirmed planets
Kepler-1317 b,0,,0.139,0.56887443,,,,,,,,,transit,2016.0,16/05/10,19 26 26.8526,+42 06 57.5292,743.716,0.83,0.79,-0.01,5144.0,,Confirmed planets
Kepler-57 b,0,0.015814,0.199575,5.7293196,,,,,,,,,transit,2012.0,12/08/19,19 34 33.9094,+44 39 25.3574,570.05,0.83,0.73,,5145.0,,Confirmed planets
Kepler-57 c,0,0.007759,0.141252,11.6092567,,,,,,,,,transit,2012.0,12/08/19,19 34 33.9094,+44 39 25.3574,570.05,0.83,0.73,,5145.0,,Confirmed planets
Kepler-1030 b,0,,0.221,19.32952416,,,,,,,,,transit,2016.0,16/05/10,19 34 43.6584,+45 49 03.2947,775.254,0.8,0.76,-0.01,4983.0,,Confirmed planets
Kepler-1696 b,0,,0.251,65.9409,,,,,,,,,transit,2020.0,20/09/03,19 42 18,+42 01 24,1571.34,,1.27,,5379.0,,Confirmed planets
BD-17 63 b,0,5.1,,655.6,1.34,0.54,112.2,,,,,,RV,2008.0,15/11/17,00 28 34.30654,-16 13 34.8458,35.7,0.74,0.69,-0.03,4714.0,4.3,Confirmed planets
EPIC 201384232 b,2,,0.23,30.94191,0.1898,,,,,89.42,615.0,,transit,2015.0,18/07/24,11 52 46.142,-01 11 54.52,343.0,0.97,0.96,-0.14,5850.0,,"Confirmed planets, Planets in binary systems, S-type"
Kepler-245 b,0,,0.2342,7.49019,,,,,,,,,transit,2014.0,14/02/26,19 26 33.3541,+42 26 10.7780,919.92,0.777,0.795,,5100.0,,Confirmed planets
Kepler-245 d,0,,0.27612,36.277108,,,,,,,,,transit,2014.0,14/02/26,19 26 33.3541,+42 26 10.7780,919.92,0.777,0.795,,5100.0,,Confirmed planets
Kepler-245 c,0,,0.19866,17.460812,,,,,,,,,transit,2014.0,14/02/26,19 26 33.3541,+42 26 10.7780,919.92,0.777,0.795,,5100.0,,Confirmed planets
Kepler-245 e,0,,0.156,3.21982106,,,,,,,,,transit,2016.0,16/05/10,19 26 33.3541,+42 26 10.7780,919.92,0.777,0.795,,5100.0,,Confirmed planets
HAT-P-61 b,0,1.057,0.899,1.90231289,0.0301,0.113,,,,83.62,1505.0,,transit,2021.0,21/08/02,05 01 55.2577,+50 07 52.5746,338.84,1.0,0.94,0.194,5587.0,,Confirmed planets
Kepler-722 b,0,,0.235,4.09357325,,,,,,,,,transit,2016.0,16/05/10,19 21 03.1938,+44 33 23.1981,1284.52,1.03,1.05,0.02,5863.0,,Confirmed planets
Kepler-722 c,0,,0.252,105.144749,,,,,,,,,transit,2016.0,16/05/10,19 21 03.1938,+44 33 23.1981,1284.52,1.03,1.05,0.02,5863.0,,Confirmed planets
Kepler-536 b,0,,0.277,1.8270823,,,,,,,,,transit,2016.0,16/05/10,19 50 56.7372,+49 38 13.8155,467.792,0.92,0.89,0.0,5524.0,,Confirmed planets
Kepler-174 b,0,,0.17862,13.98179,,,,,,,,,transit,2014.0,14/02/26,19 09 45.4027,+43 49 55.4989,360.14,0.602,0.622,,4880.0,,Confirmed planets
Kepler-174 c,0,,0.13578,44.000529,,,,,,,,,transit,2014.0,14/02/26,19 09 45.4027,+43 49 55.4989,360.14,0.602,0.622,,4880.0,,Confirmed planets
Kepler-174 d,0,,0.19958,247.35373,,,,,,,,,transit,2014.0,14/02/26,19 09 45.4027,+43 49 55.4989,360.14,0.602,0.622,,4880.0,,Confirmed planets
WASP-7 b,0,0.96,1.33,4.9546416,0.0617,0.0,,,,87.03,1359.5,,transit,2008.0,12/04/08,20 44 10.2207,-39 13 30.8593,140.0,1.276,1.432,,6400.0,,Confirmed planets
OGLE-2013-BLG-1761L b,0,2.8,,,,,,,,,,,microlensing,2017.0,18/09/20,17 53 38.28,-28 53 42.98,6900.0,0.33,,,,,Confirmed planets
HD 307842 b,0,0.03043,0.172,2.7970365,0.038,0.0,90.0,,,88.6,1256.0,,transit,2023.0,23/10/15,10 37 22,-63 39 20,64.5997,0.91,0.91,-0.13,5558.0,,Confirmed planets
HD 147513 A b,2,1.21,,528.4,1.32,0.26,,,,,,,RV,2003.0,12/12/08,16 24 01,-39 11 34,12.9,0.92,1.0,-0.03,,,"Confirmed planets, Planets in binary systems, S-type"
Kepler-1114 b,0,,0.12,14.97435694,,,,,,,,,transit,2016.0,16/05/10,19 56 56.8686,+45 50 04.8992,423.513,0.87,0.83,-0.08,5374.0,,Confirmed planets
Kepler-309 b,0,,0.14216,5.923653,,,,,,,,,transit,2014.0,14/02/26,19 50 02.3682,+46 57 40.5431,581.27,0.666,0.721,,4713.0,,Confirmed planets
Kepler-309 c,0,,0.22874,105.356383,,,,,,,,,transit,2014.0,14/02/26,19 50 02.3682,+46 57 40.5431,581.27,0.666,0.721,,4713.0,,Confirmed planets
Kepler-1941 b,0,0.0236,0.236,31.33510017,0.2054,0.0,,,,88.6,666.0,,transit,2021.0,22/02/01,19 46 30,+49 21 14,1494.39,1.18,1.14,-0.06,6404.0,,Confirmed planets
Kepler-194 c,0,,0.23603,17.308032,,,,,,,,,transit,2014.0,14/02/26,19 27 53.1542,+47 51 50.9545,1233.85,1.053,1.025,,6089.0,,Confirmed planets
Kepler-194 b,0,,0.13761,2.092281,,,,,,,,,transit,2014.0,14/02/26,19 27 53.1542,+47 51 50.9545,1233.85,1.053,1.025,,6089.0,,Confirmed planets
Kepler-194 d,0,,0.21871,52.814973,,,,,,,,,transit,2014.0,14/02/26,19 27 53.1542,+47 51 50.9545,1233.85,1.053,1.025,,6089.0,,Confirmed planets
Kepler-1500 b,0,,0.107,15.0330105,,,,,,,,,transit,2016.0,16/05/10,19 15 32.0074,+39 44 40.4695,1261.67,1.0,1.0,-0.05,5845.0,,Confirmed planets
HD 180617 b,2,0.03839,,105.9,0.3357,0.16,269.0,,,,,,RV,2018.0,18/08/14,19 16 55.2565250393,+05 10 08.038856129,5.9116,0.45,0.453,0.0,3557.0,,"Confirmed planets, Planets in binary systems, S-type"
VB 10 b,2,6.4,,271.7,0.36,,,,38.7,96.9,,,astrometry,2009.0,,19 16 55.2565250393,+05 10 08.038856129,5.9116,0.0779,,,,,"Retracted planet candidate, Planets in binary systems, S-type"
HD 211970 b,0,0.0409,,25.201,0.143,0.15,97.83,,,,,,RV,2019.0,19/05/23,22 22 16.2060,-54 33 38.2064,13.0,0.61,,,4127.0,,Confirmed planets
NGTS-11 b,0,0.37,0.823,35.455285,0.2,0.11,47.0,,,89.12,440.0,,transit,2020.0,22/02/08,01 34 05.00,-14 25 09.00,191.5,0.862,0.832,0.22,5050.0,,Confirmed planets
NGTS-11 c,0,,0.419,12.77,,,,,,,,,transit,2022.0,22/02/08,01 34 05.00,-14 25 09.00,191.5,0.862,0.832,0.22,5050.0,,Confirmed planets
K2-259 b,0,,0.207,15.48043,0.1271,,,,,,795.0,,transit,2018.0,18/07/12,12 27 12.6448,+01 34 00.6610,422.1,1.14,1.13,0.16,6059.0,,Confirmed planets
Kepler-1320 b,0,,0.152,0.86838653,,,,,,,,,transit,2016.0,16/05/10,19 13 44.0596,+40 22 51.1767,659.37,0.8,0.74,0.1,4817.0,,Confirmed planets
Kepler-16 (AB) b,1,0.333,0.7538,228.776,0.7048,0.00685,,,,90.0322,,,transit,2011.0,12/11/27,19 16 18,+51 45 27,60.0,,,,,,"Confirmed planets, Planets in binary systems, P-type"
HD 206255 b,0,0.1076,,96.045,0.461,0.23,86.92,,,,,,RV,2019.0,19/05/23,21 42 21.8926,-50 05 36.9978,75.4,1.42,,,5635.0,,Confirmed planets
K2-316 b,0,,0.119,1.133,0.0147,,,,,87.02,841.0,,transit,2020.0,20/09/03,15 34 30,-23 15 33,112.84,0.41,0.38,,3436.0,,Confirmed planets
K2-316 c,0,,0.163,5.26,0.0582,,,,,89.31,423.0,,transit,2020.0,20/09/03,15 34 30,-23 15 33,112.84,0.41,0.38,,3436.0,,Confirmed planets
Kepler-504 b,0,,0.142,9.54927542,,,,,,,,,transit,2016.0,16/05/10,18 59 41.2420,+45 58 20.5568,99.3522,0.33,0.33,-0.31,3519.0,,Confirmed planets
EPIC 201596316 b,0,,0.695,39.93767,0.2257,,,,,,734.0,,transit,2015.0,15/07/07,11 16 10.0807,+01 59 12.6325,332.5,1.35,5.15,-0.12,5433.0,,Confirmed planets
Kepler-1228 b,0,,0.137,0.57736958,,,,,,,,,transit,2016.0,16/05/10,19 46 12.7329,+46 57 58.5988,523.177,0.78,0.74,-0.18,5063.0,,Confirmed planets
TOI-201 b,0,0.42,1.0,52.97818,0.3,0.28,82.0,,,,759.0,,transit,2021.0,21/03/05,05 49 36.4138,-54 54 38.5527,114.2,1.316,1.317,0.24,6394.0,,Confirmed planets
Kepler-512 b,0,,0.24,34.43587975,,,,,,,,,transit,2016.0,16/05/10,19 53 04.5482,+48 55 00.2096,473.709,1.17,1.3,0.22,5997.0,,Confirmed planets
Kepler-918 b,0,,0.155,4.85386933,,,,,,,,,transit,2016.0,16/05/10,19 52 48.1728,+48 16 04.1374,1055.19,1.11,1.14,0.06,6028.0,,Confirmed planets
Kepler-1559 b,0,,0.064,0.97191543,,,,,,,,,transit,2016.0,16/05/10,19 29 08.7849,+42 04 20.7821,625.782,0.86,0.82,-0.04,5316.0,,Confirmed planets
KPS-1 b,0,1.09,1.03,1.706291,0.0269,0.0,,,,83.2,1459.0,,transit,2018.0,18/04/26,11 00 40.1821,+64 57 50.3451,264.69,0.89,0.91,0.22,5165.0,,Confirmed planets
Kepler-891 b,0,,0.572,53.44945593,,,,,,,,,transit,2016.0,16/05/10,19 24 20.1071,+40 21 18.8619,,1.06,1.07,0.09,5887.0,,Confirmed planets
K2-387 b,0,0.133,0.653,28.735327,,,,,,,,,transit,2022.0,22/03/01,01 17 46,+11 22 07,266.318,0.57,0.59,0.126,3572.0,,Confirmed planets
Kepler-95 b,0,0.040894,0.311666,11.5231,,,,,,,,,transit,2014.0,14/02/24,18 57 55.7885,+44 23 52.8170,456.3,1.08,1.41,0.3,5699.0,5.63,Confirmed planets
K2-47 b,0,,0.169,31.6372,0.1779,,,,,,,,transit,2016.0,16/07/18,11 14 19.8254,+02 46 50.5216,353.38,0.75,0.76,,5054.0,,Confirmed planets
WASP-180 A b,2,0.9,1.24,3.409264,0.048,0.0,,,,88.1,1540.0,,transit,2019.0,19/09/26,08 13 34.15,-01 58 57.9,255.8,1.3,1.19,0.1,,,"Confirmed planets, Planets in binary systems, S-type"
HD 62549 b,0,8.72588,1.12,14306.8851878,11.786592,0.150429,133.8088,,,162.313,,,RV,2022.0,22/09/27,07 44 20,-05 03 15,49.3305,1.08,1.23,,5930.46,,Confirmed planets
K2-39 b,0,0.125,0.73,4.60543,0.062,0.152,,,,80.0,,,transit,2016.0,17/02/02,22 33 28.4135,-09 01 21.9771,255.0,1.53,3.88,0.32,4881.0,3.09,Confirmed planets
HAT-P-4 b,0,0.68,1.27,3.0565114,0.0446,0.0,,,,89.67,1550.7,,transit,2007.0,13/05/29,15 19 57.9205,+36 13 46.7379,310.0,1.26,1.59,0.24,5890.0,,Confirmed planets
Kepler-314 c,0,,0.26428,5.960392,,,,,,,,,transit,2014.0,14/02/26,19 38 41.7867,+42 04 32.0860,301.17,1.024,0.95,,5378.0,,Confirmed planets
Kepler-314 b,0,,0.07564,2.461069,,,,,,,,,transit,2014.0,14/02/26,19 38 41.7867,+42 04 32.0860,301.17,1.024,0.95,,5378.0,,Confirmed planets
HD 166724 b,0,3.53,,5144.0,5.42,0.734,202.0,,,,,,RV,2011.0,12/11/29,18 14 00,-42 34 31.3562,42.3,0.81,,-0.09,5150.0,4.0,Confirmed planets
Kepler-1677 b,0,,0.241,22.064,,,,,,,,,transit,2020.0,20/09/03,19 53 58,+47 00 47,751.23,,1.2,,5804.5,,Confirmed planets
K2-3 b,0,0.02039,,10.054626,,0.0,0.0,,,89.588,,,transit,2015.0,20/05/07,11 29 20.3917,-01 27 17.2798,45.0,0.6,0.56,-0.32,3896.0,,Confirmed planets
K2-3 c,0,0.00673,,24.646582,,0.0,0.0,,,89.905,,,transit,2015.0,20/05/07,11 29 20.3917,-01 27 17.2798,45.0,0.6,0.56,-0.32,3896.0,,Confirmed planets
K2-3 d,0,0.00881,,44.55646,,0.0,0.0,,,89.788,,,transit,2015.0,20/05/07,11 29 20.3917,-01 27 17.2798,45.0,0.6,0.56,-0.32,3896.0,,Confirmed planets
Kepler-1119 b,0,,0.171,8.3265153,,,,,,,,,transit,2016.0,16/05/10,19 48 04.5883,+44 19 39.0625,1847.75,1.11,1.17,0.03,6083.0,,Confirmed planets
OGLE-2018-BLG-0962,0,1.37,,,3.57,,,,,,,,microlensing,2021.0,21/02/16,17 52 42.00,-32 18 33.00,6470.0,0.55,,,,,Confirmed planets
WASP-168 b,0,0.42,1.5,4.153658,0.0519,,,,,84.4,1340.0,,transit,2018.0,18/03/06,06 26 58.7141,-46 49 17.2264,319.0,1.08,1.12,-0.01,6000.0,4.0,Confirmed planets
Kepler-718 b,0,,1.477,2.0523499,,,,,,,,,transit,2016.0,16/05/10,19 58 14.8545,+43 30 12.8120,1351.17,1.18,1.3,0.06,6191.0,,Confirmed planets
Kepler-1106 b,0,,0.147,1.25275217,,,,,,,,,transit,2016.0,16/05/10,19 24 34.8436,+44 03 45.1280,1125.87,1.11,1.17,0.0,6104.0,,Confirmed planets
HD 221420 b,0,9.7,,22482.0,18.5,0.42,164.4,,,,,,RV,2019.0,19/05/09,23 33 19.5788,-77 23 07.1958,31.17,1.67,,0.29,5830.0,,Confirmed planets
Kepler-185 c,0,,0.18408,20.729042,,,,,,,,,transit,2014.0,14/02/26,18 49 52.3441,+43 53 23.6489,575.07,0.773,0.806,,5208.0,,Confirmed planets
Kepler-185 b,0,,0.10662,1.6329,,,,,,,,,transit,2014.0,14/02/26,18 49 52.3441,+43 53 23.6489,575.07,0.773,0.806,,5208.0,,Confirmed planets
TOI-139 b,0,0.0208,0.219,11.07085,,,,,,89.32,561.17,,transit,2023.0,23/10/15,22 25 37,-34 54 35,42.4061,0.69,0.7,-0.238,4570.0,,Confirmed planets
OGLE-TR-182 b,0,1.06,1.47,3.9791,0.051,0.0,,,,85.7,1235.0,,transit,2007.0,10/06/24,11 09 18.7248,-61 05 42.9637,,1.14,1.14,0.37,5924.0,,Confirmed planets
Kepler-842 b,0,,0.143,1.21956827,,,,,,,,,transit,2016.0,16/05/10,19 29 18.8539,+49 39 12.6264,540.891,0.78,0.73,-0.02,4848.0,,Confirmed planets
Kepler-1214 b,0,,0.211,18.82634264,,,,,,,,,transit,2016.0,16/05/10,19 00 34.2322,+49 48 02.3416,744.602,0.85,0.8,0.05,5130.0,,Confirmed planets
Kepler-306 c,0,,0.21416,7.240193,,,,,,,,,transit,2014.0,14/02/26,19 14 09.2871,+40 36 58.1129,772.83,0.93,0.719,,4954.0,,Confirmed planets
Kepler-306 b,0,,0.13852,4.646186,,,,,,,,,transit,2014.0,14/02/26,19 14 09.2871,+40 36 58.1129,772.83,0.93,0.719,,4954.0,,Confirmed planets
Kepler-306 d,0,,0.22509,17.326644,,,,,,,,,transit,2014.0,14/02/26,19 14 09.2871,+40 36 58.1129,772.83,0.93,0.719,,4954.0,,Confirmed planets
Kepler-306 e,0,,0.20687,44.840975,,,,,,,,,transit,2014.0,14/02/26,19 14 09.2871,+40 36 58.1129,772.83,0.93,0.719,,4954.0,,Confirmed planets
KELT-7 b,0,1.28,1.533,2.7347749,0.04415,,,,,83.76,2048.0,,transit,2015.0,15/01/22,05 13 10.9287,+33 19 05.4032,129.0,1.535,1.732,0.139,6789.0,1.3,Confirmed planets
KMT-2017-BLG-1038L b,0,2.0,,,1.8,,,,,,,,microlensing,2019.0,19/03/14,17 44 41,-25 08 35,6000.0,0.37,,,,,Confirmed planets
HD 97658 b,0,0.023754977,0.213245,9.4903,0.08,0.078,351.0,,,89.14,757.0,,transit,2010.0,14/03/03,11 14 33.1613,+25 42 37.3919,21.11,0.77,0.741,-0.23,5119.0,6.1,Confirmed planets
HD 360 b,0,0.75,,273.1,0.98,0.14,133.0,,,,,,RV,2021.0,21/12/15,00 08 18.00,-08 49 27.00,,,,,,,Confirmed planets
Kepler-1855 b,0,0.00617,0.109,0.72733098,0.0115,0.0,,,,88.7,849.0,,transit,2021.0,22/02/01,18 53 36,+41 30 58,,0.39,0.36,0.07,3460.0,,Confirmed planets
Kepler-1172 b,0,,0.285,26.0204423,,,,,,,,,transit,2016.0,16/05/10,19 21 53.8844,+37 45 59.6344,1355.75,0.92,0.89,-0.04,5558.0,,Confirmed planets
Kepler-1050 b,0,,0.143,15.3787546,,,,,,,,,transit,2016.0,16/05/10,18 51 41.9941,+48 37 34.9826,497.537,1.09,1.13,0.03,6010.0,,Confirmed planets
Kepler-1050 c,0,,0.132,21.1284569,,,,,,,,,transit,2016.0,16/05/10,18 51 41.9941,+48 37 34.9826,497.537,1.09,1.13,0.03,6010.0,,Confirmed planets
Kepler-379 c,0,,0.20869,62.784697,,,,,,,,,transit,2014.0,14/02/26,19 42 48.2650,+38 56 45.0037,758.7,1.11,1.306,,6054.0,,Confirmed planets
Kepler-379 b,0,,0.15128,20.09838,,,,,,,,,transit,2014.0,14/02/26,19 42 48.2650,+38 56 45.0037,758.7,1.11,1.306,,6054.0,,Confirmed planets
HATS-62 b,0,0.179,1.055,3.2768837,0.04163,0.0,,,,87.92,1237.0,,transit,2018.0,18/12/13,20 49 47.8333,-24 18 12.4965,530.8,0.896,0.933,0.133,5416.0,,Confirmed planets
K2-222 b,0,,0.1981,15.38883,,,,,,88.8,,,transit,2018.0,18/07/24,01 05 50.9465,+11 45 12.3412,98.75,0.95,1.04,-0.3,,,Confirmed planets
HD 108863 b,0,2.6,,443.4,1.4,0.0,,,,,436.8,,RV,2011.0,12/07/24,12 30 19.9100,+21 56 53.6794,139.0,1.85,5.6,0.2,4956.0,,Confirmed planets
WASP-39 b,0,0.28,1.27,4.055259,0.0486,0.0,,,,87.83,1021.8,,transit,2011.0,11/09/08,14 29 18.4151,-03 26 40.2030,230.0,0.93,0.895,-0.12,5400.0,,Confirmed planets
Kepler-1468 b,0,,0.154,8.23984869,,,,,,,,,transit,2016.0,16/05/10,19 34 04.7695,+41 16 38.7002,2006.42,1.04,1.05,0.03,5893.0,,Confirmed planets
Kepler-1468 c,0,,0.103,3.54553021,,,,,,,,,transit,2016.0,16/05/10,19 34 04.7695,+41 16 38.7002,2006.42,1.04,1.05,0.03,5893.0,,Confirmed planets
K2-124 b,0,,0.259,6.413651,0.049,,,,,89.03,442.0,,transit,2017.0,19/01/31,08 54 33.8863,+23 07 58.4305,140.4,0.39,0.39,0.023,3570.0,,Confirmed planets
Kepler-1305 b,0,,0.168,13.5630972,,,,,,,,,transit,2016.0,16/05/10,19 49 21.4665,+46 20 50.0984,1646.09,0.97,0.96,0.01,5701.0,,Confirmed planets
WASP-76 b,0,0.92,1.83,1.809886,0.033,,,,,88.0,2160.0,,transit,2013.0,13/10/22,01 46 31.8576,+02 42 02.0331,120.0,1.46,1.73,0.23,6250.0,,Confirmed planets
TOI-1231 b,0,0.0485,0.3256,24.245586,0.1288,0.087,176.0,,,89.73,330.0,,transit,2021.0,21/05/19,10 26 59.00,-52 28 04.00,27.4932,0.485,0.476,0.05,3562.0,,Confirmed planets
HD 96992 b,0,1.14,,514.0,1.24,0.41,149.0,,,,,,RV,2021.0,21/01/28,11 10 23.2440,+43 55 08.3275,401.6,0.96,7.43,-0.45,4725.0,,Confirmed planets
HD 196050 A b,2,2.83,,1316.24,2.47,0.21,,,,,186.7,,RV,2002.0,12/12/04,20 37 51,-60 38 04,46.93,1.17,1.29,0.23,5874.0,3.55,"Confirmed planets, Planets in binary systems, S-type"
HD 128356 b,0,0.89,,298.2,0.87,0.57,84.0,,,,,,RV,2016.0,16/04/02,14 37 04.8881,-25 48 09.2583,26.03,0.65,0.85,0.17,4875.0,10.0,Confirmed planets
Kepler-1253 b,0,,0.119,68.8861915,,,,,,,,,transit,2016.0,16/05/10,18 55 32.4377,+47 38 14.0449,522.22,0.97,1.1,-0.14,5850.0,,Confirmed planets
GJ 2030 b,0,0.015,0.181,2.38129,0.034,0.239,196.716,,,,,,RV,2022.0,23/10/15,03 23 18,-07 47 42,37.0788,0.96,2.24,-0.4,5485.0,,Confirmed planets
GJ 2030 c,0,12.803,1.1,25533.11353,16.761,0.041,205.126,,,16.999,,,RV,2022.0,23/10/15,03 23 18,-07 47 42,37.0788,0.96,2.24,-0.4,5485.0,,Confirmed planets
Kepler-397 c,0,,0.56319,135.498527,,,,,,,,,transit,2014.0,14/02/26,19 43 34.5895,+42 22 49.8320,1153.82,0.844,0.767,,5307.0,,Confirmed planets
Kepler-397 b,0,,0.22418,22.250949,,,,,,,,,transit,2014.0,14/02/26,19 43 34.5895,+42 22 49.8320,1153.82,0.844,0.767,,5307.0,,Confirmed planets
Kepler-1460 b,0,,0.175,29.9633247,,,,,,,,,transit,2016.0,16/05/10,19 02 13.8773,+44 00 38.8138,561.987,0.7,0.67,-0.02,4422.0,,Confirmed planets
Kepler-1215 b,0,,0.109,4.76703963,,,,,,,,,transit,2016.0,16/05/10,19 49 51.2712,+48 10 53.1071,673.809,0.95,0.93,0.01,5616.0,,Confirmed planets
HD 17092 b,0,4.6,,359.9,1.29,0.166,,,,,513.6,,RV,2007.0,07/05/07,02 46 22.1178,+49 39 11.0948,109.0,2.3,,0.18,4650.0,,Confirmed planets
Kepler-384 b,0,,0.10207,22.597053,,,,,,,,,transit,2014.0,14/02/26,19 04 06.2626,+44 46 58.3391,482.52,0.994,0.882,,5577.0,,Confirmed planets
Kepler-384 c,0,,0.10298,45.348269,,,,,,,,,transit,2014.0,14/02/26,19 04 06.2626,+44 46 58.3391,482.52,0.994,0.882,,5577.0,,Confirmed planets
TOI-1820 b,0,2.3,1.12,4.8607,0.069,0.043,9.0,,,85.4,1295.0,,transit,2022.0,22/05/02,12 30 45.00,+27 27 08.00,250.0,1.04,1.51,0.14,5734.0,,Confirmed planets
Gliese 667 C b,2,0.017616,,7.2004,0.0505,0.13,5.729578,201.0,,,,,RV,2009.0,13/06/25,17 18 57,-34 59 23,6.97,0.33,0.41,,3350.0,,"Confirmed planets, Planets in binary systems, S-type"
Gliese 667 C h,2,0.00346,,16.946,0.0893,0.06,114.591559,45.0,,,,,RV,2013.0,13/06/25,17 18 57,-34 59 23,6.97,0.33,0.41,,3350.0,,"Controversial, Planets in binary systems, S-type"
Gliese 667 C c,2,0.011954,,28.14,0.125,0.02,292.208476,308.0,,,,,RV,2009.0,13/06/25,17 18 57,-34 59 23,6.97,0.33,0.41,,3350.0,,"Confirmed planets, Planets in binary systems, S-type"
Gliese 667 C f,2,0.008493,,39.026,0.156,0.03,103.132403,34.0,,,,,RV,2013.0,13/06/25,17 18 57,-34 59 23,6.97,0.33,0.41,,3350.0,,"Controversial, Planets in binary systems, S-type"
Gliese 667 C e,2,0.008493,,62.24,0.213,0.02,28.64789,262.0,,,,,RV,2013.0,13/06/25,17 18 57,-34 59 23,6.97,0.33,0.41,,3350.0,,"Controversial, Planets in binary systems, S-type"
Gliese 667 C d,2,0.016043,,91.61,0.276,0.03,40.107046,251.0,,,,,RV,2013.0,13/06/25,17 18 57,-34 59 23,6.97,0.33,0.41,,3350.0,,"Controversial, Planets in binary systems, S-type"
Gliese 667 C g,2,0.01447,,256.2,0.549,0.08,51.566202,285.0,,,,,RV,2013.0,13/06/25,17 18 57,-34 59 23,6.97,0.33,0.41,,3350.0,,"Controversial, Planets in binary systems, S-type"
Kepler-208 b,0,,0.14854,4.22864,,,,,,,,,transit,2014.0,14/02/26,19 35 33.6470,+42 31 40.7247,925.47,0.963,1.314,,6092.0,,Confirmed planets
Kepler-208 c,0,,0.12667,7.466623,,,,,,,,,transit,2014.0,14/02/26,19 35 33.6470,+42 31 40.7247,925.47,0.963,1.314,,6092.0,,Confirmed planets
Kepler-208 e,0,,0.13487,16.259458,,,,,,,,,transit,2014.0,14/02/26,19 35 33.6470,+42 31 40.7247,925.47,0.963,1.314,,6092.0,,Confirmed planets
Kepler-208 d,0,,0.10936,11.131786,,,,,,,,,transit,2014.0,14/02/26,19 35 33.6470,+42 31 40.7247,925.47,0.963,1.314,,6092.0,,Confirmed planets
WASP-120 b,0,5.01,1.515,3.6112706,0.0522,0.059,,,,82.29,1890.0,,transit,2015.0,15/09/07,04 10 27.8559,-45 53 53.5754,385.401,1.45,1.93,-0.05,6450.0,,Confirmed planets
Kepler-350 c,0,,0.28524,17.848568,,,,,,,,,transit,2014.0,14/02/26,19 01 40.7039,+39 42 22.0153,1130.55,1.13,1.534,,6186.0,,Confirmed planets
Kepler-350 d,0,,0.25243,26.13591,,,,,,,,,transit,2014.0,14/02/26,19 01 40.7039,+39 42 22.0153,1130.55,1.13,1.534,,6186.0,,Confirmed planets
Kepler-350 b,0,,0.16859,11.189562,,,,,,,,,transit,2014.0,14/02/26,19 01 40.7039,+39 42 22.0153,1130.55,1.13,1.534,,6186.0,,Confirmed planets
Kepler-1576 b,0,,0.093,6.98471973,,,,,,,,,transit,2016.0,16/05/10,19 16 17.7538,+40 21 57.7339,467.137,1.05,1.06,0.05,5876.0,,Confirmed planets
EPIC 201613023 b,0,,0.214,8.28212,0.0802,,,,,87.6,1003.0,,transit,2015.0,18/07/24,11 32 46.0928,+02 14 41.5879,294.0,1.01,1.01,0.03,5800.0,,Confirmed planets
7 CMa b,0,1.85,,735.1,1.758,0.06,165.3,,,90.0,,,RV,2011.0,19/10/24,06 36 41.0375,-19 15 21.1659,19.75,1.34,4.87,0.21,4826.0,,Confirmed planets
7 CMa c,0,0.87,,996.0,2.153,0.08,233.5,,,90.0,,,RV,2019.0,19/10/24,06 36 41.0375,-19 15 21.1659,19.75,1.34,4.87,0.21,4826.0,,Confirmed planets
Kepler-1879 b,0,0.0155,0.184,10.61340046,0.0953,0.0,,,,89.57,987.0,,transit,2021.0,22/02/01,19 17 27,+41 31 60,627.171,1.02,1.39,0.0,5865.0,,Confirmed planets
Kepler-1701 b,0,,0.198,169.134,,,,,,,,,transit,2020.0,20/09/03,19 06 26,+41 53 22,594.1,,0.83,,5116.26,,Confirmed planets
K2-42 b,0,,0.192,6.68796,0.0617,,,,,,,,transit,2016.0,16/07/18,11 46 39.7705,-05 10 18.8711,401.36,0.7,0.64,,4613.0,,Confirmed planets
Kepler-1996 b,0,0.018,0.205,32.376183,0.1789,0.0,,,,88.18,392.0,,transit,2023.0,23/10/15,19 01 01,+46 34 56,440.561,0.75,0.68,0.08,4580.0,,Confirmed planets
Kepler-1996 c,0,0.0261,0.251,92.7297248,0.3608,0.0,,,,89.19,276.0,,transit,2023.0,23/10/15,19 01 01,+46 34 56,440.561,0.75,0.68,0.08,4580.0,,Confirmed planets
Kepler-806 b,0,,0.102,8.09219642,,,,,,,,,transit,2016.0,16/05/10,19 44 01.6984,+44 51 12.4330,365.698,0.99,1.16,0.0,5770.0,,Confirmed planets
HD 18599 b,0,0.07583,0.232,4.1374354,0.048,0.34,-2.5,,,87.6,863.0,,transit,2022.0,23/02/22,02 57 03,-56 11 31,38.5653,0.86,0.77,0.0,5145.0,,Confirmed planets
TOI-908 b,0,0.05077,0.284,3.183792,0.041657,0.132,35.856,,,86.475,1317.0,,transit,2023.0,23/10/15,03 32 38,-81 15 03,175.748,0.95,1.03,0.08,5626.0,,Confirmed planets
WASP-70 A b,2,0.59,1.164,3.7130203,0.04853,,,,,87.12,1387.0,,transit,2011.0,13/10/22,21 01 54,-13 26 00,245.0,1.106,1.215,-0.006,5700.0,9.5,"Confirmed planets, Planets in binary systems, S-type"
Kepler-1422 b,0,,0.18,18.6051942,,,,,,,,,transit,2016.0,16/05/10,19 35 33.6500,+48 20 09.9255,,1.15,1.23,0.0,6194.0,,Confirmed planets
Kepler-1093 b,0,,0.174,25.0824626,,,,,,,,,transit,2016.0,16/05/10,18 59 54.7191,+41 25 12.6877,1107.05,1.13,1.2,-0.01,6166.0,,Confirmed planets
Kepler-1093 c,0,,0.175,89.722292,,,,,,,,,transit,2016.0,16/05/10,18 59 54.7191,+41 25 12.6877,1107.05,1.13,1.2,-0.01,6166.0,,Confirmed planets
HD 98219 b,0,1.8,,436.9,1.23,0.0,,,,,419.8,,RV,2011.0,12/07/24,11 17 47.5531,-23 58 31.4951,134.0,1.3,4.5,-0.02,4992.0,,Confirmed planets
OGLE-2015-BLG-0966L b,0,0.066,,,,,,,,,,,microlensing,2015.0,15/09/17,17 55 01.02,-29 02 49.6,3300.0,0.38,,,,,Confirmed planets
Kepler-1489 b,0,,0.158,82.294751,,,,,,,,,transit,2016.0,16/05/10,18 45 10.9933,+44 27 55.4100,1332.09,0.93,0.9,-0.13,5655.0,,Confirmed planets
HAT-P-17 b,0,0.534,1.01,10.338523,0.0882,0.346,,,,89.2,707.1,,transit,2010.0,12/04/03,21 38 08.7311,+30 29 19.4455,90.0,0.857,0.837,,5246.0,,Confirmed planets
HAT-P-17 c,0,1.4,,1798.0,2.75,0.1,,,,,127.5,,RV,2010.0,10/12/10,21 38 08.7311,+30 29 19.4455,90.0,0.857,0.837,,5246.0,,Confirmed planets
Kepler-1117 b,0,,0.099,4.79028459,,,,,,,,,transit,2016.0,16/05/10,19 28 20.3498,+49 14 14.8550,577.934,0.95,0.93,0.03,5612.0,,Confirmed planets
Kepler-724 b,0,,0.294,3.31494634,,,,,,,,,transit,2016.0,16/05/10,19 33 49.1672,+44 47 34.1294,874.126,0.9,0.86,-0.02,5437.0,,Confirmed planets
2MASS J06023447-0034369 b,0,1.1,1.3,3.0525,,,,,,,,,transit,2021.0,21/09/24,06 02 34.48,-00 34 36.92,,,,,,,Confirmed planets
Kepler-1082 b,0,,0.1,1.5432066,,,,,,,,,transit,2016.0,16/05/10,19 17 26.0876,+50 35 54.5474,755.687,1.03,1.14,-0.06,5923.0,,Confirmed planets
OGLE-2018-BLG-0977 b,0,0.0201,,,2.0,,,,,,,,microlensing,2021.0,21/06/16,17 54 01.00,-30 36 17.00,6500.0,0.47,,,,,Confirmed planets
HD 68402 b,0,3.07,,1103.0,2.18,0.03,341.0,,,,,,RV,2016.0,16/04/02,08 05 23.6912,-74 35 22,78.0,1.12,1.02,0.29,5950.0,2.0,Confirmed planets
Kepler-721 b,0,,0.236,5.39202539,,,,,,,,,transit,2016.0,16/05/10,18 57 43.3208,+44 28 49.7936,951.022,0.82,0.78,-0.01,5075.0,,Confirmed planets
HD 10442 b,0,2.1,,1043.0,2.335,0.11,,,,,,,RV,2014.0,14/11/19,01 41 53.1428,+02 42 15.7714,135.9,1.56,,0.11,5034.0,,Confirmed planets
K2-400 b,0,0.00525,0.104,3.865053,,,,,,,,,transit,2022.0,22/03/01,10 18 03,+03 41 49,62.3804,0.37,0.38,-0.051,3578.0,,Confirmed planets
CoRoT-19 b,0,1.11,1.45,3.89713,0.0518,0.047,,,,87.61,1515.3,,transit,2011.0,11/07/05,06 28 08.0586,-00 10 14.5323,800.0,1.21,1.65,-0.02,6090.0,,Confirmed planets
EPIC 212587672 c,0,0.0189,0.207,23.228555,,,,,,89.421,658.0,,transit,2016.0,22/09/15,13 41 47,-10 51 45,320.07,0.99,0.98,-0.18,6004.0,,Confirmed planets
EPIC 212587672 b,0,0.00669,0.112,15.28078,,,,,,,756.0,,transit,2019.0,22/09/15,13 41 47,-10 51 45,320.07,0.99,0.98,-0.18,6004.0,,Confirmed planets
HU Aqr (AB) b,1,4.758,,,3.602,0.0218,173.01,,0.0,90.0,,,timing,2011.0,15/05/24,21 07 58,-05 17 41,,,,,,,"Controversial, Planets in binary systems, P-type"
HU Aqr (AB) c,1,20.2,,,6.557,0.1365,10.77,,180.0,90.0,,,timing,2011.0,15/05/24,21 07 58,-05 17 41,,,,,,,"Controversial, Planets in binary systems, P-type"
HU Aqr (AB) d,1,80.0,,,12.887,0.0158,311.94,,0.0,90.0,,,timing,2014.0,15/05/24,21 07 58,-05 17 41,,,,,,,"Controversial, Planets in binary systems, P-type"
K2-193 b,0,,0.3577,14.78721,,,,,,89.19,,,transit,2018.0,18/07/24,13 40 56.8930,-11 00 33.4869,369.8,0.994,0.957,0.21,,,Confirmed planets
beta Cancri b,0,7.8,,605.2,1.7,0.08,58.9,,,,,,RV,2014.0,15/11/26,08 16 30.92101,+09 11 07.9579,93.0,1.7,47.2,-0.29,4092.1,1.85,Confirmed planets
55 Cancri b,2,0.8036,,14.6516,0.1134,0.0,-21.5,,,,,,RV,1996.0,18/09/18,08 52 35.8113282132,+28 19 50.956901366,12.5901,0.905,0.943,0.35,5172.0,,"Confirmed planets, Planets in binary systems, S-type"
55 Cancri c,2,0.1611,,44.3989,0.2373,0.03,2.4,,,,,,RV,2002.0,18/09/18,08 52 35.8113282132,+28 19 50.956901366,12.5901,0.905,0.943,0.35,5172.0,,"Confirmed planets, Planets in binary systems, S-type"
55 Cancri d,2,3.12,,5574.2,5.957,0.13,-69.1,,,,,,RV,2002.0,18/09/18,08 52 35.8113282132,+28 19 50.956901366,12.5901,0.905,0.943,0.35,5172.0,,"Confirmed planets, Planets in binary systems, S-type"
55 Cancri e,2,0.0251,0.16728,0.7365474,0.01544,0.05,86.0,,,83.59,,,transit,2004.0,18/09/18,08 52 35.8113282132,+28 19 50.956901366,12.5901,0.905,0.943,0.35,5172.0,,"Confirmed planets, Planets in binary systems, S-type"
55 Cancri f,2,0.1503,,259.88,0.7708,0.08,-97.6,,,,,,RV,2007.0,18/09/18,08 52 35.8113282132,+28 19 50.956901366,12.5901,0.905,0.943,0.35,5172.0,,"Confirmed planets, Planets in binary systems, S-type"
Kepler-1945 b,0,0.00695,0.115,6.08003998,0.0597,0.0,,,,89.58,808.0,,transit,2021.0,22/02/01,18 47 36,+42 17 09,,0.77,0.8,0.04,4991.0,,Confirmed planets
WASP-93 b,0,1.47,1.597,2.7325321,0.04211,,,,,81.18,,,transit,2016.0,16/08/07,00 37 50.1100,+51 17 19.5590,250.0,1.3,1.06,0.07,6700.0,,Confirmed planets
K2-270 b,0,,0.123,1.543069,0.0247,,,,,,1203.0,,transit,2018.0,18/10/26,08 45 03.9866,+13 32 59.3889,283.53,0.85,0.77,0.26,4877.0,,Confirmed planets
K2-270 c,0,,0.263,4.400028,0.0497,,,,,,848.0,,transit,2018.0,18/10/26,08 45 03.9866,+13 32 59.3889,283.53,0.85,0.77,0.26,4877.0,,Confirmed planets
HD 100546 b,0,17.5,6.0,,53.0,,,,,,1028.0,0.0055,imaging,2013.0,14/12/26,11 33 25.4404,-70 11 41.2393,97.0,2.4,,,10500.0,0.005,Confirmed planets
HD 100546 c,0,,,,13.5,,,,,,,,,,,11 33 25.4404,-70 11 41.2393,97.0,2.4,,,10500.0,0.005,Controversial
HD 96063 b,0,0.9,,361.1,0.99,,,,,,481.5,,RV,2011.0,12/07/24,11 04 44.4546,-02 30 47.5855,158.0,1.02,4.5,-0.3,5148.0,,Confirmed planets
HIP 11952 b,0,2.93,,290.0,0.81,0.27,,,,,372.6,,RV,2012.0,13/02/14,02 34 11.0485,-12 23 03.4454,111.0,0.83,1.6,-1.9,6040.0,,Controversial
HIP 11952 c,0,0.78,,6.95,0.07,0.35,,,,,1263.2,,RV,2012.0,13/02/14,02 34 11.0485,-12 23 03.4454,111.0,0.83,1.6,-1.9,6040.0,,Controversial
Kepler-1788 b,0,0.0197,0.212,2.80012012,0.0343,0.0,,,,86.54,956.0,,transit,2021.0,22/09/15,19 24 54,+45 46 41,560.445,0.69,0.7,-0.2,4786.0,,Confirmed planets
HATS-26 b,0,0.65,1.75,3.3023881,0.04735,0.122,,,,86.2,,,transit,2016.0,16/07/28,09 39 42.4488,-28 35 08.0980,907.0,1.299,2.04,-0.02,6071.0,4.04,Confirmed planets
Kepler-139 b,0,,0.26792,15.771044,,,,,,,,,transit,2014.0,14/02/26,18 49 34.0590,+43 53 21.6475,476.47,1.084,1.3,,5594.0,,Confirmed planets
Kepler-139 c,0,,0.30802,157.072878,,,,,,,,,transit,2014.0,14/02/26,18 49 34.0590,+43 53 21.6475,476.47,1.084,1.3,,5594.0,,Confirmed planets
WASP-83 b,0,0.3,1.04,4.971252,0.059,,,,,88.9,1120.0,,transit,2014.0,14/10/24,12 40 36.4947,-19 17 03.4703,300.0,1.11,1.05,0.29,5480.0,5.0,Confirmed planets
Kepler-403 b,0,,0.11391,7.031462,,,,,,,,,transit,2014.0,14/02/26,19 19 41.1510,+46 44 40.4896,605.63,,1.329,,6090.0,,Confirmed planets
Kepler-403 c,0,,0.15948,54.280749,,,,,,,,,transit,2014.0,14/02/26,19 19 41.1510,+46 44 40.4896,605.63,,1.329,,6090.0,,Confirmed planets
Kepler-403 d,0,,0.127,13.61159129,,,,,,,,,transit,2016.0,16/05/10,19 19 41.1510,+46 44 40.4896,605.63,,1.329,,6090.0,,Confirmed planets
Kepler-1169 b,0,,0.084,6.11009134,,,,,,,,,transit,2016.0,16/05/10,19 39 38.7763,+46 29 29.2445,530.786,1.24,1.23,0.26,6191.0,,Confirmed planets
HD 87883 b,0,1.78,,2754.0,3.6,0.53,,,,8.5,,,RV,2009.0,15/10/07,10 08 43.1409,+34 14 32.1487,18.1,0.82,0.76,0.093,4980.0,,Confirmed planets
WASP-156 b,0,0.128,0.51,3.836169,0.0453,0.007,,,,89.1,970.0,,transit,2017.0,17/10/26,02 11 07.6236,+02 25 04.8765,140.0,0.84,0.76,0.24,4910.0,,Confirmed planets
TOI-2803 A b,0,0.975,1.616,1.96229325,0.03185,0.0,,,,89.0,1893.0,,transit,2023.0,23/10/15,06 12 28,-23 29 33,494.818,1.12,1.25,-0.105,6280.0,,Confirmed planets
WASP-111 b,0,1.83,1.442,2.310965,0.03914,,,,,81.61,2140.0,,transit,2014.0,14/10/14,21 55 04.2428,-22 36 45.2925,210.0,1.5,1.85,0.08,6400.0,2.6,Confirmed planets
HIP 55507 b,0,8.25957,1.12,5138.43726957,5.055931,0.36161,65.571,,,135.022,,,RV,2022.0,22/09/27,11 22 05,+46 54 28,25.4893,0.65,0.72,,4171.0,,Confirmed planets
Kepler-866 b,0,,0.145,2.61703254,,,,,,,,,transit,2016.0,16/05/10,19 20 29.3544,+43 05 07.9404,658.501,0.75,0.71,-0.07,4751.0,,Confirmed planets
Kepler-1663 b,0,,0.295,17.6046,,,,,,,,,transit,2020.0,20/09/03,19 21 36,+48 49 21,341.22,,0.71,,3793.47,,Confirmed planets
Kepler-1381 b,0,,0.201,25.3842686,,,,,,,,,transit,2016.0,16/05/10,19 10 08.5893,+48 43 40.0370,1239.46,0.96,0.94,-0.1,5747.0,,Confirmed planets
KIC 10525077 b,0,,0.491,854.083,,,,,,89.861,,,transit,2015.0,16/01/09,19 09 30.7413,+47 46 16.1536,1525.32,1.01,1.01,-0.04,6091.0,,Confirmed planets
KOI-5800.01,0,,0.1213,11.0068817,,,,,,89.95,,,transit,2015.0,16/01/09,19 09 30.7413,+47 46 16.1536,1525.32,1.01,1.01,-0.04,6091.0,,Controversial
Kepler-1074 b,0,,0.112,5.94566534,,,,,,,,,transit,2016.0,16/05/10,18 57 54.3767,+46 15 09.2769,252.64,0.6,0.57,-0.06,4002.0,,Confirmed planets
Kepler-685 b,0,,0.944,1.6255222,,,,,,,,,transit,2016.0,16/05/10,19 35 29.2598,+38 25 22.6094,963.391,1.11,1.16,0.15,5963.0,,Confirmed planets
Kepler-124 c,0,,0.15948,13.821375,,,,,,,,,transit,2014.0,14/02/26,19 07 00.6694,+49 03 53.5779,358.8,0.841,0.636,,4984.0,,Confirmed planets
Kepler-124 d,0,,0.10115,30.950851,,,,,,,,,transit,2014.0,14/02/26,19 07 00.6694,+49 03 53.5779,358.8,0.841,0.636,,4984.0,,Confirmed planets
Kepler-124 b,0,,0.06653,3.410493,,,,,,,,,transit,2014.0,14/02/26,19 07 00.6694,+49 03 53.5779,358.8,0.841,0.636,,4984.0,,Confirmed planets
WASP-187 b,0,0.8,1.64,5.147878,0.0653,0.0,0.0,,,,,,transit,2020.0,20/12/17,01 09 53.9653,+25 40 54.1037,375.52,1.54,2.83,0.0,6150.0,,Confirmed planets
Kepler-1675 b,0,,0.279,63.0382,,,,,,,,,transit,2020.0,20/09/03,18 55 14,+41 02 28,663.58,,1.13,,5747.0,,Confirmed planets
OGLE-2016-BLG-1195L b,0,0.0045,,,,,,,,,,,microlensing,2017.0,18/09/18,17 55 23.50,-30 12 26.1,3910.0,0.078,,,,,Confirmed planets
TOI-640 b,0,0.88,1.771,5.0037775,0.06608,0.05,159.0,,,82.54,1749.0,,transit,2021.0,21/01/07,06 38 56.00,-36 38 46.00,341.9,1.536,2.082,0.174,6460.0,,Confirmed planets
Proxima Centauri b,2,0.003691,,11.18427,0.04857,,,110.0,,,234.0,,RV,2016.0,16/08/22,14 39 36.204,-60 50 08.23,1.295,0.12,0.141,,2900.0,,"Confirmed planets, Planets in binary systems, S-type"
Proxima Centauri c,2,0.022024,,1929.0,,,,,,133.0,,,RV,2019.0,20/08/29,14 39 36.204,-60 50 08.23,1.295,0.12,0.141,,2900.0,,"Confirmed planets, Planets in binary systems, S-type"
Proxima Centauri d,2,0.000818,,5.122,0.02885,0.04,,,,,,,RV,2022.0,22/02/10,14 39 36.204,-60 50 08.23,1.295,0.12,0.141,,2900.0,,"Confirmed planets, Planets in binary systems, S-type"
Alpha Centauri B b,2,0.00356,,3.2357,0.04,0.0,,,,,,,RV,2012.0,20/08/29,14 39 36.204,-60 50 08.23,1.295,0.907,0.865,0.23,5260.0,,"Retracted planet candidate, Planets in binary systems, S-type"
Alpha Centauri B c,2,,0.08384,,,,,,,,,,transit,2015.0,15/11/17,14 39 36.204,-60 50 08.23,1.295,0.907,0.865,0.23,5260.0,,"Controversial, Planets in binary systems, S-type"
Kepler-780 b,0,,0.079,0.67737516,,,,,,,,,transit,2016.0,16/05/10,18 47 03.9352,+44 17 33.1070,,1.01,1.02,0.05,5769.0,,Confirmed planets
Kepler-1591 b,0,,0.113,8.18504949,,,,,,,,,transit,2016.0,16/05/10,19 46 03.9995,+44 36 31.0175,1478.63,1.1,1.16,0.01,6082.0,,Confirmed planets
mu2 Sco b,0,14.4,,,242.4,0.56,,,,96.6,,,imaging,2022.0,22/05/06,16 52 20.00,-38 01 03.00,169.5,9.1,5.6,,21700.0,,Confirmed planets
Kepler-1346 b,0,,0.141,3.40165668,,,,,,,,,transit,2016.0,16/05/10,19 27 21.9139,+45 10 45.0245,864.603,1.14,1.21,0.04,6133.0,,Confirmed planets
Kepler-1177 b,0,,0.17,106.247547,,,,,,,,,transit,2016.0,16/05/10,19 06 41.1521,+49 24 22.6978,1350.44,0.98,0.97,0.02,5712.0,,Confirmed planets
TOI-3023 b,0,0.62,1.466,3.9014971,0.0505,0.0,,,,88.9,1596.0,,transit,2023.0,23/10/15,11 01 16,-72 21 24,389.916,1.12,1.67,0.085,5760.0,,Confirmed planets
Kepler-483 b,0,,0.286,30.229104,,,,,,,,,transit,2016.0,16/05/10,19 26 35.2170,+41 53 04.7829,882.223,1.28,1.47,0.09,6346.0,,Confirmed planets
TOI-530 b,0,0.4,0.83,6.387597,0.052,0.0,,,,89.1,565.0,,transit,2021.0,21/10/11,06 53 39.00,+12 52 54.00,147.7,0.53,0.54,0.376,3659.0,,Confirmed planets
Kepler-1241 b,0,,0.235,18.5525701,,,,,,,,,transit,2016.0,16/05/10,19 38 18.2967,+38 27 25.1875,995.223,0.84,0.8,-0.09,5261.0,,Confirmed planets
Kepler-66 b,0,,0.2498,17.815815,0.1352,,,,,,,,transit,2013.0,18/03/23,19 35 55.5742,+46 41 15.9568,1107.0,1.038,0.966,0.012,5962.0,1.0,"Confirmed planets, Planets in open clusters"
HD 159868 b,0,2.1,,1178.4,2.25,0.01,,,,,224.9,,RV,2007.0,12/05/15,17 39 00,-43 08 43.8443,52.7,1.09,,,5395.0,,Confirmed planets
HD 159868 c,0,0.73,,352.3,1.0,0.15,,,,,336.8,,RV,2012.0,12/05/15,17 39 00,-43 08 43.8443,52.7,1.09,,,5395.0,,Confirmed planets
Kepler-216 c,0,,0.27704,17.406669,,,,,,,,,transit,2014.0,14/02/26,19 34 54.7440,+46 07 44.9025,994.93,1.129,1.26,,6091.0,,Confirmed planets
Kepler-216 b,0,,0.21416,7.693641,,,,,,,,,transit,2014.0,14/02/26,19 34 54.7440,+46 07 44.9025,994.93,1.129,1.26,,6091.0,,Confirmed planets
Kepler-21 b,2,,0.1456,2.785755,0.042509,,,,,82.59,,,transit,2011.0,16/01/22,19 09 26.83535,+38 42 50.4593,112.9,1.34,1.86,-0.15,6131.0,,"Confirmed planets, Planets in binary systems, S-type"
TOI-2260 b,0,0.011,0.1445,0.3524728,0.0097,,,,,,2609.0,,transit,2022.0,22/01/30,16 30 40.00,+49 02 47.00,101.3,0.99,0.94,,5534.0,,Confirmed planets
Kepler-390 b,0,,0.07473,6.738088,,,,,,,,,transit,2014.0,14/02/26,19 26 30.9049,+41 12 31.0022,429.55,0.844,0.776,,5166.0,,Confirmed planets
Kepler-390 c,0,,0.07199,13.060022,,,,,,,,,transit,2014.0,14/02/26,19 26 30.9049,+41 12 31.0022,429.55,0.844,0.776,,5166.0,,Confirmed planets
LHS 3844 b,0,,0.116,0.46292913,0.00622,,,,,88.5,805.0,,transit,2019.0,19/01/24,22 41 58.1173,-69 10 08.3209,14.9,0.15,0.19,,3036.0,,Confirmed planets
Kepler-113 c,0,,0.198664,8.92507,,,,,,,,,transit,2014.0,14/02/24,19 11 59.4989,+50 56 39.6675,255.9,0.75,0.69,0.05,4725.0,6.89,Confirmed planets
Kepler-113 b,0,0.036805,0.165857,4.754,,,,,,,,,transit,2014.0,14/02/24,19 11 59.4989,+50 56 39.6675,255.9,0.75,0.69,0.05,4725.0,6.89,Confirmed planets
Kepler-450 b,2,,0.548,28.454851,0.201,0.02,,,,,,,transit,2015.0,15/05/11,19 41 56.76,+51 00 48.6,,1.346,1.57,,,,"Confirmed planets, Planets in binary systems, S-type"
Kepler-450 c,2,,0.234,15.413135,0.134,0.02,,,,,,,transit,2015.0,15/05/11,19 41 56.76,+51 00 48.6,,1.346,1.57,,,,"Confirmed planets, Planets in binary systems, S-type"
Kepler-450 d,2,,0.0747,7.51464,0.083,0.14,,,,,,,transit,2015.0,15/05/11,19 41 56.76,+51 00 48.6,,1.346,1.57,,,,"Confirmed planets, Planets in binary systems, S-type"
HD 122562 b,0,24.0,,2777.0,4.1,0.71,-53.9,,,,,,RV,2016.0,17/12/09,14 02 21.1635,+20 52 52.7441,53.02,1.13,,0.31,4958.0,,Confirmed planets
TOI-1272 b,0,0.0774,0.3693,3.31599,0.0412,0.338,123.6,,,,961.0,,transit,2022.0,22/06/30,13 16 47.18,+49 51 39.74,,,,,,,Confirmed planets
TOI-1272 c,0,0.084,,8.689,0.0783,280.0,,,,,697.0,,RV,2022.0,22/06/30,13 16 47.18,+49 51 39.74,,,,,,,Confirmed planets
Kepler-751 b,0,,0.219,17.44490636,,,,,,,,,transit,2016.0,16/05/10,19 39 22.5165,+44 04 39.7114,777.182,0.87,0.84,-0.06,5387.0,,Confirmed planets
HD 135872 b,0,5.489,1.14,2422.32597,4.172,0.164,174.268,,,93.872,,,RV,2022.0,23/10/15,15 17 41,-05 12 09,82.4251,1.65,3.93,0.09,4992.0,,Confirmed planets
HIP 67851 b,0,1.38,,88.9,0.46,0.05,300.0,,,,,,RV,2014.0,15/05/25,13 53 52.06197,-35 18 51.7033,66.0,1.3,5.87,-0.03,4805.0,,Confirmed planets
HIP 67851 c,0,5.98,,2131.8,3.82,0.17,205.0,,,,,,RV,2014.0,15/05/25,13 53 52.06197,-35 18 51.7033,66.0,1.3,5.87,-0.03,4805.0,,Confirmed planets
WASP-55 b,0,0.57,1.3,4.465633,0.0533,0.0,,,,89.2,1160.1,,transit,2011.0,12/04/24,13 35 01.9537,-17 30 12.5263,330.0,1.01,1.06,-0.2,5900.0,,Confirmed planets
Qatar-4 b,0,5.85,1.552,1.8053949,0.02861,,,,,88.82,,,transit,2016.0,16/09/18,00 19 26.23,+44 01 39.5,332.2,0.954,1.115,0.166,5219.0,12.9,Confirmed planets
K2-260 b,0,1.42,1.552,2.6266657,0.0404,0.0,90.0,,,88.67,1957.0,,transit,2018.0,18/08/16,05 07 28.1588,+16 52 03.7950,676.32,1.39,1.69,-0.14,6367.0,,Confirmed planets
SR 12 C,1,13.0,,,,,,,,,,,imaging,2011.0,11/03/08,16 27 20,-24 41 40,125.0,,,,,,"Confirmed planets, Planets in binary systems, P-type"
Kepler-973 b,0,,0.175,49.6077331,,,,,,,,,transit,2016.0,16/05/10,19 20 39.6681,+49 55 25.9596,331.576,0.86,0.78,-0.06,5213.0,,Confirmed planets
HD 93385 b,0,0.0263,,13.186,0.1116,0.15,,,,,851.8,,RV,2011.0,11/09/12,10 46 15.1160,-41 27 51.7261,42.2,,,,5940.0,,Confirmed planets
HD 93385 c,0,0.0318,,46.025,0.257,0.24,,,,,560.1,,RV,2011.0,11/09/12,10 46 15.1160,-41 27 51.7261,42.2,,,,5940.0,,Confirmed planets
HD 156668 c,0,0.0991,0.55,811.3,1.57,0.089,-10.8862,,,,,,RV,2021.0,21/06/17,17 17 40,+29 13 41,24.3323,0.79,0.77,0.049,4903.69,,Confirmed planets
HD 156668 b,0,0.013,0.167,4.6455,0.05,0.0,,,,,,,RV,2010.0,21/06/17,17 17 40,+29 13 41,24.3323,0.79,0.77,0.049,4903.69,,Confirmed planets
Kepler-1533 b,0,,0.309,308.5471,,,,,,,,,transit,2016.0,16/05/10,19 43 54.1392,+44 42 48.3755,994.233,1.31,1.51,0.03,6431.0,,Confirmed planets
HD 114729 A b,2,0.84,,1135.0,2.08,0.32,,,,,,,RV,2002.0,12/12/08,13 12 44,-31 52 24,35.0,0.93,1.46,-0.22,,6.0,"Confirmed planets, Planets in binary systems, S-type"
Kepler-610 b,0,,0.374,6.99692655,,,,,,,,,transit,2016.0,16/05/10,19 32 41.1264,+45 03 56.1965,866.701,1.1,1.13,0.12,5943.0,,Confirmed planets
Kepler-610 c,0,,0.294,151.86392,,,,,,,,,transit,2016.0,16/05/10,19 32 41.1264,+45 03 56.1965,866.701,1.1,1.13,0.12,5943.0,,Confirmed planets
HATS-9 b,0,0.837,1.065,1.9153073,0.03048,,,,,86.5,1823.0,,transit,2015.0,15/02/28,19 23 14.4314,-20 09 58.8491,622.0,1.03,1.503,0.34,5366.0,10.8,Confirmed planets
WASP-151 b,0,0.31,1.13,4.533471,0.055,0.003,-50.0,,,89.2,1290.0,,transit,2017.0,17/10/26,23 16 15.2317,+00 18 24.2459,458.91,1.08,1.14,0.1,5871.0,,Confirmed planets
XO-6 b,0,1.9,2.07,3.7650007,0.0815,0.0,,339.3,,86.0,,,transit,2016.0,16/12/09,06 19 10.3709,+73 49 39.5919,86.0,1.47,1.93,-0.07,6720.0,1.88,Confirmed planets
Kepler-1562 b,0,,0.317,64.2737752,,,,,,,,,transit,2016.0,16/05/10,19 37 49.3649,+46 44 36.9145,,1.02,1.05,0.11,5760.0,,Confirmed planets
Kepler-81 b,0,,0.22874,5.95488,,,,,,,,,transit,2014.0,14/02/26,19 34 32.8684,+42 49 29.7611,410.38,0.648,0.595,,4500.0,,Confirmed planets
Kepler-81 c,0,,0.18317,12.039956,,,,,,,,,transit,2014.0,14/02/26,19 34 32.8684,+42 49 29.7611,410.38,0.648,0.595,,4500.0,,Confirmed planets
Kepler-81 d,0,,0.11027,20.837846,,,,,,,,,transit,2014.0,14/02/26,19 34 32.8684,+42 49 29.7611,410.38,0.648,0.595,,4500.0,,Confirmed planets
AB Aur b,0,9.0,,,93.9,0.4,,,,42.6,,,imaging,2008.0,22/04/04,04 55 46.00,+30 33 04.00,144.0,2.4,,,,,Confirmed planets
Ross 508 b,0,0.01249,,10.77,0.053,0.35,330.0,,,,,,RV,2022.0,22/05/26,15 23 51.00,+17 27 57.00,11.2183,0.177,0.211,-0.2,3071.0,,Confirmed planets
TOI-2337 b,0,1.0,0.9,2.99432,,0.019,300.0,,,,,,transit,2022.0,22/01/15,19 22 29.00,+60 51 14.00,,1.325,3.22,0.39,4780.0,,Confirmed planets
K2-272 b,0,,0.26,14.453533,0.1081,,,,,,655.0,,transit,2018.0,18/10/26,08 50 29.0688,+17 32 32.7831,426.57,0.81,0.81,-0.28,5419.0,,Confirmed planets
HD 63765 b,0,0.64,,358.0,0.949,0.24,,,,,222.6,,RV,2009.0,11/07/05,07 47 49.7202,-54 15 50.9193,32.6,0.865,,-0.16,5432.0,,Confirmed planets
WASP-190 b,0,1.0,1.15,5.367753,0.0663,0.0,,,,87.1,1500.0,,transit,2019.0,19/03/05,00 30 50.2350,-40 34 24.3191,550.76,1.35,1.6,-0.02,6400.0,,Confirmed planets
K2-169 b,0,,0.1133,6.3808,,,,,,87.8,,,transit,2018.0,18/07/24,22 28 10.6223,-14 35 57.7998,339.9,0.986,0.919,0.26,,,Confirmed planets
HD 12648 b,0,2.9,,133.6,0.54,0.04,,,,,,,RV,2015.0,15/09/30,02 18 59.6716,+85 44 10.1731,158.4,1.2,9.2,-0.57,4835.8,,Confirmed planets
Kepler-864 b,0,,0.214,5.83376092,,,,,,,,,transit,2016.0,16/05/10,19 00 13.7004,+46 19 14.3163,,1.0,1.0,0.04,5754.0,,Confirmed planets
HD 133131 A b,2,1.43,,649.0,1.44,0.32,,,,,,,RV,2016.0,16/08/24,15 03 35.44,-27 50 33.18,47.0,0.95,,-0.306,5799.0,9.7,"Confirmed planets, Planets in binary systems, S-type"
HD 133131 A c,2,0.48,,3407.0,4.36,0.47,,,,,,,RV,2016.0,16/08/24,15 03 35.44,-27 50 33.18,47.0,0.95,,-0.306,5799.0,9.7,"Confirmed planets, Planets in binary systems, S-type"
HD 133131 B b,2,2.5,,6119.0,,0.62,,,,,,,RV,2016.0,16/08/24,15 03 35.44,-27 50 33.18,47.0,0.93,,-0.281,5805.0,9.7,"Confirmed planets, Planets in binary systems, S-type"
14 Her b,0,4.975,,1766.0,2.864,0.359,22.23,,,,,,RV,2002.0,15/09/21,16 10 24.3152,+43 49 03.4987,18.1,1.0,0.708,0.43,5311.0,,Confirmed planets
14 Her c,0,7.679,,9886.0,9.037,0.184,189.076,,,,,,RV,2006.0,15/09/21,16 10 24.3152,+43 49 03.4987,18.1,1.0,0.708,0.43,5311.0,,Controversial
K2-391 b,0,0.00772,0.122,4.622654,,,,,,,,,transit,2022.0,22/03/01,23 44 54,-07 42 05,507.94,0.76,0.57,-0.543,5543.0,,Confirmed planets
HIP 97233 b,0,20.0,,1058.8,2.55,0.61,249.3,,,,,,RV,2014.0,15/01/06,19 45 41.2747,-00 41 47.9249,106.0,1.93,5.34,0.29,5020.0,,Confirmed planets
CoRoT-12 b,0,0.917,1.44,2.828042,0.04016,0.07,,,,85.48,1318.7,,transit,2010.0,10/06/14,06 43 03.7631,-01 17 47.1435,1150.0,1.078,1.116,0.16,5675.0,,Confirmed planets
Kepler-60 b,0,0.0129,0.196,7.132,0.07497,0.0108,175.56,,,,,,transit,2012.0,15/11/16,19 15 50.6983,+42 15 54.0505,664.24,1.105,1.5,,5915.0,,Confirmed planets
Kepler-60 c,0,0.0151,0.212,8.9177,0.08701,0.0291,14.61,,,,,,transit,2012.0,15/11/16,19 15 50.6983,+42 15 54.0505,664.24,1.105,1.5,,5915.0,,Confirmed planets
Kepler-60 d,0,0.012,0.232382,11.903,0.10548,0.0151,148.19,,,,,,transit,2012.0,15/11/16,19 15 50.6983,+42 15 54.0505,664.24,1.105,1.5,,5915.0,,Confirmed planets
HD 219828 b,0,0.06607,,3.834887,0.045,0.059,225.0,,,,,,RV,2007.0,17/11/27,23 18 46.7340,+18 38 44.6151,71.4,1.23,1.7,0.19,5891.0,,Confirmed planets
HD 219828 c,0,15.1,,4791.0,5.96,0.8115,145.77,,,,,,RV,2016.0,17/11/27,23 18 46.7340,+18 38 44.6151,71.4,1.23,1.7,0.19,5891.0,,Confirmed planets
Kepler-112 b,0,,0.21507,8.408878,,,,,,,,,transit,2014.0,14/02/26,19 47 55.4405,+43 12 35.1263,495.55,0.946,0.841,,5544.0,,Confirmed planets
Kepler-112 c,0,,0.21871,28.574263,,,,,,,,,transit,2014.0,14/02/26,19 47 55.4405,+43 12 35.1263,495.55,0.946,0.841,,5544.0,,Confirmed planets
K2-293 b,0,,0.219,13.1225,,,,,,88.8,750.0,,transit,2019.0,19/04/04,23 26 25.5257,-06 01 40.3188,396.64,0.96,0.95,0.218,5532.0,,Confirmed planets
HD 220074 b,0,11.1,,672.1,1.6,0.14,,,,,965.5,,RV,2012.0,12/11/12,23 20 14.3786,+61 58 12.4646,290.2,1.2,49.7,-0.25,5080.0,,Confirmed planets
TOI-163 b,0,1.22,1.489,4.231306,0.058,0.0,,,,87.24,1669.0,,transit,2019.0,19/11/07,05 19 04,-71 53 44,416.5,1.44,1.65,0.22,6495.0,,Confirmed planets
Kepler-1451 b,0,,0.299,35.622233,,,,,,,,,transit,2016.0,16/05/10,19 33 47.1426,+40 24 35.6649,1091.11,1.0,0.99,0.01,5782.0,,Confirmed planets
KMT-2018-BLG-2718 b,0,16.0,,,4.86,,,,,,,,microlensing,2022.0,22/04/12,17 52 56.00,-30 13 06.00,4490.0,0.82,,,,,Confirmed planets
Kepler-297 b,0,,0.26154,38.871826,,,,,,,,,transit,2014.0,14/02/26,18 52 50.1951,+48 46 39.4351,684.83,1.04,1.04,-0.12,6150.0,,Confirmed planets
Kepler-297 c,0,0.13,0.66,74.920137,,,,,,,,,transit,2014.0,15/12/03,18 52 50.1951,+48 46 39.4351,684.83,1.04,1.04,-0.12,6150.0,,Confirmed planets
Kepler-1269 b,0,,0.145,37.3331536,,,,,,,,,transit,2016.0,16/05/10,19 11 13.3365,+45 20 26.0043,1133.02,1.1,1.15,0.07,5998.0,,Confirmed planets
Kepler-855 b,0,,0.745,7.8866311,,,,,,,,,transit,2016.0,16/05/10,19 40 22.7956,+43 32 15.2532,1573.07,1.03,1.03,0.06,5835.0,,Confirmed planets
Kepler-1075 b,0,,0.127,1.52372816,,,,,,,,,transit,2016.0,16/05/10,19 10 00.2783,+47 28 09.2346,293.617,0.56,0.54,-0.17,3959.0,,Confirmed planets
Kepler-682 b,0,,0.658,12.61190667,,,,,,,,,transit,2016.0,16/05/10,19 16 26.9408,+51 44 14.6185,,0.92,0.89,-0.05,5559.0,,Confirmed planets
HIP 8541 b,0,5.59,,1560.0,2.8,0.16,294.0,,,,,,RV,2016.0,16/03/17,01 50 06.3306,-54 32 06,169.0,1.17,7.83,-0.15,4670.0,,Confirmed planets
K2-111 b,0,0.01664,0.162,5.3518,0.057,0.13,-69.3,,,86.43,,,transit,2017.0,20/12/17,03 59 33.5382,+21 17 55.2437,201.7,0.84,1.25,-0.46,5775.0,,Confirmed planets
K2-111 c,0,0.03555,,15.6785,0.1166,0.07,-79.6,,,,,,RV,2020.0,20/12/17,03 59 33.5382,+21 17 55.2437,201.7,0.84,1.25,-0.46,5775.0,,Confirmed planets
Kepler-1313 b,0,,0.157,3.83309118,,,,,,,,,transit,2016.0,16/05/10,19 29 33.2571,+42 13 59.7358,175.113,0.92,0.85,0.0,5453.0,,Confirmed planets
HD 187123 b,0,0.5074,,3.0965886,0.04213,0.0093,360.0,,,,,,RV,1998.0,17/12/10,19 46 58.11299,+34 25 10.2810,48.3,1.037,1.143,0.121,5815.0,,Confirmed planets
HD 187123 c,0,1.8,,3380.0,4.46,0.295,260.4,,,,,,RV,2007.0,17/12/10,19 46 58.11299,+34 25 10.2810,48.3,1.037,1.143,0.121,5815.0,,Confirmed planets
K2-324 b,0,,0.217,3.262,0.0331,,,,,88.33,707.0,,transit,2020.0,20/09/03,10 30 29,+06 51 49,137.18,0.52,0.51,,3752.0,,Confirmed planets
TOI-1296 b,0,0.298,1.231,3.9443715,0.0497,0.055,137.0,,,,1562.0,,transit,2021.0,21/07/15,17 07 05.00,+70 14 19.00,313.7,1.17,1.664,0.44,5603.0,,Confirmed planets
TOI-169 b,0,0.791,1.086,2.2554477,0.03524,0.0,,,,80.98,1715.0,,transit,2020.0,20/07/23,01 07 07,-75 11 56,412.5,1.15,1.29,0.24,5880.0,,Confirmed planets
Kepler-1012 b,0,,0.115,5.50860439,,,,,,,,,transit,2016.0,16/05/10,19 17 11.0972,+46 27 28.6949,416.008,0.95,0.91,0.05,5556.0,,Confirmed planets
Kepler-761 b,0,,0.181,10.12804789,,,,,,,,,transit,2016.0,16/05/10,19 22 00.8585,+44 08 36.9206,850.991,0.95,0.93,-0.09,5706.0,,Confirmed planets
HD 11112 b,0,7.64087,1.13,17244.90764393,13.503729,0.285438,289.0631,,,144.876,,,RV,2022.0,22/09/27,01 48 21,-41 29 40,44.3804,1.07,1.47,0.187,5905.64,,Confirmed planets
Kepler-1347 b,0,,0.092,14.00947528,,,,,,,,,transit,2016.0,16/05/10,19 58 38.3052,+40 50 37.8690,,0.82,0.79,-0.11,5193.0,,Confirmed planets
Kepler-304 b,0,,0.26063,3.295709,,,,,,,,,transit,2014.0,14/02/26,19 37 46.0343,+40 33 27.1990,482.29,0.687,0.687,,4731.0,,Confirmed planets
Kepler-304 d,0,,0.25061,9.653471,,,,,,,,,transit,2014.0,14/02/26,19 37 46.0343,+40 33 27.1990,482.29,0.687,0.687,,4731.0,,Confirmed planets
Kepler-304 c,0,,0.19775,5.315946,,,,,,,,,transit,2014.0,14/02/26,19 37 46.0343,+40 33 27.1990,482.29,0.687,0.687,,4731.0,,Confirmed planets
Kepler-304 e,0,,0.107,1.49914695,,,,,,,,,transit,2016.0,16/05/10,19 37 46.0343,+40 33 27.1990,482.29,0.687,0.687,,4731.0,,Confirmed planets
Kepler-1479 b,0,,0.163,14.53261362,,,,,,,,,transit,2016.0,16/05/10,19 02 50.8629,+49 42 23.9949,744.269,0.99,0.98,-0.02,5796.0,,Confirmed planets
Kepler-246 b,0,,0.21324,4.60182,,,,,,,,,transit,2014.0,14/02/26,19 45 56.0187,+42 39 48.3205,768.87,0.759,0.831,,5206.0,,Confirmed planets
Kepler-246 c,0,,0.1367,11.187161,,,,,,,,,transit,2014.0,14/02/26,19 45 56.0187,+42 39 48.3205,768.87,0.759,0.831,,5206.0,,Confirmed planets
HD 4113 b,2,1.602,,526.686,1.298,0.8999,-48.45,,,,,,RV,2007.0,17/12/15,00 43 12.5958,-37 58 57.473,41.7,1.05,,0.2,5688.0,5.0,"Confirmed planets, Planets in binary systems, S-type"
HD 75898 b,0,2.51,,418.2,1.19,0.1,,,,,307.6,,RV,2007.0,09/10/06,08 53 50.8052,+33 03 24.5230,80.58,1.28,1.6,0.27,6021.0,,Confirmed planets
WASP-48 b,0,0.98,1.67,2.143634,0.03444,0.0,,,,80.09,2030.0,,transit,2011.0,11/04/15,19 24 38.9615,+55 28 23.3317,460.2,1.19,1.75,-0.12,5920.0,,Confirmed planets
EPIC 228754001 b,0,0.495,1.089,9.1708,0.0916,0.29,82.6,,,77.56,,,transit,2017.0,17/07/12,12 08 39.9335,-08 44 49.8466,620.42,1.19,4.11,-0.11,4878.0,5.5,Confirmed planets
Gliese 832 b,0,0.688908,,3660.0,3.6,0.08,246.0,40.0,,,,,RV,2008.0,14/06/24,21 33 33.9749,-49 00 32.4034,4.94,0.45,,-0.3,3472.0,,Confirmed planets
Gliese 832 c,0,0.015729,,35.67,0.162,0.03,80.0,246.0,,,,,RV,2014.0,14/06/24,21 33 33.9749,-49 00 32.4034,4.94,0.45,,-0.3,3472.0,,Confirmed planets
K2-122 b,0,,0.108,2.219282,0.0285,,,,,,814.0,,transit,2017.0,18/10/26,08 25 54.3164,+20 21 34.4484,72.19,0.62,0.6,0.06,4027.0,,Confirmed planets
Kepler-1831 b,0,0.0143,0.176,5.78387022,0.0655,0.0,,,,89.59,1051.0,,transit,2021.0,22/02/01,19 41 13,+49 35 21,1053.49,1.12,1.01,0.07,6063.0,,Confirmed planets
BD+15 2940 b,0,1.11,,137.48,0.539,0.26,302.0,,,,,,RV,2013.0,15/11/23,16 00 22.93827,+15 32 48.9291,508.0,1.1,14.7,0.28,4796.0,7.1,Confirmed planets
Kepler-1686 b,0,,0.127,9.30987,,,,,,,,,transit,2020.0,20/09/03,19 26 26,+42 02 09,745.49,,1.14,,5774.33,,Confirmed planets
HD 210702 b,0,1.9,,354.8,1.2,0.094,126.0,,,,,,RV,2007.0,15/11/02,22 11 51.33086,+16 02 25.9903,54.9,1.68,5.1,0.12,4967.0,,Confirmed planets
HD 180314 b,0,22.0,,396.03,1.4,0.257,,,,,553.4,,RV,2010.0,11/08/05,19 14 50.2087,+31 51 37.2594,132.0,2.6,9.2,0.2,4917.0,,Confirmed planets
Gliese 1214 b,0,0.02571,0.24463,1.580404497,0.01411,,,,,88.17,,,transit,2009.0,21/08/02,17 15 19.00,+04 57 50.00,13.0,0.15,0.216,0.39,3026.0,,Confirmed planets
K2-86 b,0,,0.1766,8.77586,,,,,,88.6,,,transit,2018.0,18/07/24,03 26 12.6713,+18 38 08.2019,245.5,0.757,0.722,-0.35,,,Confirmed planets
EPIC 201295312 b,0,,0.2453,5.65639,,0.12,,,,,,,transit,2015.0,16/03/07,11 36 02.7919,-02 31 15.1678,331.0,1.13,1.52,0.13,5830.0,,Confirmed planets
Kepler-1211 b,0,,0.227,11.01816836,,,,,,,,,transit,2016.0,16/05/10,19 02 52.9871,+40 51 25.0572,,0.96,0.94,-0.08,5705.0,,Confirmed planets
Gliese 176 b,0,0.0264,,8.7836,0.066,0.0,0.0,,,,,,RV,2007.0,16/02/03,04 42 55.77497,+18 57 29.4043,9.42,0.49,0.53,-0.1,3520.0,,Confirmed planets
WASP-161 b,0,2.49,1.143,5.4060425,0.0673,,,,,89.01,1557.0,,transit,2018.0,18/12/13,08 25 21.0836,-11 30 03.5510,346.46,1.39,1.71,0.16,6400.0,,Confirmed planets
Kepler-1667 b,0,,0.266,83.5781,,,,,,,,,transit,2020.0,20/09/03,18 54 08,+48 05 39,638.35,,1.06,,5951.0,,Confirmed planets
Kepler-712 b,0,,0.304,21.02247699,,,,,,,,,transit,2016.0,16/05/10,19 39 38.3294,+42 56 06.8693,893.336,0.84,0.78,-0.03,5148.0,,Confirmed planets
Kepler-712 c,0,,0.433,226.89047,,,,,,,,,transit,2016.0,16/05/10,19 39 38.3294,+42 56 06.8693,893.336,0.84,0.78,-0.03,5148.0,,Confirmed planets
Kepler-535 b,0,,0.211,4.90332155,,,,,,,,,transit,2016.0,16/05/10,19 46 15.9984,+49 41 46.4671,699.447,1.18,1.27,0.13,6123.0,,Confirmed planets
Kepler-1000 b,0,,0.425,120.0181272,,,,,,,,,transit,2016.0,16/05/10,19 06 44.5199,+47 05 53.5765,1152.7378,1.4,1.51,0.35,6453.0,,Confirmed planets
Kepler-1131 b,0,,0.142,3.53232449,,,,,,,,,transit,2016.0,16/05/10,19 42 36.3476,+49 15 40.6497,1061.91,1.03,1.04,0.05,5851.0,,Confirmed planets
MOA-2016-BLG-319L b,0,0.62,,,0.95,,,,,,,,microlensing,2018.0,18/11/29,17 54 58,-29 45 02,6800.0,0.15,,,,,Confirmed planets
Kepler-633 b,0,,0.145,8.50340718,,,,,,,,,transit,2016.0,16/05/10,19 40 52.1542,+40 35 31.9542,958.957,1.02,1.15,-0.05,5899.0,,Confirmed planets
Kepler-1221 b,0,,0.168,12.00096042,,,,,,,,,transit,2016.0,16/05/10,19 03 17.3722,+45 42 42.7640,,0.87,0.82,0.09,5194.0,,Confirmed planets
HD 176986 b,0,0.01806,,6.4898,0.06296,0.066,249.0,,,,,,RV,2017.0,17/12/21,19 03 05.8729,-11 02 38.1312,27.81,0.79,0.78,0.03,4931.0,,Confirmed planets
HD 176986 c,0,0.02888,,16.8191,0.11878,0.111,270.0,,,,,,RV,2017.0,17/12/21,19 03 05.8729,-11 02 38.1312,27.81,0.79,0.78,0.03,4931.0,,Confirmed planets
K2-161 b,0,,0.544,9.2832,,,,,,87.3,,,transit,2018.0,18/07/24,12 15 10.5241,-03 29 44.2346,735.9,0.987,2.57,-0.03,,,Confirmed planets
Kepler-567 b,0,,0.201,16.54297375,,,,,,,,,transit,2016.0,16/05/10,19 50 41.4191,+48 18 08.3224,567.891,0.84,0.79,0.0,5148.0,,Confirmed planets
Kepler-1250 b,0,,0.171,2.60754383,,,,,,,,,transit,2016.0,16/05/10,19 11 10.5248,+45 58 48.9096,,0.99,0.98,0.04,5717.0,,Confirmed planets
HATS-72 b,0,0.1254,0.722,7.3279474,0.066517,0.013,,,,89.56,739.0,,transit,2020.0,20/02/27,22 36 06.3189,-16 59 59.7882,127.66,0.73,0.72,0.099,4656.1,,Confirmed planets
HD 24064 b,0,9.4,,536.6,1.29,0.35,,,,,,,RV,2015.0,15/09/30,03 56 36.2965,+74 04 48.1238,264.4,1.0,38.0,-0.49,4052.5,,Confirmed planets
HATS-43 b,0,0.261,1.18,4.3888497,0.04944,0.173,330.0,,,89.24,,,transit,2017.0,17/07/26,05 22 09.1675,-30 01 45,341.0,0.837,0.812,0.05,5099.0,8.6,Confirmed planets
Kepler-1242 b,0,,0.202,13.62798432,,,,,,,,,transit,2016.0,16/05/10,18 58 25.4934,+41 11 46.9620,701.262,0.77,0.74,-0.05,4895.0,,Confirmed planets
KMT-2018-BLG-1988L b,0,0.0214,,,2.83,,,,,,,,microlensing,2021.0,21/11/22,17 41 08.00,-35 35 41.00,4200.0,0.47,,,,,Confirmed planets
Kepler-618 b,0,,0.232,3.59576964,,,,,,,,,transit,2016.0,16/05/10,19 04 59.9597,+48 03 39.3642,1266.46,1.05,1.08,0.08,5860.0,,Confirmed planets
Kepler-1315 b,0,0.0078,0.123,0.84338011,0.0163,0.0,,,,78.23,1541.0,,transit,2016.0,22/09/15,19 43 17,+46 03 11,480.869,0.8,0.75,0.07,4861.0,,Confirmed planets
Kepler-1315 c,0,0.0128,0.165,6.56606007,0.064,0.0,,,,88.08,777.0,,transit,2021.0,22/09/15,19 43 17,+46 03 11,480.869,0.8,0.75,0.07,4861.0,,Confirmed planets
HD 22781 b,0,13.65,,528.07,1.167,0.8191,,,,,167.0,,RV,2011.0,11/11/04,03 40 49.5245,+31 49 34.6488,31.79,0.75,,-0.37,5027.0,,Confirmed planets
Kepler-31 b,0,,0.57868,20.860674,,,,,,,,,transit,2014.0,14/02/26,19 36 05.5270,+45 51 11.1064,1790.6,1.208,1.306,,6034.0,,Confirmed planets
Kepler-31 c,0,,0.51489,42.632728,,,,,,,,,transit,2014.0,14/02/26,19 36 05.5270,+45 51 11.1064,1790.6,1.208,1.306,,6034.0,,Confirmed planets
Kepler-31 d,0,,0.41555,87.648901,,,,,,,,,transit,2014.0,14/02/26,19 36 05.5270,+45 51 11.1064,1790.6,1.208,1.306,,6034.0,,Confirmed planets
TOI-181 b,0,0.1452,0.634,4.532,0.0539,0.1543,-96.91,,,88.28,895.1,,transit,2023.0,23/10/15,23 28 41,-34 29 29,96.2338,0.82,0.74,0.272,4994.0,,Confirmed planets
Kepler-926 b,0,,0.206,52.0688601,,,,,,,,,transit,2016.0,16/05/10,19 18 43.0449,+40 42 01.6458,945.626,1.01,1.01,0.03,5806.0,,Confirmed planets
Kepler-929 b,0,,0.099,0.92103214,,,,,,,,,transit,2016.0,16/05/10,19 53 55.4689,+41 36 55.2145,1361.66,1.01,1.02,-0.04,5869.0,,Confirmed planets
Kepler-1955 b,0,0.00531,0.104,14.26519966,0.117,0.0,,,,89.29,853.0,,transit,2021.0,22/02/01,19 58 08,+40 28 40,449.351,1.05,1.29,0.14,5825.0,,Confirmed planets
MOA-2010-BLG-073L b,0,11.0,,,,,,,,,,,microlensing,2012.0,12/11/19,18 10 11.342,-26 31 22.544,2800.0,0.16,,,,,Confirmed planets
Kepler-470 b,0,,1.288,24.66919569,,,,,,,,,transit,2016.0,16/05/10,19 48 02.2677,+50 22 20.3719,955.384,1.4,1.66,0.04,6613.0,,Confirmed planets
Kepler-1845 b,0,0.0205,0.218,11.60649967,0.0885,0.0,,,,89.97,584.0,,transit,2021.0,22/02/01,19 31 36,+38 17 49,710.724,0.69,0.7,-0.14,4703.0,,Confirmed planets
Kepler-621 b,0,,0.205,2.62811375,,,,,,,,,transit,2016.0,16/05/10,19 23 42.5479,+39 54 50.9281,,0.72,0.68,-0.02,4521.0,,Confirmed planets
Kepler-1528 b,0,,0.13,1.79111021,,,,,,,,,transit,2016.0,16/05/10,19 09 36.7088,+46 34 26.3582,837.17,1.03,1.03,0.03,5857.0,,Confirmed planets
Kepler-1308 b,0,,0.046,2.10433812,,,,,,,,,transit,2016.0,16/05/10,19 03 42.9328,+38 31 15.4486,113.072,0.35,0.34,-0.13,3468.0,,Confirmed planets
Kepler-44 b,0,1.0,1.09,3.2467293,0.0446,,,,,84.96,,,transit,2011.0,15/12/03,20 00 24.5656,+45 45 43.7628,1229.1,1.12,1.35,0.42,5800.0,5.8,Confirmed planets
Kepler-896 b,0,,0.226,144.547396,,,,,,,,,transit,2016.0,16/05/10,18 49 45.3985,+43 44 04.0819,,0.84,0.81,-0.1,5262.0,,Confirmed planets
Kepler-871 b,0,,0.334,22.0459018,,,,,,,,,transit,2016.0,16/05/10,19 38 06.5023,+43 22 05.3579,,1.11,1.14,0.09,5993.0,,Confirmed planets
Kepler-161 b,0,,0.1932,4.921355,,,,,,,,,transit,2014.0,14/02/26,19 22 03.9578,+43 05 01.7456,484.58,0.783,0.806,,5078.0,,Confirmed planets
Kepler-161 c,0,,0.18682,7.06424,,,,,,,,,transit,2014.0,14/02/26,19 22 03.9578,+43 05 01.7456,484.58,0.783,0.806,,5078.0,,Confirmed planets
KMT-2019-BLG-2783L b,0,1.16,1.22,,1.85,,,,,,,,microlensing,2023.0,23/10/15,17 57 10,-33 47 19,5910.0,0.34,,,,,Confirmed planets
OGLE-2015-BLG-1771L b,0,0.433,,,0.85,,,,,,,,microlensing,2020.0,20/06/24,17 55 12,-28 51 46,7070.0,0.08,,,,,Confirmed planets
Kepler-1328 b,0,,0.087,4.52158888,,,,,,,,,transit,2016.0,16/05/10,18 58 42.0941,+44 25 03.9200,833.056,1.0,0.99,0.0,5780.0,,Confirmed planets
K2-350 c,0,0.025,0.244,19.991944,,,,,,,687.0,,transit,2016.0,21/10/03,13 36 09,-14 00 33,489.368,0.98,1.04,-0.02,5789.0,,Confirmed planets
K2-350 b,0,0.0094,0.137,4.163873,,,,,,,1158.0,,transit,2021.0,21/10/03,13 36 09,-14 00 33,489.368,0.98,1.04,-0.02,5789.0,,Confirmed planets
HD 564 b,0,0.33,,492.3,1.2,0.096,314.0,,,,,,RV,2014.0,15/11/17,00 09 52.82123,-50 16 04.1606,53.6,0.961,1.01,-0.2,5902.0,5.5,Confirmed planets
Kepler-1544 b,0,,0.159,168.811174,,,,,,,,,transit,2016.0,16/05/10,19 49 08.4029,+49 12 44.7871,338.364,0.81,0.74,0.02,4886.0,,Confirmed planets
IC 4651 9122 b,0,6.3,,734.0,2.038,0.18,118.5,,,,,,RV,2018.0,18/07/19,17 24 50,-49 56 56,879.38,2.1,,0.12,,,Confirmed planets
MOA 2011-BLG-322L b,0,11.6,,,,,,,,,,,microlensing,2013.0,18/09/19,18 04 53.6,-27 13 15.4,7560.0,0.39,,,,,Confirmed planets
WASP-12 b,2,1.404,1.736,1.0914222,0.02293,0.0,,,,86.0,2319.7,,transit,2008.0,13/07/31,06 30 33,+29 40 20,250.0,1.35,1.599,0.3,6118.0,,"Confirmed planets, Planets in binary systems, S-type"
Kepler-1700 b,0,,0.259,234.239,,,,,,,,,transit,2020.0,20/09/03,19 07 48,+45 21 14,732.73,,1.14,,5885.0,,Confirmed planets
WASP-119 b,0,1.23,1.4,2.49979,0.0363,,,,,85.0,1600.0,,transit,2016.0,16/02/04,03 43 44.0213,-65 11 37.8644,333.0,1.02,,0.14,5650.0,,Confirmed planets
Kepler-789 b,0,,0.189,8.63847725,,,,,,,,,transit,2016.0,16/05/10,19 43 54.0394,+38 56 47.8802,1544.64,1.01,1.02,-0.06,5870.0,,Confirmed planets
Kepler-1445 b,0,,0.086,10.60052251,,,,,,,,,transit,2016.0,16/05/10,18 40 59.8727,+43 54 54.3869,513.769,1.13,1.26,-0.03,6150.0,,Confirmed planets
2M 044144 b,2,9.8,,,,,,,,,1800.0,,imaging,2010.0,15/09/12,04 41 45.652,+23 01 58.07,145.0,0.018,,,2100.0,,"Confirmed planets, Planets in binary systems, S-type"
HD 33844 b,0,1.92,,547.9,1.59,0.16,190.0,,,,,,RV,2015.0,15/12/28,05 12 36.10097,-14 57 04.0084,100.9,1.78,5.29,0.27,4861.0,1.88,Confirmed planets
HD 33844 c,0,1.68,,924.3,2.25,0.09,5.0,,,,,,RV,2015.0,15/12/28,05 12 36.10097,-14 57 04.0084,100.9,1.78,5.29,0.27,4861.0,1.88,Confirmed planets
Kepler-180 c,0,,0.2743,41.885775,,,,,,,,,transit,2014.0,14/02/26,19 42 17.1136,+49 46 28.4282,873.85,0.91,1.063,,5731.0,,Confirmed planets
Kepler-180 b,0,,0.1367,13.817124,,,,,,,,,transit,2014.0,14/02/26,19 42 17.1136,+49 46 28.4282,873.85,0.91,1.063,,5731.0,,Confirmed planets
2MASS J2002-0521,0,13.0,1.36,,,,,,,,1301.0,,imaging,2022.0,22/01/23,20 02 50.71,-05 21 52.58,17.6316,,,,,,Confirmed planets
Kepler-1088 b,0,,0.127,23.12748644,,,,,,,,,transit,2016.0,16/05/10,18 46 14.7505,+42 27 01.7750,282.917,1.08,1.08,0.05,5975.0,,Confirmed planets
HATS-67 b,0,1.45,1.685,1.6091788,0.03032,0.0,,,,79.03,2193.0,,transit,2018.0,18/12/13,12 00 50.1182,-46 08 11.1247,987.1,1.435,1.441,0.332,6594.0,,Confirmed planets
TOI-700 b,0,,0.093,9.97702,0.0677,0.081,-75.0,,,89.66,417.0,,transit,2020.0,20/07/23,06 28 23,-65 34 46,31.07,0.41,0.42,-0.07,3461.0,,Confirmed planets
TOI-700 c,0,,0.236,16.05111,0.0929,0.078,81.0,,,88.868,356.0,,transit,2020.0,20/07/23,06 28 23,-65 34 46,31.07,0.41,0.42,-0.07,3461.0,,Confirmed planets
TOI-700 d,0,,0.102,37.42475,0.1633,0.111,0.0,,,89.79,269.0,,transit,2020.0,20/07/23,06 28 23,-65 34 46,31.07,0.41,0.42,-0.07,3461.0,,Confirmed planets
HAT-P-23 b,0,2.09,1.368,1.212884,0.0232,0.106,,,,85.1,1873.6,,transit,2010.0,13/05/29,20 24 29.7235,+16 45 43.8103,393.0,1.13,1.203,0.15,5905.0,,Confirmed planets
KMT-2021-BLG-1303L b,0,0.38,1.21,,2.89,,,,,,,,microlensing,2022.0,23/01/12,18 07 27,-29 16 54,6280.0,0.57,,,,,Confirmed planets
Kepler-365 b,0,,0.18591,10.664903,,,,,,,,,transit,2014.0,14/02/26,19 42 30.3426,+49 07 49.4475,1089.04,,1.048,,6012.0,,Confirmed planets
Kepler-365 c,0,,0.14945,17.784129,,,,,,,,,transit,2014.0,14/02/26,19 42 30.3426,+49 07 49.4475,1089.04,,1.048,,6012.0,,Confirmed planets
GJ 160.2 b,0,0.03209,,5.2354,0.053,0.06,360.0,,,,,,RV,2014.0,19/10/10,04 06 34.8414,-20 51 11.2259,25.88,0.69,,,4347.0,,Confirmed planets
Kepler-1134 b,0,,0.236,17.13263989,,,,,,,,,transit,2016.0,16/05/10,19 42 16.3194,+42 28 41.7838,969.556,0.84,0.81,-0.1,5281.0,,Confirmed planets
KMT-2021-BLG-0240 b,0,0.4,,,2.6,,,,,,,,microlensing,2022.0,22/04/26,17 50 19.00,-30 00 18.00,7000.0,0.47,,,,,Confirmed planets
KMT-2021-BLG-0240 c,0,0.7,,,4.0,,,,,,,,microlensing,2022.0,22/04/26,17 50 19.00,-30 00 18.00,7000.0,0.47,,,,,Confirmed planets
HD 86065 b,0,9.053,1.12,25775.78859,15.947,0.219,142.418,,,29.821,,,RV,2022.0,23/10/15,09 55 42,-18 06 25,40.3661,0.81,0.78,-0.02,4927.56,,Confirmed planets
Kepler-1749 b,0,0.0102,0.144,14.53409958,0.0956,0.0,,,,88.07,420.0,,transit,2021.0,22/09/15,19 21 11,+45 33 52,268.2,0.55,0.55,-0.16,3957.0,,Confirmed planets
OGLE-2017-BLG-1375L b,0,11.28,,,3.04,,,,,,,,microlensing,2020.0,20/11/05,17 56 37,-30 18 41,3930.0,0.81,,,,,Confirmed planets
Kepler-244 b,0,,0.25152,4.311792,,,,,,,,,transit,2014.0,14/02/26,19 08 58.2405,+42 18 04.9005,1104.52,0.91,0.803,,5554.0,,Confirmed planets
Kepler-244 d,0,,0.21051,20.050401,,,,,,,,,transit,2014.0,14/02/26,19 08 58.2405,+42 18 04.9005,1104.52,0.91,0.803,,5554.0,,Confirmed planets
Kepler-244 c,0,,0.18682,9.767292,,,,,,,,,transit,2014.0,14/02/26,19 08 58.2405,+42 18 04.9005,1104.52,0.91,0.803,,5554.0,,Confirmed planets
Kepler-1057 b,0,,0.3,14.08827448,,,,,,,,,transit,2016.0,16/05/10,19 49 48.5165,+41 33 29.2497,1242.7,1.07,1.1,0.01,5987.0,,Confirmed planets
YBP1514 b,0,0.4,,5.118,,0.27,328.58,,,,,,RV,2014.0,18/03/23,08 51 00.766,+11 53 11.51,843.0,0.96,0.89,0.03,5725.0,4.0,"Confirmed planets, Planets in open clusters"
Kepler-54 b,0,,0.18864,8.01026,,,,,,,,,transit,2014.0,14/02/26,19 39 05.7418,+43 03 22.5980,499.51,0.514,0.554,,4252.0,,Confirmed planets
Kepler-54 c,0,,0.15948,12.072389,,,,,,,,,transit,2014.0,14/02/26,19 39 05.7418,+43 03 22.5980,499.51,0.514,0.554,,4252.0,,Confirmed planets
Kepler-54 d,0,,0.13943,20.995694,,,,,,,,,transit,2014.0,14/02/26,19 39 05.7418,+43 03 22.5980,499.51,0.514,0.554,,4252.0,,Confirmed planets
Kepler-482 b,0,,0.211,56.35418576,,,,,,,,,transit,2016.0,16/05/10,19 47 17.4850,+48 06 27.1931,315.906,0.75,0.72,-0.13,4871.0,,Confirmed planets
Kepler-183 c,0,,0.20687,11.637071,,,,,,,,,transit,2014.0,14/02/26,19 34 07.3975,+39 18 57.2233,1092.31,0.99,0.958,,5888.0,,Confirmed planets
Kepler-183 b,0,,0.18773,5.687945,,,,,,,,,transit,2014.0,14/02/26,19 34 07.3975,+39 18 57.2233,1092.31,0.99,0.958,,5888.0,,Confirmed planets
Kepler-750 b,0,,0.274,9.42887179,,,,,,,,,transit,2016.0,16/05/10,19 16 23.2473,+44 00 15.7659,1346.08,1.15,1.23,0.03,6160.0,,Confirmed planets
Kepler-750 c,0,,0.145,4.08899022,,,,,,,,,transit,2016.0,16/05/10,19 16 23.2473,+44 00 15.7659,1346.08,1.15,1.23,0.03,6160.0,,Confirmed planets
OGLE-2018-BLG-1126L b,0,0.056,0.393,,3.23,,,,,,,,microlensing,2022.0,23/10/15,17 53 25,-31 43 29,5700.0,0.69,,,,,Confirmed planets
HATS-36 b,0,2.79,1.263,4.1752379,0.0529,0.294,,,,87.57,,,transit,2017.0,17/06/29,19 25 54.8858,-23 12 10.0283,977.0,1.135,1.186,0.13,5970.0,3.4,Confirmed planets
Kepler-118 c,0,,0.69988,20.17202,,,,,,,,,transit,2014.0,14/02/26,19 56 51.1561,+41 25 29.5033,899.38,0.77,1.094,,5274.0,,Confirmed planets
Kepler-118 b,0,,0.17862,7.518496,,,,,,,,,transit,2014.0,14/02/26,19 56 51.1561,+41 25 29.5033,899.38,0.77,1.094,,5274.0,,Confirmed planets
Kepler-652 b,0,,0.222,4.18200253,,,,,,,,,transit,2016.0,16/05/10,19 12 01.9445,+46 28 24.7019,399.106,0.97,0.88,0.17,5490.0,,Confirmed planets
OGLE-2017-BLG-1434L b,0,0.0138,,,,,,,,,,,microlensing,2018.0,18/09/20,17 53 07.29,-30 14 44.6,860.0,0.234,,,,,Confirmed planets
NGTS-5 b,0,0.229,1.136,3.3569866,0.0382,0.0,,,,86.6,952.0,,transit,2019.0,19/05/07,14 44 13.9704,+05 36 19.4171,309.5,0.661,0.739,0.12,4987.0,,Confirmed planets
Kepler-1882 b,0,0.00886,0.133,13.78730011,0.1151,0.0,,,,83.09,894.0,,transit,2021.0,22/02/01,19 22 39,+43 29 59,443.371,1.07,1.46,0.26,5691.0,,Confirmed planets
EPIC 206317286 b,0,,0.086,1.58252,,,,,,,,,transit,2019.0,19/06/13,22 30 28.2226,-07 58 20.6494,317.2,0.71,,,,,Confirmed planets
WASP-186 b,0,4.22,1.11,5.026799,0.06,0.33,173.0,,,,,,transit,2020.0,20/12/17,01 15 58.8508,+21 37 01.0061,280.71,1.22,1.47,-0.08,6361.0,,Confirmed planets
Kepler-1921 b,0,0.0274,0.258,20.03479958,0.1557,0.0,,,,89.53,967.0,,transit,2021.0,22/02/01,20 01 16,+45 29 43,928.989,1.25,2.0,0.02,6120.0,,Confirmed planets
Kepler-1040 b,0,,0.186,201.1214,,,,,,,,,transit,2016.0,16/05/10,18 52 27.3084,+48 07 52.9333,488.9258,0.98,0.96,0.01,5694.0,,Confirmed planets
Kepler-1279 b,0,,0.156,23.4774101,,,,,,,,,transit,2016.0,16/05/10,19 12 22.9523,+40 21 57.5070,1561.52,1.21,1.33,0.06,6221.0,,Confirmed planets
HD 161178 b,0,0.57,,279.3,0.84,0.044,300.0,,,,,,RV,2021.0,21/12/16,17 37 08.00,+72 27 21.00,,,,,,,Confirmed planets
TOI-905 b,0,0.667,1.171,3.739494,0.04666,0.024,39.0,,,85.68,1192.0,,transit,2020.0,21/01/28,15 10 38.1656,-17 21 42,150.2,0.97,0.92,0.14,5570.0,,Confirmed planets
Kepler-756 b,0,,0.1,1.22486632,,,,,,,,,transit,2016.0,16/05/10,19 22 25.9087,+41 12 03.9359,,0.82,0.79,-0.19,5282.0,,Confirmed planets
Kapteyn b,0,0.015099,,48.616,0.168,0.21,80.4,,,,,,RV,2014.0,17/12/09,05 11 40.58112,-45 01 06.2899,3.911,0.281,0.291,-0.86,3550.0,11.0,Confirmed planets
Kapteyn c,0,0.02202,,121.54,0.311,0.23,,,,,,,RV,2014.0,17/12/09,05 11 40.58112,-45 01 06.2899,3.911,0.281,0.291,-0.86,3550.0,11.0,Confirmed planets
Kepler-301 b,0,,0.12303,2.508553,,,,,,,,,transit,2014.0,14/02/26,18 55 55.8990,+49 13 58.7124,734.49,0.97,0.9,,5815.0,,Confirmed planets
Kepler-301 d,0,,0.15948,13.751243,,,,,,,,,transit,2014.0,14/02/26,18 55 55.8990,+49 13 58.7124,734.49,0.97,0.9,,5815.0,,Confirmed planets
Kepler-301 c,0,,0.12303,5.419026,,,,,,,,,transit,2014.0,14/02/26,18 55 55.8990,+49 13 58.7124,734.49,0.97,0.9,,5815.0,,Confirmed planets
Kepler-287 c,0,,0.29708,44.851896,,,,,,,,,transit,2014.0,14/02/26,19 23 42.5932,+48 26 36.7155,1058.96,0.93,1.032,,5806.0,,Confirmed planets
Kepler-287 b,0,,0.21233,20.342199,,,,,,,,,transit,2014.0,14/02/26,19 23 42.5932,+48 26 36.7155,1058.96,0.93,1.032,,5806.0,,Confirmed planets
Kepler-1622 b,0,,0.131,10.8118737,,,,,,,,,transit,2016.0,16/05/10,19 49 18.9259,+47 48 55.6642,815.129,1.31,1.5,0.04,6436.0,,Confirmed planets
OGLE-2017-BLG-0114 b,0,,,,0.75,,,,,,,,microlensing,2021.0,21/08/31,17 21 58.00,-29 37 25.00,,,,,,,Confirmed planets
Kepler-364 c,0,,0.19593,59.980627,,,,,,,,,transit,2014.0,14/02/26,18 46 16.7905,+47 23 55.2507,872.59,1.2,1.284,,6108.0,,Confirmed planets
Kepler-364 b,0,,0.14125,25.745718,,,,,,,,,transit,2014.0,14/02/26,18 46 16.7905,+47 23 55.2507,872.59,1.2,1.284,,6108.0,,Confirmed planets
HD 40979 A b,2,3.28,,263.1,0.83,0.25,,,,,,,RV,2002.0,12/12/08,06 04 29,+44 15 37,33.3,1.1,1.21,0.194,,1.0,"Confirmed planets, Planets in binary systems, S-type"
K2-66 b,0,0.06702,0.222,5.06963,0.05983,0.0,,,,86.6,1372.0,,transit,2016.0,19/07/25,22 06 06.4020,-10 42 41.4243,520.43,1.11,1.67,-0.047,5887.0,,Confirmed planets
Kepler-1542 b,0,,0.068,3.95116882,,,,,,,,,transit,2016.0,16/05/10,19 02 54.8381,+42 39 16.3106,403.73,0.94,0.99,0.06,5564.0,,Confirmed planets
Kepler-1542 c,0,,0.058,2.89223021,,,,,,,,,transit,2016.0,16/05/10,19 02 54.8381,+42 39 16.3106,403.73,0.94,0.99,0.06,5564.0,,Confirmed planets
Kepler-1542 d,0,,0.078,5.99273738,,,,,,,,,transit,2016.0,16/05/10,19 02 54.8381,+42 39 16.3106,403.73,0.94,0.99,0.06,5564.0,,Confirmed planets
Kepler-1542 e,0,,0.068,5.10115756,,,,,,,,,transit,2016.0,16/05/10,19 02 54.8381,+42 39 16.3106,403.73,0.94,0.99,0.06,5564.0,,Confirmed planets
Kepler-823 b,0,,0.14,4.16809082,,,,,,,,,transit,2016.0,16/05/10,18 58 19.8121,+39 13 12.7349,1446.97,0.98,0.96,0.06,5643.0,,Confirmed planets
Kepler-405 c,0,,0.42467,29.726682,,,,,,,,,transit,2014.0,14/02/26,19 25 38.2718,+38 20 24.0619,1513.02,1.02,0.893,,5818.0,,Confirmed planets
Kepler-405 b,0,,0.18955,10.613839,,,,,,,,,transit,2014.0,14/02/26,19 25 38.2718,+38 20 24.0619,1513.02,1.02,0.893,,5818.0,,Confirmed planets
K2-354 b,0,0.00961,0.139,3.793306,,,,,,,543.0,,transit,2016.0,21/10/03,08 36 31,+10 08 50,91.722,0.43,0.41,-0.04,3669.0,,Confirmed planets
Kepler-518 b,0,,0.188,8.51203588,,,,,,,,,transit,2016.0,16/05/10,19 08 21.5984,+41 22 25.8609,341.204,0.96,0.88,-0.23,5842.0,,Confirmed planets
Kepler-1223 b,0,,0.109,16.301259,,,,,,,,,transit,2016.0,16/05/10,19 01 10.9780,+44 33 09.8121,466.114,0.8,0.75,0.04,4870.0,,Confirmed planets
Kepler-1270 b,0,,0.296,6.03356196,,,,,,,,,transit,2016.0,16/05/10,19 06 51.7599,+48 38 43.0668,1130.84,1.28,3.38,-0.02,5047.0,,Confirmed planets
TOI-2145 b,0,5.35,1.103,10.261081,0.1108,0.18,100.3,,,87.41,1484.0,,transit,2022.0,22/05/13,17 35 02.00,+40 41 42.00,124.6,1.72,2.738,0.245,6189.0,,Confirmed planets
Kepler-330 c,0,,0.1777,15.955387,,,,,,,,,transit,2014.0,14/02/26,19 13 47.3729,+44 48 06.1617,719.8,0.792,0.722,,5117.0,,Confirmed planets
Kepler-330 b,0,,0.12303,8.25978,,,,,,,,,transit,2014.0,14/02/26,19 13 47.3729,+44 48 06.1617,719.8,0.792,0.722,,5117.0,,Confirmed planets
Kepler-1473 b,0,,0.106,14.4273551,,,,,,,,,transit,2016.0,16/05/10,19 22 32.7843,+48 59 46.2496,664.761,1.09,1.09,-0.01,6046.0,,Confirmed planets
Kepler-1130 b,0,,0.071,5.45298175,,,,,,,,,transit,2016.0,16/05/10,19 00 49.7877,+45 23 03.6041,251.136,0.9,0.81,-0.06,5403.0,,Confirmed planets
HD 142245 b,0,1.9,,1299.0,2.77,0.0,,,,,292.8,,RV,2011.0,11/08/23,15 52 56.2802,+15 25 50.5399,109.0,1.69,5.2,0.23,4878.0,,Confirmed planets
Kepler-1977 b,0,0.0107,0.163,4.53702121,0.0486,0.0,,,,87.14,798.0,,transit,2023.0,23/10/15,19 22 28,+37 17 21,592.711,0.77,0.69,-0.06,4805.0,,Confirmed planets
EPIC 211822797 b,0,,0.196,21.169619,,0.18,0.0,,,89.5,,,transit,2016.0,18/03/23,08 41 38.4894,+17 38 24.0846,187.2,0.61,0.59,0.14,3880.0,0.79,"Confirmed planets, Planets in open clusters"
Gliese 3634 b,0,0.022,,2.64561,0.0287,0.08,,,,59.0,565.4,,RV,2011.0,11/02/07,10 58 35.0882,-31 08 38.2013,19.8,0.45,0.43,,3314.0,,Confirmed planets
KOI-1873.02,0,0.07046,0.2096,34.921,,,,,,,,,transit,2013.0,13/09/13,19 43 14.2299,+40 00 30.6331,1680.75,0.98,0.97,,6134.0,0.3,Confirmed planets
KOI-1873.01,0,0.10286,0.4921,71.312,,,,,,,,,transit,2013.0,13/09/13,19 43 14.2299,+40 00 30.6331,1680.75,0.98,0.97,,6134.0,0.3,Confirmed planets
MOA-2011-BLG-028L b,0,0.094,,,,,,,,,,,microlensing,2015.0,18/09/19,18 03 24.96,-29 12 48.3,7380.0,0.75,,,,,Confirmed planets
HAT-P-38 b,0,0.267,0.825,4.640382,0.0523,0.067,,,,88.3,987.0,,transit,2012.0,13/05/29,02 21 31.9802,+32 14 46.0908,249.0,0.886,0.923,0.06,5330.0,,Confirmed planets
Kepler-858 b,0,,0.434,76.13602028,,,,,,,,,transit,2016.0,16/05/10,19 15 23.6725,+51 12 32.5739,301.114,0.96,0.91,-0.04,5653.0,,Confirmed planets
Kepler-719 b,0,,0.76,5.00731778,,,,,,,,,transit,2016.0,16/05/10,19 42 08.6609,+43 53 04.0122,,0.99,0.98,-0.02,5777.0,,Confirmed planets
TOI-5704 b,0,0.033,0.288,3.771116,,,,,,88.94,949.07,,transit,2023.0,23/10/15,11 19 18,+44 59 21,89.637,0.73,0.76,0.428,4590.0,,Confirmed planets
Kepler-394 b,0,,0.14581,8.005013,,,,,,,,,transit,2014.0,14/02/26,19 45 12.4697,+50 40 20.3771,1422.08,1.17,1.132,,6402.0,,Confirmed planets
Kepler-394 c,0,,0.15128,12.130686,,,,,,,,,transit,2014.0,14/02/26,19 45 12.4697,+50 40 20.3771,1422.08,1.17,1.132,,6402.0,,Confirmed planets
HD 131399 Ab,1,4.0,,200883.21,80.0,0.35,,,,40.0,850.0,,imaging,2016.0,17/12/09,14 54 25.30919,-34 08 34.0412,98.0,,,,,,"Controversial, Planets in binary systems, P-type"
K2-55 b,0,,0.341,2.849258,0.03486,,,,,,,,transit,2016.0,16/07/18,22 15 00.4644,-17 15 02.5381,160.26,0.7,0.63,,4456.0,,Confirmed planets
HD 73526 b,0,2.35,,189.65,0.65,0.265,,,,,369.5,,RV,2002.0,14/03/03,08 37 16.4834,-41 19 08.7873,99.0,1.08,1.49,0.25,5590.0,5.59,Confirmed planets
HD 73526 c,0,2.19,,376.93,1.03,0.198,,,,,293.3,,RV,2006.0,14/03/03,08 37 16.4834,-41 19 08.7873,99.0,1.08,1.49,0.25,5590.0,5.59,Confirmed planets
Kepler-333 b,0,,0.12029,12.551158,,,,,,,,,transit,2014.0,14/02/26,19 29 08.6589,+40 54 48.9388,288.94,0.601,0.534,,4259.0,,Confirmed planets
Kepler-333 c,0,,0.10115,24.08821,,,,,,,,,transit,2014.0,14/02/26,19 29 08.6589,+40 54 48.9388,288.94,0.601,0.534,,4259.0,,Confirmed planets
Kepler-497 b,0,,0.539,3.57320367,,,,,,,,,transit,2016.0,16/05/10,19 23 03.8012,+38 55 40.6912,,1.09,1.11,0.24,5834.0,,Confirmed planets
K2-16 b,0,,0.18,7.6188,0.0667,,,,,87.97,658.0,,transit,2015.0,16/07/07,11 40 23.3403,+04 33 26.4165,338.19,0.67,,,,,Confirmed planets
K2-16 c,0,,0.227,19.07863,0.1229,,,,,87.83,485.0,,transit,2015.0,16/07/07,11 40 23.3403,+04 33 26.4165,338.19,0.67,,,,,Confirmed planets
K2-16 d,0,,0.092,2.71578,,,,,,,,,transit,2019.0,19/06/13,11 40 23.3403,+04 33 26.4165,338.19,0.67,,,,,Confirmed planets
Kepler-48 b,0,0.015079,0.195019,4.7779803,,,,,,,,,transit,2012.0,12/08/19,19 56 33.4161,+40 56 56.4960,313.14,0.89,0.89,,5190.0,,Confirmed planets
Kepler-48 c,0,0.033219,0.286149,9.6739283,,,,,,,,,transit,2012.0,12/08/19,19 56 33.4161,+40 56 56.4960,313.14,0.89,0.89,,5190.0,,Confirmed planets
Kepler-48 d,0,0.024945,0.185906,42.8961,,,,,,,,,transit,2014.0,14/02/24,19 56 33.4161,+40 56 56.4960,313.14,0.89,0.89,,5190.0,,Confirmed planets
Kepler-48 e,0,2.066725,,982.0,,,,,,,,,RV,2014.0,14/02/24,19 56 33.4161,+40 56 56.4960,313.14,0.89,0.89,,5190.0,,Confirmed planets
Kepler-374 c,0,,0.10024,3.282807,,,,,,,,,transit,2014.0,14/02/26,19 36 33.1029,+42 22 13.7215,950.89,1.03,0.911,,5977.0,,Confirmed planets
Kepler-374 d,0,,0.11938,5.028219,,,,,,,,,transit,2014.0,14/02/26,19 36 33.1029,+42 22 13.7215,950.89,1.03,0.911,,5977.0,,Confirmed planets
Kepler-374 b,0,,0.09386,1.897806,,,,,,,,,transit,2014.0,14/02/26,19 36 33.1029,+42 22 13.7215,950.89,1.03,0.911,,5977.0,,Confirmed planets
HAT-P-11 b,0,0.07362,0.389,4.887802443,0.05254,0.218,19.0,,,89.05,,,transit,2009.0,18/08/29,19 50 50.2474562793,+48 04 51.097364378,37.89,0.809,0.683,0.31,4780.0,6.5,Confirmed planets
HAT-P-11 c,0,1.595,,3407.0,4.13,0.601,143.7,,,,,,RV,2018.0,18/08/29,19 50 50.2474562793,+48 04 51.097364378,37.89,0.809,0.683,0.31,4780.0,6.5,Confirmed planets
HD 12484 b,0,2.98,,58.83,0.297,0.07,-35.0,,,,,,RV,2016.0,17/12/09,02 02 26.7304,+02 48 57.0757,48.7,1.01,,0.05,5920.0,,Confirmed planets
Kepler-134 b,0,,0.18226,5.317429,,,,,,,,,transit,2014.0,14/02/26,18 58 57.3671,+49 35 54.1808,414.47,1.01,1.176,,5983.0,,Confirmed planets
Kepler-134 c,0,,0.11482,10.105785,,,,,,,,,transit,2014.0,14/02/26,18 58 57.3671,+49 35 54.1808,414.47,1.01,1.176,,5983.0,,Confirmed planets
HD 4313 b,0,2.3,,356.0,1.19,0.041,,,,,450.4,,RV,2010.0,10/03/19,00 45 40.3575,+07 50 42.0722,137.0,1.72,4.9,0.14,5035.0,,Confirmed planets
Kepler-808 b,0,,0.13,0.63133235,,,,,,,,,transit,2016.0,16/05/10,19 26 22.5835,+48 26 44.0360,343.23,0.76,0.71,0.05,4653.0,,Confirmed planets
HIP 48714 b,0,0.07205,,17.818,0.112,0.5,202.0,,,,,,RV,2020.0,20/09/03,09 56 08.6712,+62 47 18.4676,10.53,0.58,,,,,Confirmed planets
Kepler-1399 b,0,,0.112,1.63865306,,,,,,,,,transit,2016.0,16/05/10,19 33 14.8070,+46 02 30.0811,1441.96,0.97,0.96,-0.03,5735.0,,Confirmed planets
OGLE-2005-BLG-169L b,0,0.0444,,,,,,,,,,,microlensing,2006.0,18/09/18,18 06 05.32,-30 43 57.6,4100.0,0.69,,,,,Confirmed planets
Kepler-274 b,0,,0.14034,11.634788,,,,,,,,,transit,2014.0,14/02/26,19 31 41.4652,+38 28 38.1271,1253.43,,1.007,,6023.0,,Confirmed planets
Kepler-274 c,0,,0.16768,33.197861,,,,,,,,,transit,2014.0,14/02/26,19 31 41.4652,+38 28 38.1271,1253.43,,1.007,,6023.0,,Confirmed planets
HD 118203 b,0,2.13,,6.1335,0.07,0.309,,,,,1408.2,,RV,2005.0,10/12/23,13 34 02.5394,+53 43 42.6983,88.6,1.23,,0.1,5600.0,,Confirmed planets
NGTS-17 b,0,0.764,1.24,3.24253,0.0391,0.0,,,,,1457.0,,transit,2021.0,21/03/19,04 51 36.00,-34 13 34.00,1047.0,1.025,1.337,0.15,5650.0,,Confirmed planets
Kepler-370 c,0,,0.17406,19.02293,,,,,,,,,transit,2014.0,14/02/26,19 28 41.0720,+40 54 58.6665,1139.98,,0.9,,5852.0,,Confirmed planets
Kepler-370 b,0,,0.1449,4.57953,,,,,,,,,transit,2014.0,14/02/26,19 28 41.0720,+40 54 58.6665,1139.98,,0.9,,5852.0,,Confirmed planets
LHS 1678 b,0,0.00019,0.06209,0.8602322,0.01251,0.041,5.7,,,87.55,,,transit,2021.0,21/10/26,04 32 42.6348,-39 47 12.1473,19.89,0.345,0.329,,3490.0,,Confirmed planets
LHS 1678 c,0,0.00123,0.08761,3.694237,0.0331,0.034,359.4,,,89.09,,,transit,2021.0,21/10/26,04 32 42.6348,-39 47 12.1473,19.89,0.345,0.329,,3490.0,,Confirmed planets
K2-172 c,0,,0.2864,29.6268,,,,,,89.5,,,transit,2018.0,18/07/24,22 21 14.0088,-12 33 24.8473,272.2,0.934,0.869,-0.06,,,Confirmed planets
K2-172 b,0,,0.149,14.3169,,,,,,88.9,,,transit,2018.0,18/07/24,22 21 14.0088,-12 33 24.8473,272.2,0.934,0.869,-0.06,,,Confirmed planets
HD 2638 b,2,0.48,,3.4442,0.044,0.0,,,,,978.2,,RV,2005.0,10/12/24,00 29 16.10949,-05 54 37.7582,53.71,0.87,,0.16,5192.0,,"Confirmed planets, Planets in binary systems, S-type"
HD 127506 b,0,0.08375,0.498,65.78395386,0.287149,0.239894,56.1466,,,,,,RV,2022.0,22/09/27,14 30 44,+35 27 17,22.5279,0.73,0.74,-0.08,4595.32,,Confirmed planets
Kepler-1212 b,0,,0.191,12.94130146,,,,,,,,,transit,2016.0,16/05/10,19 47 24.8300,+50 02 14.4218,1367.8,1.1,1.15,0.03,6051.0,,Confirmed planets
WASP-91 b,0,1.34,1.03,1.798581,0.037,0.0,,,,86.8,,,transit,2017.0,17/01/17,23 51 22.8514,-70 50 50,150.593,0.84,0.86,0.19,4920.0,,Confirmed planets
K2-57 b,0,,0.187,9.0063,0.0746,,,,,,,,transit,2016.0,16/07/18,22 50 46.0119,-14 04 11.6108,266.23,0.68,0.62,,4434.0,,Confirmed planets
HD 95338 b,0,0.13353,0.347,55.087,0.262,0.197,23.42,,,89.57,385.0,,RV,2020.0,20/07/23,10 59 26.3037,-56 37 22.9472,36.97,0.83,0.87,0.04,5212.0,,Confirmed planets
HD 158996 b,0,14.0,,820.2,2.1,0.13,168.0,,,,,,RV,2018.0,18/04/12,17 19 37.1137,+80 08 11.0396,285.91,1.8,50.3,-0.2,4069.0,,Confirmed planets
Kepler-1504 b,0,,0.19,82.304003,,,,,,,,,transit,2016.0,16/05/10,19 18 50.8810,+50 07 41.6103,,0.85,0.81,-0.17,5393.0,,Confirmed planets
CoRoT-9 b,0,0.84,1.05,95.2738,0.407,0.11,,,,89.9,376.6,,transit,2010.0,10/03/17,18 43 08.8101,+06 12 14.9129,460.0,0.99,0.94,-0.01,5625.0,,Confirmed planets
Kepler-1919 b,0,0.0232,0.234,37.88660049,0.2107,0.0,,,,89.97,479.0,,transit,2021.0,22/02/01,18 52 32,+43 57 22,1177.53,0.87,0.82,-0.16,5513.0,,Confirmed planets
HD 65216 b,0,1.21,,613.1,1.37,0.41,,,,,193.9,,RV,2003.0,10/12/30,07 53 41.3193,-63 38 50.3532,34.3,0.92,,-0.12,5666.0,,Confirmed planets
HD 65216 c,0,2.24,,5542.0,,0.15,,,,,,,RV,2011.0,11/09/13,07 53 41.3193,-63 38 50.3532,34.3,0.92,,-0.12,5666.0,,Confirmed planets
HD 5278 b,0,0.0245,0.2186,14.33902,0.12,0.08,134.5,,,89.27,943.0,,transit,2021.0,21/02/19,00 50 09.9047,-83 44 38.0338,56.12,1.126,1.194,-0.12,6203.0,,Confirmed planets
HD 5278 c,0,,,40.87,0.2416,0.07,8.0,,,,,,RV,2021.0,21/02/19,00 50 09.9047,-83 44 38.0338,56.12,1.126,1.194,-0.12,6203.0,,Confirmed planets
HD 134060 b,0,0.0351,,3.27,0.0444,0.4,,,,,1336.0,,RV,2011.0,11/09/12,15 10 44.7429,-61 25 20.3615,24.2,,,,5940.0,,Confirmed planets
HD 134060 c,0,0.1507,,1160.9,2.2263,0.75,,,,,182.8,,RV,2011.0,11/09/12,15 10 44.7429,-61 25 20.3615,24.2,,,,5940.0,,Confirmed planets
K2-397 b,0,0.0202,0.216,3.572326,,,,,,,,,transit,2022.0,22/03/01,05 19 48,+21 15 33,199.354,0.94,0.97,0.11,5387.0,,Confirmed planets
Kepler-1681 b,0,,0.228,69.8956,,,,,,,,,transit,2020.0,20/09/03,19 46 47,+46 22 18,652.25,,0.89,,5173.08,,Confirmed planets
Kepler-1207 b,0,,0.145,13.68237119,,,,,,,,,transit,2016.0,16/05/10,19 40 15.4099,+49 21 32.3369,1847.75,1.06,1.06,0.05,5909.0,,Confirmed planets
KMT-2021-BLG-0712 b,0,0.12016,,,2.22,,,,,,,,microlensing,2022.0,22/07/18,17 57 09.00,-31 11 04.00,3090.0,0.22,,,,,Confirmed planets
Kepler-1087 b,0,,0.054,0.69384285,,,,,,,,,transit,2016.0,16/05/10,19 39 54.9207,+46 00 20.3486,366.421,0.96,0.94,0.01,5589.0,,Confirmed planets
MOA-2014-BLG-472 b,0,1.9,,,0.96,,,,,,,,microlensing,2021.0,21/07/09,18 00 19.00,-28 08 56.00,7200.0,0.31,,,,,Confirmed planets
TOI-620 b,0,0.0485,0.3354,5.0988179,0.04825,0.19,336.6,,,87.47,604.0,,transit,2022.0,22/04/08,09 48 42.00,-12 00 56.00,33.022,0.577,0.55,0.35,3708.0,,Confirmed planets
TOI-620 c,0,,,17.72,,0.2,82.7,,,,,,RV,2022.0,22/04/08,09 48 42.00,-12 00 56.00,33.022,0.577,0.55,0.35,3708.0,,Confirmed planets
K2-217 b,0,,0.3194,14.07452,,,,,,88.0,,,transit,2018.0,18/07/24,00 45 11.6125,+06 28 53.6708,441.1,1.103,1.33,0.04,,,Confirmed planets
KMT-2018-BLG-0748L b,0,0.19,,,0.62,,,,,,,,microlensing,2020.0,20/10/08,17 51 30,-30 38 47,7300.0,0.09,,,,,Confirmed planets
Kepler-1299 b,0,,0.266,19.9400874,,,,,,,,,transit,2016.0,16/05/10,19 04 36.0355,+37 24 40.9722,1462.42,0.94,0.91,-0.01,5609.0,,Confirmed planets
Kepler-1176 b,0,,0.219,24.1738579,,,,,,,,,transit,2016.0,16/05/10,19 51 40.7374,+45 16 26.9762,886.054,1.01,1.02,-0.01,5844.0,,Confirmed planets
Kepler-1486 b,0,,0.207,54.6495759,,,,,,,,,transit,2016.0,16/05/10,19 22 21.6974,+45 26 22.9361,1864.28,1.08,1.12,0.06,5965.0,,Confirmed planets
WASP-165 b,0,0.658,1.26,3.465509,0.04823,0.0,,,,84.9,1624.0,,transit,2018.0,18/11/01,23 50 19.3250,-17 04 39.2912,583.0,1.25,1.75,0.33,5599.0,,Confirmed planets
HD 39855 b,0,0.02674,,3.2498,0.041,0.14,102.97,,,,,,RV,2019.0,19/05/23,05 54 30.1556,-19 42 15.6307,23.28,0.87,,,5576.0,,Confirmed planets
Kepler-1337 b,0,,0.215,24.4002549,,,,,,,,,transit,2016.0,16/05/10,19 08 02.1895,+46 47 46.0281,612.033,0.7,0.67,-0.09,4523.0,,Confirmed planets
Kepler-1203 b,0,,0.095,0.58800076,,,,,,,,,transit,2016.0,16/05/10,19 31 05.6126,+44 10 41.1232,319.918,0.64,0.61,0.01,4105.0,,Confirmed planets
HD 23079 b,0,2.5,,626.0,1.5,0.02,,,,,223.8,,RV,2001.0,10/12/30,03 39 43.0960,-52 54 57.0161,34.8,1.1,1.13,-0.24,5848.0,,Confirmed planets
Kepler-1410 b,0,,0.159,60.866168,,,,,,,,,transit,2016.0,16/05/10,19 22 02.4504,+38 44 36.7530,,0.63,0.6,0.01,4092.0,,Confirmed planets
HD 22496 b,0,0.01753,,5.09071,0.051,,,,,,573.0,,RV,2021.0,21/09/03,03 35 00.9398,-48 25 08.9067,13.602,0.684,0.674,-0.08,4385.0,,Confirmed planets
Kepler-1394 b,0,,0.124,3.93766373,,,,,,,,,transit,2016.0,16/05/10,18 53 48.7637,+45 05 02.8706,652.401,1.64,2.55,0.06,6481.0,,Confirmed planets
Kepler-972 b,0,,0.415,7.03932553,,,,,,,,,transit,2016.0,16/05/10,19 43 18.8857,+43 25 31.6803,1239.77,1.15,1.22,0.04,6146.0,,Confirmed planets
Kepler-89 b,0,0.0330298,0.1558328,3.743208,0.05119,0.25,,,,89.3,1486.0,,transit,2012.0,13/03/15,19 49 19.9344,+41 53 28.0058,426.2,1.28,1.52,0.02,6182.0,3.16,Confirmed planets
Kepler-89 c,0,0.04907293,0.39368287,10.423648,0.1013,0.43,,,,88.36,1012.0,,transit,2012.0,13/03/15,19 49 19.9344,+41 53 28.0058,426.2,1.28,1.52,0.02,6182.0,3.16,Confirmed planets
Kepler-89 d,0,0.33,1.0,22.342989,0.1684,0.022,,,,89.871,806.0,,transit,2012.0,15/12/03,19 49 19.9344,+41 53 28.0058,426.2,1.28,1.52,0.02,6182.0,3.16,Confirmed planets
Kepler-89 e,0,0.11009952,0.59781473,54.32031,0.3046,0.019,,,,89.76,584.0,,transit,2012.0,13/03/15,19 49 19.9344,+41 53 28.0058,426.2,1.28,1.52,0.02,6182.0,3.16,Confirmed planets
KMT-2021-BLG-1689L b,0,0.145,,,2.5,,,,,,,,microlensing,2022.0,22/05/26,17 58 19.00,-30 08 43.00,7200.0,0.58,,,,,Confirmed planets
KMT-2019-BLG-0298L b,0,1.81,1.2,,5.67,,,,,,,,microlensing,2023.0,23/10/15,17 39 31,-27 38 17,6710.0,0.7,,,,,Confirmed planets
mu Arae b,0,1.676,,643.25,1.5,0.128,,,,,228.7,,RV,2000.0,09/04/02,17 44 08.7036,-51 50 02.5910,15.3,1.08,1.245,0.28,5700.0,,Confirmed planets
mu Arae c,0,0.03321,,9.6386,0.09094,0.172,,,,,928.2,,RV,2004.0,09/04/02,17 44 08.7036,-51 50 02.5910,15.3,1.08,1.245,0.28,5700.0,,Confirmed planets
mu Arae d,0,0.5219,,310.55,0.921,0.0666,,,,,292.1,,RV,2004.0,09/04/02,17 44 08.7036,-51 50 02.5910,15.3,1.08,1.245,0.28,5700.0,,Confirmed planets
mu Arae e,0,1.814,,4205.8,5.235,0.0985,,,,,122.5,,RV,2006.0,09/04/02,17 44 08.7036,-51 50 02.5910,15.3,1.08,1.245,0.28,5700.0,,Confirmed planets
Kepler-1878 b,0,0.0279,0.261,4.44587994,0.0521,0.0,,,,86.18,1063.0,,transit,2021.0,22/02/01,20 02 56,+44 06 25,1494.3,0.96,0.86,-0.26,5918.0,,Confirmed planets
Kepler-1219 b,0,,0.189,16.10467749,,,,,,,,,transit,2016.0,16/05/10,19 48 51.7938,+47 22 42.6634,903.506,1.25,1.94,0.05,5944.0,,Confirmed planets
Kepler-556 b,0,,0.2,11.72292176,,,,,,,,,transit,2016.0,16/05/10,19 22 07.0629,+38 56 33.5740,687.9,1.0,0.98,0.03,5740.0,,Confirmed planets
Kepler-382 b,0,,0.12029,5.262155,,,,,,,,,transit,2014.0,14/02/26,19 56 32.6845,+45 52 11.7310,841.11,0.874,0.945,,5600.0,,Confirmed planets
Kepler-382 c,0,,0.1449,12.162701,,,,,,,,,transit,2014.0,14/02/26,19 56 32.6845,+45 52 11.7310,841.11,0.874,0.945,,5600.0,,Confirmed planets
TOI-1246 b,0,0.0255,0.2685,4.30744,0.049,,,,,87.9,,,transit,2022.0,22/04/27,16 44 28.00,+70 25 48.00,,,,,,,Confirmed planets
TOI-1246 c,0,0.0277,0.2239,5.904144,0.061,,,,,89.3,,,transit,2022.0,22/04/27,16 44 28.00,+70 25 48.00,,,,,,,Confirmed planets
TOI-1246 d,0,0.0167,0.3131,18.6559,0.131,,,,,89.5,,,transit,2022.0,22/04/27,16 44 28.00,+70 25 48.00,,,,,,,Confirmed planets
TOI-1246 e,0,0.0466,0.3372,37.9216,0.211,,,,,89.3,,,transit,2022.0,22/04/27,16 44 28.00,+70 25 48.00,,,,,,,Confirmed planets
GJ 463 b,0,3.6,1.16,3448.0,3.53,0.09,-69.0,,,152.0,,,RV,2022.0,23/10/15,12 22 59,+64 01 57,18.3554,0.49,0.49,,3540.0,,Confirmed planets
TOI-132 b,0,0.07048,0.305,2.1097019,0.026,0.059,125.88,,,85.03,1395.0,,transit,2020.0,20/02/27,22 33 36,-43 26 12,164.47,0.97,0.9,0.16,5397.0,,Confirmed planets
EPIC 204129699 b,0,1.774,,1.25785,0.022,0.0,,,,,,,transit,2015.0,15/11/15,16 21 45.7780,-23 32 52.2897,110.9,0.91,0.78,0.08,5280.0,,Confirmed planets
Kepler-845 b,0,,0.182,0.92785982,,,,,,,,,transit,2016.0,16/05/10,19 23 49.8164,+49 12 13.6882,436.472,0.79,0.75,0.01,4913.0,,Confirmed planets
HD 168443 b,0,7.659,,58.11247,0.2931,0.52883,,,,,549.0,,RV,1998.0,11/09/26,18 20 03.9331,-09 35 44.6093,37.38,0.995,1.51,0.04,5591.0,,Confirmed planets
HD 168443 c,0,17.193,,1749.83,2.8373,0.2113,,,,35.7,179.3,,RV,2001.0,11/09/26,18 20 03.9331,-09 35 44.6093,37.38,0.995,1.51,0.04,5591.0,,Confirmed planets
WASP-92 b,0,0.805,1.461,2.1746742,0.0348,0.0,,,,83.75,,,transit,2016.0,16/08/19,16 26 46.0987,+51 02 27.8921,530.0,1.19,1.341,0.0,6280.0,,Confirmed planets
CoRoT-28 b,0,0.484,0.955,5.20851,0.059,0.047,,,,88.1,,,transit,2015.0,15/04/07,18 34 45.2033,+05 34 25.3913,560.0,1.01,1.78,0.15,5150.0,12.0,Confirmed planets
Kepler-123 b,0,,0.26792,17.232366,,,,,,,,,transit,2014.0,14/02/26,19 47 59.6609,+42 46 55.0505,1026.8,,1.264,,6089.0,,Confirmed planets
Kepler-123 c,0,,0.13487,26.695074,,,,,,,,,transit,2014.0,14/02/26,19 47 59.6609,+42 46 55.0505,1026.8,,1.264,,6089.0,,Confirmed planets
Kepler-1290 b,0,,0.127,4.69500134,,,,,,,,,transit,2016.0,16/05/10,19 22 44.4610,+43 51 34.7294,1668.89,0.95,0.93,-0.02,5660.0,,Confirmed planets
Kepler-478 b,0,,0.242,13.2217576,,,,,,,,,transit,2016.0,16/05/10,19 29 56.8613,+46 11 46.3456,,0.85,0.8,-0.03,5210.0,,Confirmed planets
HD 94834 b,0,1.26,,1576.0,2.74,0.14,38.0,,,,,,RV,2018.0,18/12/06,10 57 15.1142,+24 08 34.0151,98.43,1.11,4.2,,4798.0,,Confirmed planets
HD 103891 b,0,1.44,,1919.0,3.27,0.31,181.5,,,,,,RV,2021.0,21/12/17,11 57 45.19,-09 58 24.00,54.9,1.28,2.2,-0.19,6072.0,,Confirmed planets
HD 26965 b,2,0.02665,,42.378,,0.04,149.0,,,,,,RV,2018.0,18/07/20,04 15 16.31963,-07 39 10.3404,4.98,0.78,0.812,-0.42,5072.0,6.9,"Confirmed planets, Planets in binary systems, S-type"
HD 197037 b,2,0.79,,1035.7,2.07,0.22,298.0,,,,,,RV,2012.0,16/01/22,20 39 32.96014,+42 14 54.7845,32.3,1.11,,-0.2,6150.0,1.9,"Confirmed planets, Planets in binary systems, S-type"
Kepler-748 b,0,,0.225,7.40742793,,,,,,,,,transit,2016.0,16/05/10,19 29 03.0908,+37 14 13.1370,1790.83,1.07,1.1,0.08,5934.0,,Confirmed planets
K2-368 b,0,0.00735,0.119,5.025598,,,,,,,,,transit,2022.0,22/03/01,22 10 33,-11 09 58,206.608,0.75,0.66,-0.25,4663.0,,Confirmed planets
K2-368 c,0,0.00762,0.121,9.660186,,,,,,,,,transit,2022.0,22/03/01,22 10 33,-11 09 58,206.608,0.75,0.66,-0.25,4663.0,,Confirmed planets
K2-368 d,0,0.014,0.174,20.201085,,,,,,,,,transit,2022.0,22/03/01,22 10 33,-11 09 58,206.608,0.75,0.66,-0.25,4663.0,,Confirmed planets
Kepler-921 b,0,,0.256,51.300634,,,,,,,,,transit,2016.0,16/05/10,18 58 27.8875,+49 11 26.8395,960.246,0.93,0.91,-0.12,5663.0,,Confirmed planets
Kepler-555 b,0,,0.252,16.21775407,,,,,,,,,transit,2016.0,16/05/10,19 02 04.0446,+38 55 56.6658,1001.1,1.03,1.04,0.0,5894.0,,Confirmed planets
PSR 1257+12 A,0,6.29e-05,,25.262,0.19,0.0,0.0,,,,,,timing,1992.0,16/04/12,13 00 03.5767,+12 40 56.4721,710.0,1.4,1.4e-05,,,3.0,Confirmed planets
PSR 1257+12 B,0,0.0135,,66.5419,0.36,0.0186,250.4,,,53.0,,,timing,1992.0,16/04/12,13 00 03.5767,+12 40 56.4721,710.0,1.4,1.4e-05,,,3.0,Confirmed planets
PSR 1257+12 C,0,0.0123,,98.2114,0.46,0.0252,108.3,,3.0,47.0,,,timing,1992.0,16/04/12,13 00 03.5767,+12 40 56.4721,710.0,1.4,1.4e-05,,,3.0,Confirmed planets
WASP-57 b,0,0.672,0.916,2.838971,0.0386,0.0,,,,88.0,1251.0,,transit,2011.0,12/10/08,14 55 16.8228,-02 03 27.5991,455.0,1.01,1.32,,5600.0,,Confirmed planets
Kepler-487 b,0,,1.019,15.3587684,,,,,,,,,transit,2016.0,16/05/10,19 41 08.9282,+41 13 19.0545,894.214,0.91,0.88,0.0,5444.0,,Confirmed planets
Kepler-487 c,0,,0.239,38.6519976,,,,,,,,,transit,2016.0,16/05/10,19 41 08.9282,+41 13 19.0545,894.214,0.91,0.88,0.0,5444.0,,Confirmed planets
K2-322 b,0,,0.171,8.205,0.0594,,,,,88.15,635.0,,transit,2020.0,20/09/03,10 26 29,+04 45 50,123.86,0.63,0.6,,4141.0,,Confirmed planets
Kepler-1665 b,0,,0.253,11.9548,,,,,,,,,transit,2020.0,20/09/03,19 21 35,+41 02 24,338.8,,0.8,,4949.25,,Confirmed planets
K2-330 b,0,0.0255,0.247,13.774798,,,,,,88.634,969.0,,transit,2016.0,22/09/15,08 27 35,+11 40 03,160.125,1.23,1.5,-0.03,6232.0,,Confirmed planets
WASP-24 b,0,1.032,1.104,2.3412083,0.0359,0.0,,,,83.64,1514.1,,transit,2010.0,10/11/29,15 08 51.7366,+02 20 35.9644,330.0,1.129,1.147,0.07,6075.0,,Confirmed planets
Kepler-1654 b,0,0.5,0.819,1047.8356,2.026,0.26,81.0,,,89.982,206.0,,transit,2018.0,18/03/08,18 48 44.5901,+44 26 04.0737,577.6,1.01,1.18,-0.088,5597.0,,Confirmed planets
GQ Lup b,0,21.5,1.8,,,,,,,,,,imaging,2005.0,10/12/06,15 49 12.1055,-35 39 05.0539,140.0,0.7,,,5150.0,,Confirmed planets
Kepler-1013 b,0,,0.192,18.93054959,,,,,,,,,transit,2016.0,16/05/10,19 20 59.5419,+44 26 06.8936,427.442,0.81,0.76,0.04,4954.0,,Confirmed planets
TOI-5542 b,0,1.32,1.009,75.12375,0.332,0.018,125.6,,,89.643,441.0,,transit,2022.0,23/01/12,20 11 12,-61 08 08,348.849,0.89,1.06,-0.21,5700.0,,Confirmed planets
K2-229 b,0,,0.1115,0.58424,,,,,,82.0,,,transit,2018.0,18/07/24,12 27 29.5848,-06 43 18.7660,114.7,0.858,0.802,-0.03,,,Confirmed planets
K2-229 c,0,,0.1927,8.32801,,,,,,88.3,,,transit,2018.0,18/07/24,12 27 29.5848,-06 43 18.7660,114.7,0.858,0.802,-0.03,,,Confirmed planets
Kepler-1321 b,0,,0.439,11.12830484,,,,,,,,,transit,2016.0,16/05/10,19 38 06.8693,+46 38 27.4756,784.129,0.54,0.53,-0.45,4094.0,,Confirmed planets
Kepler-1321 c,0,,0.214,2.22649109,,,,,,,,,transit,2016.0,16/05/10,19 38 06.8693,+46 38 27.4756,784.129,0.54,0.53,-0.45,4094.0,,Confirmed planets
Kepler-1125 b,0,,0.164,17.6700642,,,,,,,,,transit,2016.0,16/05/10,19 41 55.4943,+40 43 55.1430,,0.95,0.94,-0.09,5683.0,,Confirmed planets
Kepler-1762 b,0,0.0253,0.246,29.53910065,0.204,0.0,,,,89.78,714.0,,transit,2021.0,22/02/01,19 21 58,+39 47 08,1663.74,1.3,1.24,0.07,6572.0,,Confirmed planets
Qatar-2 b,0,2.487,1.144,1.3371182,0.02149,0.0,,,,88.3,1179.7,,transit,2011.0,11/10/28,13 50 37,-06 48 14,182.3,0.74,0.713,,4645.0,,Confirmed planets
Kepler-1184 b,0,,0.239,53.5991044,,,,,,,,,transit,2016.0,16/05/10,19 25 07.6936,+46 57 57.5594,1197.32,1.05,1.07,-0.04,5983.0,,Confirmed planets
Kepler-248 c,0,,0.3709,16.239494,,,,,,,,,transit,2014.0,14/02/26,19 32 14.7171,+43 34 52.8798,851.1,,0.831,,5190.0,,Confirmed planets
Kepler-248 b,0,,0.27521,6.308205,,,,,,,,,transit,2014.0,14/02/26,19 32 14.7171,+43 34 52.8798,851.1,,0.831,,5190.0,,Confirmed planets
Kepler-663 b,0,,0.232,4.99678284,,,,,,,,,transit,2016.0,16/05/10,19 51 13.9729,+47 56 47.9634,1095.53,0.86,0.82,0.03,5264.0,,Confirmed planets
Kepler-201 b,0,,0.22418,25.672083,,,,,,,,,transit,2014.0,14/02/26,19 34 30.2499,+41 16 22.1668,608.78,1.177,1.229,,6065.0,,Confirmed planets
Kepler-201 c,0,,0.25972,151.884058,,,,,,,,,transit,2014.0,14/02/26,19 34 30.2499,+41 16 22.1668,608.78,1.177,1.229,,6065.0,,Confirmed planets
Kepler-87 b,0,1.02,1.2,114.7309,0.471,0.036,,,,,478.1,,transit,2013.0,15/12/03,19 51 40.0490,+46 57 54.4270,781.83,1.1,1.82,-0.17,5600.0,7.5,Confirmed planets
Kepler-87 c,0,0.020132,0.55954,192.363,0.664,0.039,,,,,403.3,,transit,2013.0,13/10/14,19 51 40.0490,+46 57 54.4270,781.83,1.1,1.82,-0.17,5600.0,7.5,Confirmed planets
HD 22532 b,0,2.12,,872.6,1.9,0.003,169.1,,,,,,RV,2022.0,22/01/06,03 35 16.00,-49 25 03.00,161.2,1.57,5.69,-0.19,5067.0,,Confirmed planets
HATS-69 b,0,0.577,0.945,2.2252577,0.03211,0.0,,,,88.49,1295.7,,transit,2018.0,18/12/13,19 17 11.3641,-60 53 30.0584,419.5,0.892,0.8785,0.377,5137.0,,Confirmed planets
KMT-2016-BLG-2397L b,0,2.63,,,3.64,,,,,,,,microlensing,2020.0,20/11/05,17 44 51,-23 12 05,4880.0,0.64,,,,,Confirmed planets
HD 3651 b,0,0.2,,62.23,0.284,0.63,,,,83.0,405.0,,RV,2003.0,10/10/19,00 39 21.8055,+21 15 01.7160,11.0,0.79,0.947,0.05,5173.0,,Confirmed planets
HD 3651.02,0,0.09,,31.08,0.186,0.04,55.0,,,,,,RV,2013.0,15/04/23,00 39 21.8055,+21 15 01.7160,11.0,0.79,0.947,0.05,5173.0,,Controversial
Kepler-1210 b,0,,0.152,8.07124073,,,,,,,,,transit,2016.0,16/05/10,19 31 19.7202,+48 13 09.6729,1216.69,0.94,0.92,0.04,5568.0,,Confirmed planets
OGLE-2012-BLG-0950L b,0,0.11,,,,,,,,,,,microlensing,2016.0,18/09/20,18 08 04.62,-29 43 53.7,3000.0,0.56,,,,,Confirmed planets
HATS-49 b,0,0.353,0.765,4.1480467,0.04515,0.071,,,,88.27,835.0,,transit,2020.0,20/02/27,00 26 27.1828,-56 20 39.5351,324.6,0.71,0.7,0.208,4405.0,,Confirmed planets
Kepler-558 b,0,,0.211,29.00790538,,,,,,,,,transit,2016.0,16/05/10,18 58 37.9015,+42 39 09.6943,674.627,0.85,0.81,-0.06,5242.0,,Confirmed planets
Kepler-1590 b,0,,0.102,7.61760804,,,,,,,,,transit,2016.0,16/05/10,19 25 37.8772,+48 01 04.3948,788.644,1.11,1.16,0.03,6053.0,,Confirmed planets
KOI-984 b,0,0.0544,0.384,4.2881785,0.0504,0.12,285.0,,,,1022.0,,transit,2017.0,21/11/19,19 24 11.6983,+36 50 23.5543,229.63,0.928,0.818,0.12,5295.0,,Confirmed planets
KMT-2017-BLG-1194L b,0,0.01114,0.152,,1.78,,,,,,,,microlensing,2023.0,23/10/15,18 17 17,-25 19 26,4240.0,0.41,,,,,Confirmed planets
Kepler-1126 b,0,,0.154,108.593329,,,,,,,,,transit,2016.0,16/05/10,19 02 46.0805,+45 41 21.7825,647.585,0.92,0.93,-0.26,5798.0,,Confirmed planets
Kepler-784 b,0,,0.141,31.5922646,,,,,,,,,transit,2016.0,16/05/10,19 43 40.9559,+47 26 55.0356,1354.65,1.0,1.32,0.07,5674.0,,Confirmed planets
Kepler-698 b,0,,0.328,16.32976218,,,,,,,,,transit,2016.0,16/05/10,19 14 02.4007,+41 18 06.3478,,0.94,0.91,-0.03,5612.0,,Confirmed planets
KOI-1299 b,2,4.87,1.12,52.50097,0.3034,0.535,,,,88.9,,,transit,2014.0,14/10/14,19 33 07.73,+48 17 09.2,870.0,1.353,4.16,-0.07,4850.0,3.5,"Confirmed planets, Planets in binary systems, S-type"
KOI-1299 c,2,2.43,,406.2,,0.498,60.8,,,,,,RV,2014.0,15/02/03,19 33 07.73,+48 17 09.2,870.0,1.353,4.16,-0.07,4850.0,3.5,"Controversial, Planets in binary systems, S-type"
K2-54 b,0,,0.103,9.7843,0.0671,,,,,,,,transit,2016.0,16/07/18,22 32 13.0045,-17 32 38.4784,175.84,0.42,0.38,,3798.0,,Confirmed planets
TOI-1669 b,0,0.573,1.26,502.0,,0.14,,,,,,,RV,2023.0,23/02/22,03 03 50,+83 35 15,111.276,1.0,1.07,0.26,5542.3,,Confirmed planets
Kepler-670 b,0,,1.176,2.81650485,,,,,,,,,transit,2016.0,16/05/10,19 48 03.7153,+49 13 31.1349,965.624,0.99,0.99,0.07,5709.0,,Confirmed planets
Kepler-1374 b,0,,0.204,10.65276707,,,,,,,,,transit,2016.0,16/05/10,19 25 23.9964,+45 10 20.2066,1111.85,0.85,0.81,-0.13,5323.0,,Confirmed planets
K2-238 b,0,0.86,1.3,3.20466,0.046,0.0,90.0,,,84.5,1587.0,,transit,2018.0,18/06/21,23 10 49.0455,-07 51 27.0779,453.0,1.19,1.59,0.34,5630.0,,Confirmed planets
HD 190007 b,0,0.05179,,11.72,0.092,0.14,254.64,,,,,,RV,2020.0,20/12/17,20 02 47.0455,+03 19 34.2648,12.72,0.77,0.79,0.16,4610.0,,Confirmed planets
HD 457 b,0,26.572,1.07,20324.58153,15.369,0.565,240.318,,,62.585,,,RV,2022.0,23/10/15,00 08 60,-39 44 14,55.0375,1.15,1.28,0.34,6114.04,,Confirmed planets
WASP-142 b,0,0.84,1.53,2.052868,0.0347,0.0,,,,80.2,,,transit,2016.0,16/07/11,09 22 01.5338,-23 56 46.2027,840.0,1.33,1.64,0.26,6010.0,2.0,Confirmed planets
Kepler-573 b,0,,0.249,22.18329658,,,,,,,,,transit,2016.0,16/05/10,19 18 05.0788,+51 14 14.3529,788.955,0.99,1.02,0.02,5746.0,,Confirmed planets
Kepler-650 b,0,,0.264,3.03214559,,,,,,,,,transit,2016.0,16/05/10,19 16 00.2048,+45 09 15.2571,,1.08,1.35,0.13,5849.0,,Confirmed planets
EPIC 211901114 b,0,,0.856,1.648932,,,,,,83.5,,,transit,2016.0,18/03/23,08 41 35.6914,+18 44 34.9793,181.5,0.46,0.46,0.14,3440.0,0.79,"Controversial, Planets in open clusters"
Kepler-292 f,0,,0.21416,20.834237,,,,,,,,,transit,2014.0,14/02/26,19 43 03.8776,+42 25 27.4502,1216.22,0.834,0.826,,5299.0,,Confirmed planets
Kepler-292 d,0,,0.20322,7.055679,,,,,,,,,transit,2014.0,14/02/26,19 43 03.8776,+42 25 27.4502,1216.22,0.834,0.826,,5299.0,,Confirmed planets
Kepler-292 e,0,,0.24332,11.97901,,,,,,,,,transit,2014.0,14/02/26,19 43 03.8776,+42 25 27.4502,1216.22,0.834,0.826,,5299.0,,Confirmed planets
Kepler-292 c,0,,0.13396,3.715335,,,,,,,,,transit,2014.0,14/02/26,19 43 03.8776,+42 25 27.4502,1216.22,0.834,0.826,,5299.0,,Confirmed planets
Kepler-292 b,0,,0.12029,2.580827,,,,,,,,,transit,2014.0,14/02/26,19 43 03.8776,+42 25 27.4502,1216.22,0.834,0.826,,5299.0,,Confirmed planets
Kepler-1121 b,0,,0.17,13.15141081,,,,,,,,,transit,2016.0,16/05/10,19 51 08.7698,+47 53 10.0426,488.806,1.29,1.59,0.12,6231.0,,Confirmed planets
GJ 3512 b,0,0.463,,203.59,0.338,0.4356,125.49,,,,,,RV,2019.0,19/10/10,08 41 20.1289,+59 29 50.4448,9.49,0.12,0.14,-0.07,3081.0,,Confirmed planets
Kepler-141 c,0,,0.12849,7.010606,,,,,,,,,transit,2014.0,14/02/26,19 51 53.0054,+47 43 54.0190,313.46,1.001,0.787,,4910.0,,Confirmed planets
Kepler-141 b,0,,0.06288,3.107675,,,,,,,,,transit,2014.0,14/02/26,19 51 53.0054,+47 43 54.0190,313.46,1.001,0.787,,4910.0,,Confirmed planets
KOI-314 b,0,0.006197,0.109083,13.7813,0.091,0.05,72.0,,,,446.0,,transit,2014.0,15/07/14,19 21 31.5681,+43 17 34.6803,114.07,0.521,0.442,-0.28,3841.0,,Confirmed planets
KOI-314 c,0,0.002013,0.11045,23.0881,0.128,,170.0,,,,376.0,,transit,2014.0,15/07/14,19 21 31.5681,+43 17 34.6803,114.07,0.521,0.442,-0.28,3841.0,,Confirmed planets
Kepler-138 b,0,0.000208,0.04757,10.3126,0.075,,,,,,,,transit,2014.0,15/07/14,19 21 31.5681,+43 17 34.6803,114.07,0.521,0.442,-0.28,3841.0,,Confirmed planets
Kepler-970 b,0,,0.247,16.73652231,,,,,,,,,transit,2016.0,16/05/10,19 18 30.0563,+40 42 31.4197,334.739,0.7,0.67,-0.08,4511.0,,Confirmed planets
HAT-P-50 b,0,1.35,1.288,3.1220109,0.0453,,,,,83.65,1862.0,,transit,2015.0,15/03/13,07 52 15.2179,+12 08 21.8386,497.0,1.273,1.698,-0.18,6280.0,3.37,Confirmed planets
HD 23127 b,0,1.5,,1214.0,2.4,0.44,,,,,205.3,,RV,2007.0,07/02/09,03 39 23.6379,-60 04 40.2386,89.1,1.13,,0.34,5927.0,,Confirmed planets
DMPP-2 b,0,0.437,,5.2072,0.0664,0.078,,,,,1000.0,,RV,2019.0,20/01/30,01 49 37.8897,-34 27 32.8726,134.0,1.44,1.78,,6500.0,,Confirmed planets
Kepler-1789 b,0,0.0264,0.253,80.23190308,0.3543,0.0,,,,89.19,380.0,,transit,2021.0,22/02/01,18 51 27,+41 47 48,611.461,0.92,0.89,0.12,5436.0,,Confirmed planets
Kepler-490 b,0,,1.039,3.26869515,,,,,,,,,transit,2016.0,16/05/10,19 40 06.1617,+46 57 21.5649,1591.34,1.08,1.12,-0.02,6045.0,,Confirmed planets
HD 4203 b,0,1.82,,437.05,1.1735,0.52,328.03,,,,,,RV,2001.0,17/12/10,00 44 41.2002,+20 26 56.1379,78.92,1.13,1.33,0.453,5702.0,,Confirmed planets
HD 4203 c,0,1.51,,7053.0,7.5,0.182,232.2,,,,,,RV,2014.0,17/12/10,00 44 41.2002,+20 26 56.1379,78.92,1.13,1.33,0.453,5702.0,,Confirmed planets
TYC 1422-614-1 b,0,2.5,,198.4,0.69,0.06,,,,,,,RV,2014.0,14/10/22,10 17 06.6760,+19 33 30.4383,759.0,1.15,6.85,0.15,4806.0,9.77,Confirmed planets
TYC 1422-614-1 c,0,10.0,,559.3,1.37,0.048,,,,,,,RV,2014.0,14/10/22,10 17 06.6760,+19 33 30.4383,759.0,1.15,6.85,0.15,4806.0,9.77,Confirmed planets
Kepler-400 b,0,,0.15036,9.024389,,,,,,,,,transit,2014.0,14/02/26,19 23 46.6811,+40 28 48.1260,716.62,1.03,1.145,,5886.0,,Confirmed planets
Kepler-400 c,0,,0.13578,17.340824,,,,,,,,,transit,2014.0,14/02/26,19 23 46.6811,+40 28 48.1260,716.62,1.03,1.145,,5886.0,,Confirmed planets
HIP 78530 b,0,24.0,,,,,,,,,2700.0,,imaging,2011.0,15/06/10,16 01 55.4546,-21 58 49.3975,156.7,2.5,,,10500.0,11.0,Confirmed planets
Kepler-1940 b,0,0.00948,0.138,4.95061016,0.0525,0.0,,,,88.69,885.0,,transit,2021.0,22/02/01,19 24 49,+45 14 18,798.595,0.8,0.72,-0.44,5431.0,,Confirmed planets
Kepler-703 b,0,,0.732,4.58352176,,,,,,,,,transit,2016.0,16/05/10,19 56 44.8490,+41 44 33.7067,1194.17,1.18,1.27,0.05,6185.0,,Confirmed planets
Kepler-257 c,0,,0.49301,6.581484,,,,,,,,,transit,2014.0,14/02/26,19 49 15.8351,+46 01 23.7465,1167.03,0.74,1.037,,5180.0,,Confirmed planets
Kepler-257 b,0,,0.23785,2.382667,,,,,,,,,transit,2014.0,14/02/26,19 49 15.8351,+46 01 23.7465,1167.03,0.74,1.037,,5180.0,,Confirmed planets
Kepler-257 d,0,,0.45109,24.664551,,,,,,,,,transit,2014.0,14/02/26,19 49 15.8351,+46 01 23.7465,1167.03,0.74,1.037,,5180.0,,Confirmed planets
TOI-332 b,0,0.17997,0.285,0.777038,0.0159,0.0,0.0,,,86.4,1871.0,,transit,2023.0,23/10/15,23 12 14,-44 52 35,222.852,0.88,0.87,0.256,5251.0,,Confirmed planets
Kepler-235 b,0,,0.20322,3.340222,,,,,,,,,transit,2014.0,14/02/26,19 04 18.9843,+39 16 41.9438,525.48,0.581,0.554,,4255.0,,Confirmed planets
Kepler-235 d,0,,0.18682,20.060548,,,,,,,,,transit,2014.0,14/02/26,19 04 18.9843,+39 16 41.9438,525.48,0.581,0.554,,4255.0,,Confirmed planets
Kepler-235 e,0,,0.20231,46.183669,,,,,,,,,transit,2014.0,14/02/26,19 04 18.9843,+39 16 41.9438,525.48,0.581,0.554,,4255.0,,Confirmed planets
Kepler-235 c,0,,0.11665,7.824904,,,,,,,,,transit,2014.0,14/02/26,19 04 18.9843,+39 16 41.9438,525.48,0.581,0.554,,4255.0,,Confirmed planets
K2-258 b,0,,0.268,19.0921,0.149,,,,,,831.0,,transit,2018.0,18/07/12,12 30 31.5211,-01 09 39.2421,675.2,1.21,1.31,0.01,6351.0,,Confirmed planets
TOI-2109 b,0,5.02,1.347,0.67247414,,,,,,,3631.0,,transit,2021.0,21/11/23,16 52 45.00,+16 34 48.00,264.0,1.447,1.698,,6500.0,,Confirmed planets
Kepler-465 b,0,,0.263,9.94067247,,,,,,,,,transit,2016.0,16/05/10,18 58 13.3773,+46 03 49.8232,561.987,1.23,1.29,0.09,6310.0,,Confirmed planets
HD 39091 b,0,10.02,,2093.07,3.1,0.637,330.61,,,,,,RV,2001.0,18/09/18,05 37 09.8851202601,-80 28 08.831347245,18.27,1.094,1.1,0.08,6037.0,2.98,Confirmed planets
π Mensae c,0,0.01517,0.1909,6.2682,0.06839,0.0,,,,87.27,,,transit,2018.0,18/09/18,05 37 09.8851202601,-80 28 08.831347245,18.27,1.094,1.1,0.08,6037.0,2.98,Confirmed planets
BLG-1691L b,0,0.046,,,2.46,,,,,,,,microlensing,2022.0,22/05/26,17 34 23.00,-29 17 05.00,7290.0,0.45,,,,,Confirmed planets
KIC 8121913 b,0,2.1,,3.294601,,,,,,,,,transit,2021.0,21/08/05,19 55 52.2801,+43 54 33.8265,721.8132,1.456,2.233,0.252,5975.3,,Confirmed planets
Pr0201 b,0,0.54,,4.4264,,0.0,,,,,,,RV,2012.0,18/03/23,08 41 43.8157,+20 13 36.755,178.0,1.234,1.167,0.187,6174.0,0.578,"Confirmed planets, Planets in open clusters"
ups Leo b,0,0.51,,385.2,1.18,0.32,131.0,,,,,,RV,2021.0,21/12/16,11 36 57.00,-00 49 25.00,,,,,,,Confirmed planets
Kepler-846 b,0,,0.221,19.80792185,,,,,,,,,transit,2016.0,16/05/10,19 08 13.6981,+49 02 45.6339,1164.42,0.94,0.91,0.0,5579.0,,Confirmed planets
MOA-2007-BLG-192L b,0,0.0101,,,,,,,,,,,microlensing,2008.0,18/09/18,18 08 03.798,-27 09 00.27,660.0,0.084,,,,,Confirmed planets
OGLE-2017-BLG-1522L b,0,0.75,,,,,,,,,,,microlensing,2018.0,18/09/20,18 01 16.65,-28 27 43.1,7490.0,0.045,,,,,Confirmed planets
Kepler-1150 b,0,,0.091,2.78786839,,,,,,,,,transit,2016.0,16/05/10,19 46 53.8782,+49 31 57.6658,362.253,0.76,0.72,0.01,4754.0,,Confirmed planets
TOI-1710 b,0,0.089,0.4764,24.283429,0.16,0.16,17.0,,,89.6,,,transit,2022.0,22/04/20,06 17 07.00,+76 12 39.00,81.1376,0.984,0.968,0.1,5665.0,,Confirmed planets
Kepler-1809 b,0,0.00912,0.135,3.7572999,0.0435,0.0,,,,88.7,877.0,,transit,2021.0,22/02/01,19 21 04,+40 32 55,409.602,0.81,0.72,0.04,4901.0,,Confirmed planets
Kepler-1851 b,0,0.0455,0.348,12.02289963,0.1016,0.0,,,,87.95,776.0,,transit,2021.0,22/02/01,19 02 42,+45 38 23,1589.81,0.97,0.88,-0.28,5982.0,,Confirmed planets
Kepler-326 c,0,,0.12758,4.580358,,,,,,,,,transit,2014.0,14/02/26,19 37 18.1341,+46 00 08.0540,386.07,0.914,0.801,,5105.0,,Confirmed planets
Kepler-326 b,0,,0.13852,2.248329,,,,,,,,,transit,2014.0,14/02/26,19 37 18.1341,+46 00 08.0540,386.07,0.914,0.801,,5105.0,,Confirmed planets
Kepler-326 d,0,,0.11027,6.766888,,,,,,,,,transit,2014.0,14/02/26,19 37 18.1341,+46 00 08.0540,386.07,0.914,0.801,,5105.0,,Confirmed planets
KMT-2021-BLG-0748 b,0,0.45,,,2.43,,,,,,,,microlensing,2022.0,22/02/08,18 09 41.00,-25 44 48.00,6090.0,0.36,,,,,Confirmed planets
Kepler-105 b,0,,0.25972,5.4122,,,,,,,,,transit,2014.0,16/01/13,19 11 32.9514,+46 16 34.3849,488.45,1.18,1.16,,5873.0,,Confirmed planets
Kepler-105 c,0,0.014483,0.14672,7.125939,,,,,,,,,transit,2014.0,16/01/13,19 11 32.9514,+46 16 34.3849,488.45,1.18,1.16,,5873.0,,Confirmed planets
KOI-115.03,0,,0.0023,3.43632,,,,,,88.81,,,transit,2013.0,16/01/13,19 11 32.9514,+46 16 34.3849,488.45,1.18,1.16,,5873.0,,Controversial
TOI-199 b,0,0.17,0.81,104.854,0.4254,0.09,350.0,,,90.0,359.0,,transit,2023.0,23/10/15,05 20 25,-59 53 44,102.27,0.94,0.82,0.22,5255.0,,Confirmed planets
TOI-199 c,0,0.28,1.01,273.69,0.807,0.096,8.0,,,90.0,,,timing,2023.0,23/10/15,05 20 25,-59 53 44,102.27,0.94,0.82,0.22,5255.0,,Confirmed planets
Kepler-4 b,0,0.077,0.357,3.21346,0.0456,0.0,,,,89.76,1474.7,,transit,2010.0,10/01/06,19 02 27.6981,+50 08 08.7037,550.0,1.223,1.487,0.17,5857.0,,Confirmed planets
HD 74698 b,0,0.07,0.457,15.017,0.121,0.1,143.0,,,,,,RV,2023.0,23/10/15,08 40 18,-71 52 37,52.0648,1.04,1.33,0.07,5783.0,,Confirmed planets
HD 74698 c,0,0.4,1.24,3449.0,4.5,0.2,103.0,,,,,,RV,2023.0,23/10/15,08 40 18,-71 52 37,52.0648,1.04,1.33,0.07,5783.0,,Confirmed planets
Kepler-47 (AB) b,1,,0.27156828,49.514,0.2956,,,,,89.59,448.8,,transit,2012.0,12/08/28,19 41 11,+46 55 13,1189.0,,,,,,"Confirmed planets, Planets in binary systems, P-type"
Kepler-47 (AB) c,1,,0.42011066,303.158,0.989,,,,,89.826,245.3,,transit,2012.0,12/08/28,19 41 11,+46 55 13,1189.0,,,,,,"Confirmed planets, Planets in binary systems, P-type"
Kepler-47 (AB) d,1,0.05984,0.628,187.366,0.6992,0.024,352.0,,,90.395,,,transit,2019.0,19/04/25,19 41 11,+46 55 13,1189.0,,,,,,"Confirmed planets, Planets in binary systems, P-type"
Kepler-481 b,0,,0.223,10.06082567,,,,,,,,,transit,2016.0,16/05/10,19 27 37.6885,+49 15 43.3745,833.194,1.01,1.09,0.03,5802.0,,Confirmed planets
Kepler-801 b,0,,0.178,11.41928253,,,,,,,,,transit,2016.0,16/05/10,19 04 18.0532,+44 39 52.6924,446.05,0.67,0.63,-0.17,4435.0,,Confirmed planets
Kepler-733 b,0,,0.252,20.83424726,,,,,,,,,transit,2016.0,16/05/10,19 32 04.3839,+45 54 52.9453,941.176,0.9,0.86,0.01,5418.0,,Confirmed planets
WASP-8 b,2,2.24,1.038,8.158724,0.0801,0.3044,274.215,,,88.55,,,transit,2008.0,17/12/21,23 59 36.0711,-35 01 52.920,89.3,1.04,0.945,0.17,5600.0,,"Confirmed planets, Planets in binary systems, S-type"
WASP-8 c,2,9.45,,4323.0,5.28,0.0,90.0,,,,,,RV,2014.0,17/12/21,23 59 36.0711,-35 01 52.920,89.3,1.04,0.945,0.17,5600.0,,"Confirmed planets, Planets in binary systems, S-type"
TOI-4582 b,0,0.53,0.94,31.034,,0.51,-0.166,,,,815.0,,transit,2023.0,23/10/15,17 07 26,+68 51 56,383.846,1.34,2.5,0.17,5190.0,,Confirmed planets
Kepler-971 b,0,,0.19,9.59070716,,,,,,,,,transit,2016.0,16/05/10,18 56 22.6993,+41 10 58.0800,341.67,0.88,0.85,-0.06,5431.0,,Confirmed planets
HD 90156 b,0,0.057,,49.77,0.25,0.31,,,,,621.4,,RV,2009.0,10/10/06,10 23 55.2739,-29 38 43.9066,39.6,0.84,,-0.24,5599.0,,Confirmed planets
Kepler-1271 b,0,,0.132,3.0255955,,,,,,,,,transit,2016.0,16/05/10,19 05 22.6297,+37 24 43.1096,852.079,1.13,1.23,-0.01,6143.0,,Confirmed planets
Kepler-1101 b,0,,0.22,81.3151059,,,,,,,,,transit,2016.0,16/05/10,19 38 16.6472,+45 40 16.4853,758.438,0.94,0.91,-0.04,5614.0,,Confirmed planets
Kepler-58 b,0,,0.25699,10.218558,,,,,,,,,transit,2014.0,14/02/26,19 45 26.0756,+39 06 54.7297,1302.83,1.04,1.127,,6099.0,,Confirmed planets
Kepler-58 c,0,,0.24241,54.155743,,,,,,,,,transit,2014.0,14/02/26,19 45 26.0756,+39 06 54.7297,1302.83,1.04,1.127,,6099.0,,Confirmed planets
Kepler-58 d,0,,0.26792,40.101371,,,,,,,,,transit,2014.0,14/02/26,19 45 26.0756,+39 06 54.7297,1302.83,1.04,1.127,,6099.0,,Confirmed planets
Kepler-857 b,0,,0.607,85.35129427,,,,,,,,,transit,2016.0,16/05/10,19 38 31.7813,+43 24 01.6734,1011.63,0.99,0.99,0.02,5773.0,,Confirmed planets
Kepler-1047 b,0,,0.186,56.1886887,,,,,,,,,transit,2016.0,16/05/10,19 14 35.1093,+50 47 20.4259,837.381,1.08,1.13,0.29,5754.0,,Confirmed planets
Kepler-1047 c,0,,0.088,3.18897601,,,,,,,,,transit,2016.0,16/05/10,19 14 35.1093,+50 47 20.4259,837.381,1.08,1.13,0.29,5754.0,,Confirmed planets
Kepler-1371 b,0,,0.065,3.4462039,,,,,,,,,transit,2016.0,16/05/10,19 15 19.5351,+47 33 07.1856,523.067,0.87,0.83,-0.07,5361.0,,Confirmed planets
Kepler-1371 c,0,,0.057,2.00541269,,,,,,,,,transit,2016.0,16/05/10,19 15 19.5351,+47 33 07.1856,523.067,0.87,0.83,-0.07,5361.0,,Confirmed planets
OGLE-2014-BLG-1760L b,0,0.573,,,,,,,,,,,microlensing,2016.0,17/12/09,17 57 38.16,-28 57 47.37,6860.0,0.51,,,,,Confirmed planets
Kepler-501 b,0,,0.384,5.64067757,,,,,,,,,transit,2016.0,16/05/10,19 48 48.3666,+41 43 48.6800,1162.25,1.03,1.04,-0.03,5904.0,,Confirmed planets
EPIC 211970147 b,0,,0.116,9.915615,,0.1,-1.0,,,89.0,,,transit,2016.0,16/09/07,08 40 13.4532,+19 46 43.7121,181.5,0.77,0.71,0.14,4695.0,0.79,"Confirmed planets, Planets in open clusters"
KMT-2017-BLG-2509 b,0,2.09,,,2.14,,,,,,,,microlensing,2021.0,21/09/16,17 42 22.00,-26 19 02.00,7040.0,0.46,,,,,Confirmed planets
OGLE-2019-BLG-0299 b,0,6.22,,,2.8,,,,,,,,microlensing,2021.0,21/09/17,17 42 22.00,-26 19 02.00,7040.0,0.46,,,,,Confirmed planets
TOI-1444 b,0,0.01218,0.12463,0.4702694,,0.0,,,,82.0,,,transit,2021.0,21/05/20,20 21 54.00,+70 56 37.00,125.0,0.934,0.907,0.13,5430.0,,Confirmed planets
TOI-1444 c,0,11.8,,16.086,,0.0,,,,,,,RV,2021.0,21/05/20,20 21 54.00,+70 56 37.00,125.0,0.934,0.907,0.13,5430.0,,Confirmed planets
HD 104067 b,0,0.186,,55.806,0.2643,0.0,,,,,363.2,,RV,2009.0,11/07/05,11 59 10.0086,-20 21 13.6101,20.8,0.791,,-0.06,4969.0,,Confirmed planets
Kepler-1230 b,0,,0.242,9.95661537,,,,,,,,,transit,2016.0,16/05/10,18 53 03.4878,+41 42 41.3339,1419.04,1.06,1.08,0.01,5961.0,,Confirmed planets
Kepler-332 b,0,,0.10662,7.626324,,,,,,,,,transit,2014.0,14/02/26,19 06 39.1084,+47 24 49.3882,379.55,,0.72,,4955.0,,Confirmed planets
Kepler-332 c,0,,0.09933,15.995622,,,,,,,,,transit,2014.0,14/02/26,19 06 39.1084,+47 24 49.3882,379.55,,0.72,,4955.0,,Confirmed planets
Kepler-332 d,0,,0.10753,34.21154,,,,,,,,,transit,2014.0,14/02/26,19 06 39.1084,+47 24 49.3882,379.55,,0.72,,4955.0,,Confirmed planets
KOI-423 b,0,19.1,1.11,21.087212,0.162,0.0,,,,89.23,,,transit,2011.0,15/01/27,19 47 50.4745,+46 02 03.4991,1200.0,1.26,1.25,0.1,6350.0,1.0,Confirmed planets
HAT-P-66 b,0,0.783,1.59,2.972086,0.04363,0.0,,,,86.2,,,transit,2016.0,16/09/12,10 02 17.4467,+53 57 03.2019,927.0,1.255,1.881,0.035,6002.0,4.66,Confirmed planets
HAT-P-43 b,0,0.66,1.283,3.332688,0.0443,0.0,,,,88.7,1361.0,,transit,2013.0,13/01/02,08 35 42.1747,+10 12 23.9238,543.0,1.048,1.104,0.23,5645.0,5.7,Confirmed planets
Kepler-1246 b,0,,0.121,11.32271513,,,,,,,,,transit,2016.0,16/05/10,19 10 37.7758,+48 58 55.7490,441.93,0.73,0.69,-0.03,4611.0,,Confirmed planets
Kepler-1527 b,0,,0.426,160.129918,,,,,,,,,transit,2016.0,16/05/10,19 49 39.4630,+46 03 38.9607,,1.21,1.32,0.07,6224.0,,Confirmed planets
Kepler-1760 b,0,0.0184,0.204,38.3260994,0.2084,0.0,,,,88.34,480.0,,transit,2021.0,22/02/01,18 56 32,+48 49 31,,0.82,0.9,0.08,5229.0,,Confirmed planets
Kepler-296 c,2,,0.178,5.8416366,0.0521,,,,,89.4,,,transit,2014.0,15/05/11,19 06 09.602,+49 26 14.37,558.5,0.498,0.48,-0.08,3740.0,,"Confirmed planets, Planets in binary systems, S-type"
Kepler-296 d,2,,0.186,19.850291,0.118,,,,,89.7,,,transit,2014.0,15/05/11,19 06 09.602,+49 26 14.37,558.5,0.498,0.48,-0.08,3740.0,,"Confirmed planets, Planets in binary systems, S-type"
Kepler-296 b,2,,0.144,10.864384,0.079,,,,,89.0,,,transit,2014.0,15/05/11,19 06 09.602,+49 26 14.37,558.5,0.498,0.48,-0.08,3740.0,,"Confirmed planets, Planets in binary systems, S-type"
Kepler-296 f,2,,0.161,63.33627,0.255,,,,,89.7,,,transit,2014.0,15/05/11,19 06 09.602,+49 26 14.37,558.5,0.498,0.48,-0.08,3740.0,,"Confirmed planets, Planets in binary systems, S-type"
Kepler-296 e,2,,0.136,34.14211,0.169,,,,,89.7,,,transit,2014.0,15/05/11,19 06 09.602,+49 26 14.37,558.5,0.498,0.48,-0.08,3740.0,,"Planets in binary systems, S-type, Confirmed planets"
Kepler-1180 b,0,,0.178,16.8601286,,,,,,,,,transit,2016.0,16/05/10,19 43 32.9981,+43 09 21.8013,1669.73,1.09,1.14,0.0,6077.0,,Confirmed planets
Kepler-100 c,0,,0.200487,12.8159,0.11,0.02,,,,89.8,,,transit,2014.0,14/02/24,19 25 32.6433,+41 59 24.9441,296.6,1.08,1.49,0.02,5825.0,6.46,Confirmed planets
Kepler-100 b,0,0.0231,0.120292,6.88705,0.0727,0.13,,,,87.1,,,transit,2014.0,14/02/24,19 25 32.6433,+41 59 24.9441,296.6,1.08,1.49,0.02,5825.0,6.46,Confirmed planets
Kepler-100 d,0,,0.14672,35.3331,0.216,,,,,88.62,,,transit,2014.0,14/02/24,19 25 32.6433,+41 59 24.9441,296.6,1.08,1.49,0.02,5825.0,6.46,Confirmed planets
HAT-P-6 b,0,1.057,1.33,3.853003,0.05235,0.0,,,,85.51,1529.9,,transit,2007.0,12/07/05,23 39 05.8101,+42 27 57.5034,200.0,1.29,1.46,-0.13,6570.0,,Confirmed planets
TOI-2194 b,0,0.0145,0.177,15.337597,,,,,,89.27,590.88,,transit,2023.0,23/10/15,19 56 38,-31 20 07,19.5711,0.74,0.69,-0.372,4756.0,,Confirmed planets
Kepler-716 b,0,,0.259,10.37168453,,,,,,,,,transit,2016.0,16/05/10,19 21 34,+43 21 50,675.0,0.83,0.78,0.0,5099.0,,Confirmed planets
Kepler-716 c,0,,0.124,3.96999,,,,,,,,,transit,2020.0,20/09/03,19 21 34,+43 21 50,675.0,0.83,0.78,0.0,5099.0,,Confirmed planets
Kepler-97 b,0,0.011041,0.134873,2.58664,,,,,,,,,transit,2014.0,14/02/24,19 09 18.3876,+48 40 24.3654,414.4,0.94,0.98,-0.2,5779.0,8.42,Confirmed planets
Kepler-97 c,0,,,,,,,,,,,,RV,2014.0,14/02/24,19 09 18.3876,+48 40 24.3654,414.4,0.94,0.98,-0.2,5779.0,8.42,Confirmed planets
Kepler-967 b,0,,0.21,13.22713379,,,,,,,,,transit,2016.0,16/05/10,19 06 13.9383,+38 24 19.1779,372.176,0.84,0.8,-0.03,5178.0,,Confirmed planets
Kepler-967 c,0,,0.326,198.7112502,,,,,,,,,transit,2016.0,16/05/10,19 06 13.9383,+38 24 19.1779,372.176,0.84,0.8,-0.03,5178.0,,Confirmed planets
HD 212771 b,0,2.3,,373.3,1.22,0.111,,,,,456.8,,RV,2010.0,10/03/19,22 27 03.0722,-17 15 49.1631,131.0,1.15,5.0,-0.21,5121.0,,Confirmed planets
K2-396 b,0,0.00981,0.141,0.673862,,,,,,,,,transit,2022.0,22/03/01,04 58 46,+17 16 09,274.864,0.95,0.92,0.237,5236.0,,Confirmed planets
K2-396 c,0,0.0312,0.279,25.76051,,,,,,,,,transit,2022.0,22/03/01,04 58 46,+17 16 09,274.864,0.95,0.92,0.237,5236.0,,Confirmed planets
KMT-2016-BLG-2364L b,0,3.93,,,2.63,,,,,,,,microlensing,2020.0,20/11/05,17 42 52,-27 26 08,6440.0,0.5,,,,,Confirmed planets
EPIC 211391664 b,0,0.101,0.38,10.13675,0.0943,,,,,89.0,,,transit,2016.0,18/07/24,08 25 57.1875,+11 30 40.0834,435.0,1.074,1.311,-0.2,6120.0,5.2,Confirmed planets
HATS-64 b,0,0.96,1.679,4.908897,0.06562,0.0,,,,87.24,1793.0,,transit,2018.0,18/12/13,09 37 09.0299,-29 48 01.5746,1114.0,1.564,2.113,0.22,6554.0,,Confirmed planets
Kepler-17 b,0,2.47,1.33,1.4857108,0.02591,0.011,,,,87.2,1622.7,,transit,2011.0,15/12/03,19 53 34.8642,+47 48 54.0499,800.0,1.16,1.05,0.26,5781.0,,Confirmed planets
OGLE-2018-BLG-0932L b,0,0.89,1.24,,1.75,,,,,,,,microlensing,2022.0,23/10/15,17 53 24,-29 01 18,6620.0,0.72,,,,,Confirmed planets
Kepler-601 b,0,,0.17,5.37886844,,,,,,,,,transit,2016.0,16/05/10,18 48 01.1083,+42 10 35.4247,419.851,0.85,0.79,-0.02,5160.0,,Confirmed planets
Kepler-1763 b,0,0.00499,0.102,1.48028004,0.0257,0.0,,,,89.28,1822.0,,transit,2021.0,22/09/15,19 36 27,+40 21 46,756.486,1.03,1.26,0.02,5897.0,,Confirmed planets
HD 1461 b,0,0.02026,,5.77152,0.0634,,,271.6,,,,,RV,2009.0,17/12/23,00 18 41.86724,-08 03 10.8024,23.25,1.02,1.095,0.19,5765.0,,Confirmed planets
HD 1461 c,0,0.01759,,13.5052,0.1117,,,317.9,,,,,RV,2016.0,17/12/23,00 18 41.86724,-08 03 10.8024,23.25,1.02,1.095,0.19,5765.0,,Confirmed planets
HD 1461 d,0,0.08778,,446.0,1.151,0.0,,,,,,,RV,2009.0,17/12/23,00 18 41.86724,-08 03 10.8024,23.25,1.02,1.095,0.19,5765.0,,Controversial
HD 1461 e,0,0.274,,5017.0,5.78,0.0,,,,,,,RV,2009.0,17/12/23,00 18 41.86724,-08 03 10.8024,23.25,1.02,1.095,0.19,5765.0,,Controversial
NGTS-9 b,0,2.9,1.07,4.43527,0.058,0.06,,,,84.1,1448.0,,transit,2019.0,19/11/21,09 27 40.9610,-19 20 51.5583,619.74,1.34,1.38,0.31,6330.0,,Confirmed planets
Kepler-1301 b,0,,0.125,9.08237046,,,,,,,,,transit,2016.0,16/05/10,19 06 25.0002,+42 26 25.1299,875.5034,0.85,0.81,0.01,5188.0,,Confirmed planets
Kepler-662 b,0,,0.194,21.67697486,,,,,,,,,transit,2016.0,16/05/10,19 21 51.6241,+47 55 45.0546,834.794,0.79,0.74,-0.03,4897.0,,Confirmed planets
K2-188 b,0,,0.1124,1.74298,,,,,,83.9,,,transit,2018.0,18/07/24,08 39 15.2733,+23 21 26.9328,484.3,1.107,1.11,0.16,,,Confirmed planets
K2-188 c,0,,0.2346,7.8076,,,,,,88.1,,,transit,2018.0,18/07/24,08 39 15.2733,+23 21 26.9328,484.3,1.107,1.11,0.16,,,Confirmed planets
TOI-1430 b,0,0.022,0.187,7.434162,0.0705,,,,,88.69,813.0,,transit,2022.0,22/07/29,20 02 28.00,+53 22 39.00,,,,,,,Confirmed planets
Kepler-709 b,0,,0.261,16.08524954,,,,,,,,,transit,2016.0,16/05/10,19 28 25.2559,+42 22 49.0355,677.599,0.8,0.77,-0.08,5071.0,,Confirmed planets
K2-200 b,0,,0.1213,2.84988,,,,,,88.0,,,transit,2018.0,18/07/24,13 29 00.3812,-04 36 36.7981,183.9,0.86,0.792,-0.04,,,Confirmed planets
Kepler-547 b,0,,0.357,6.01038429,,,,,,,,,transit,2016.0,16/05/10,19 04 28.4826,+44 20 42.9365,383.127,0.78,0.73,0.01,4828.0,,Confirmed planets
TOI-1062 b,0,0.032,0.20198,4.11412,0.052,0.179,110.0,,,85.908,1077.0,,transit,2021.0,21/05/06,02 32 29.00,-78 01 25.00,82.2,0.94,0.84,0.14,5328.0,,Confirmed planets
TOI-1062 c,0,9.35,,,,0.137,151.0,,,,859.0,,RV,2021.0,21/05/06,02 32 29.00,-78 01 25.00,82.2,0.94,0.84,0.14,5328.0,,Confirmed planets
HD 56414 b,0,0.0418,0.331,29.04992,0.229,0.68,,,,89.3,1133.0,,transit,2022.0,22/09/27,07 11 22,-68 50 00,272.217,1.89,1.75,0.0,8500.0,,Confirmed planets
Nu Oct A b,2,2.1,,,1.27261,0.12,355.0,,237.8,115.0,,,RV,2009.0,17/12/01,21 41 28.64977,-77 23 24.1563,22.1,1.61,5.81,0.18,4860.0,,"Controversial, Planets in binary systems, S-type"
K2-345 b,0,0.016,0.188,10.367437,,,,,,,437.0,,transit,2016.0,21/10/03,08 50 50,+21 47 21,162.408,0.56,0.52,0.26,3779.0,,Confirmed planets
Kepler-1390 b,0,,0.105,6.48021673,,,,,,,,,transit,2016.0,16/05/10,19 54 38.9696,+48 14 55.6244,738.716,0.98,0.98,-0.01,5753.0,,Confirmed planets
Kepler-564 b,0,,0.413,3.75083228,,,,,,,,,transit,2016.0,16/05/10,19 47 21.2150,+46 37 35.0887,884.799,0.95,0.92,-0.01,5626.0,,Confirmed planets
Kepler-982 b,0,,0.201,15.7738221,,,,,,,,,transit,2016.0,16/05/10,19 13 40.2447,+46 35 25.5676,820.277,1.16,1.29,0.05,6139.0,,Confirmed planets
TOI-836 b,0,0.01425,0.152,3.81673,0.0422,0.053,9.0,,,87.57,871.0,,transit,2023.0,23/10/15,15 00 19,-24 27 15,27.5024,0.68,0.67,-0.284,4552.0,,Confirmed planets
TOI-836 c,0,0.0302,0.231,8.59545,0.075,0.078,-28.0,,,88.7,665.0,,transit,2023.0,23/10/15,15 00 19,-24 27 15,27.5024,0.68,0.67,-0.284,4552.0,,Confirmed planets
TOI-778 b,0,2.8,1.37,4.633611,0.06,0.21,28.0,,,84.7,1561.0,,transit,2023.0,23/10/15,13 17 20,-15 16 25,161.743,1.4,1.71,0.0,6643.0,,Confirmed planets
Kepler-1005 b,0,,0.134,6.49801525,,,,,,,,,transit,2016.0,16/05/10,19 05 08.6367,+43 19 13.6814,577.267,1.0,1.06,0.02,5782.0,,Confirmed planets
Kepler-1508 b,0,,0.119,20.7056504,,,,,,,,,transit,2016.0,16/05/10,19 52 28.5274,+40 22 30.1826,1306.85,1.14,1.22,0.01,6158.0,,Confirmed planets
K2-153 b,0,,0.178,7.51574,0.0614,,,,,,497.0,,transit,2018.0,18/07/12,12 15 14.2068,+02 01 15.4048,143.6,0.55,0.53,-0.09,3845.0,,Confirmed planets
K2-64 b,0,,0.185,6.53044,0.0619,,,,,,,,transit,2016.0,16/07/18,22 09 39.2712,-11 25 43.4239,506.87,0.74,0.73,,5312.0,,Confirmed planets
Kepler-189 c,0,,0.21689,20.134866,,,,,,,,,transit,2014.0,14/02/26,19 10 15.5284,+44 18 18.0069,650.34,0.824,0.75,,5235.0,,Confirmed planets
Kepler-189 b,0,,0.11027,10.399931,,,,,,,,,transit,2014.0,14/02/26,19 10 15.5284,+44 18 18.0069,650.34,0.824,0.75,,5235.0,,Confirmed planets
Kepler-236 c,0,,0.18226,23.968127,,,,,,,,,transit,2014.0,14/02/26,18 55 27.9303,+39 53 53.1589,293.01,0.549,0.51,,3750.0,,Confirmed planets
Kepler-236 b,0,,0.14307,8.295611,,,,,,,,,transit,2014.0,14/02/26,18 55 27.9303,+39 53 53.1589,293.01,0.549,0.51,,3750.0,,Confirmed planets
Kepler-1716 b,0,0.0203,0.216,35.58100128,0.1916,0.0,,,,90.0,408.0,,transit,2021.0,22/02/01,19 49 05,+43 19 59,195.439,0.75,0.68,-0.24,4894.0,,Confirmed planets
Kepler-878 b,0,,0.172,25.9422033,,,,,,,,,transit,2016.0,16/05/10,19 01 11.0924,+46 36 12.2941,808.473,0.81,0.77,-0.03,5044.0,,Confirmed planets
Kepler-262 c,0,,0.14945,21.853722,,,,,,,,,transit,2014.0,14/02/26,19 22 54.8799,+37 15 09.5995,717.13,,0.881,,5841.0,,Confirmed planets
Kepler-262 b,0,,0.12394,13.060855,,,,,,,,,transit,2014.0,14/02/26,19 22 54.8799,+37 15 09.5995,717.13,,0.881,,5841.0,,Confirmed planets
Kepler-1891 b,0,0.00921,0.136,4.02229023,0.0473,0.0,,,,88.3,1017.0,,transit,2021.0,22/02/01,19 20 11,+44 22 14,596.24,0.87,0.83,-0.14,5516.0,,Confirmed planets
WASP-107 b,0,0.096,,5.7214742,,0.06,40.0,,,,,,transit,2017.0,20/12/17,12 33 33,-10 08 46,64.7,0.68,0.67,0.02,4425.0,,Confirmed planets
WASP-107 c,0,0.36,,1088.0,,0.28,-120.0,,,,,,RV,2020.0,20/12/17,12 33 33,-10 08 46,64.7,0.68,0.67,0.02,4425.0,,Confirmed planets
Kepler-1068 b,0,,0.324,16.92344113,,,,,,,,,transit,2016.0,16/05/10,19 38 35.5615,+46 23 32.4846,1536.57,1.01,1.01,0.03,5806.0,,Confirmed planets
Kepler-11 b,0,0.005977,0.164035,10.3039,0.091,0.045,,,,89.55,870.7,,transit,2011.0,13/05/28,19 48 27.6228,+41 54 32.9026,613.20279,0.961,1.053,,5663.0,8.1,Confirmed planets
Kepler-11 c,0,0.009028,0.261544,13.0241,0.107,0.026,,,,89.65,806.8,,transit,2011.0,13/05/28,19 48 27.6228,+41 54 32.9026,613.20279,0.961,1.053,,5663.0,8.1,Confirmed planets
Kepler-11 d,0,0.022964,0.283415,22.6845,0.155,0.004,,,,89.76,658.7,,transit,2011.0,13/05/28,19 48 27.6228,+41 54 32.9026,613.20279,0.961,1.053,,5663.0,8.1,Confirmed planets
Kepler-11 e,0,0.025166,0.380925,31.9996,0.195,0.012,,,,88.91,596.4,,transit,2011.0,13/05/28,19 48 27.6228,+41 54 32.9026,613.20279,0.961,1.053,,5663.0,8.1,Confirmed planets
Kepler-11 f,0,0.006291,0.226003,46.6888,0.25,0.013,,,,89.5,525.3,,transit,2011.0,13/05/28,19 48 27.6228,+41 54 32.9026,613.20279,0.961,1.053,,5663.0,8.1,Confirmed planets
Kepler-11 g,0,,0.303464,118.3807,0.466,,,,,89.89,386.4,,transit,2011.0,13/05/28,19 48 27.6228,+41 54 32.9026,613.20279,0.961,1.053,,5663.0,8.1,Confirmed planets
K2-32 b,0,,0.443,8.991828,0.08035,,,,,,,,transit,2016.0,19/06/13,16 49 42.2601,-19 32 34.1500,158.39,0.86,0.84,,,,Confirmed planets
K2-32 d,0,,0.292,31.7142,0.1862,,,,,,,,transit,2016.0,19/06/13,16 49 42.2601,-19 32 34.1500,158.39,0.86,0.84,,,,Confirmed planets
K2-32 c,0,,0.244,20.66186,0.1399,,,,,,,,transit,2016.0,19/06/13,16 49 42.2601,-19 32 34.1500,158.39,0.86,0.84,,,,Confirmed planets
K2-32 e,0,,0.09,4.34882,0.04951,,,,,,,,transit,2019.0,19/06/13,16 49 42.2601,-19 32 34.1500,158.39,0.86,0.84,,,,Confirmed planets
Kepler-841 b,0,,0.467,124.4198398,,,,,,,,,transit,2016.0,16/05/10,18 57 00.3153,+48 48 34.6086,1027.64,0.85,0.81,-0.09,5324.0,,Confirmed planets
MASCARA-1 b,0,3.7,1.5,2.14878,0.043,0.0,,,,87.0,2570.0,,transit,2017.0,17/11/02,21 10 12.3723,+10 44 19.9447,188.7,1.72,2.1,0.0,7554.0,,Confirmed planets
Kepler-755 b,0,,0.157,1.26909037,,,,,,,,,transit,2016.0,16/05/10,19 47 26.6455,+41 05 50.6339,403.665,0.82,0.77,-0.01,5043.0,,Confirmed planets
Kepler-755 c,0,,0.112,2.85313364,,,,,,,,,transit,2016.0,16/05/10,19 47 26.6455,+41 05 50.6339,403.665,0.82,0.77,-0.01,5043.0,,Confirmed planets
EPIC 211916756 b,0,,0.33,10.135091,0.0653,0.16,-2.0,,,89.4,,,transit,2016.0,18/03/23,08 37 27.0563,+18 58 36.0229,181.5,0.43,0.44,0.14,3410.0,0.79,"Confirmed planets, Planets in open clusters"
OGLE-2018-BLG-1700L b,0,4.4,,,2.8,,,,,,,,microlensing,2020.0,20/06/24,17 59 49,-28 31 43,7600.0,0.42,,,,,Confirmed planets
Kepler-1010 b,0,,0.207,34.2685705,,,,,,,,,transit,2016.0,16/05/10,19 16 46.2309,+44 08 57.4964,589.032,0.86,0.82,-0.01,5253.0,,Confirmed planets
K2-45 b,0,,0.599,1.7292684,0.0224,,,,,,,,transit,2016.0,16/07/18,11 18 31.8902,-01 46 26.9454,502.34,0.5,0.45,,4103.0,,Confirmed planets
HD 240210 b,0,5.21,,501.75,1.33,0.15,277.59,,,,,,RV,2009.0,15/11/26,23 10 29.2303,+57 01 46.0277,143.0,0.82,,-0.18,4297.0,,Confirmed planets
HD 108202 b,0,3.0,1.17,2990.0,3.7,0.52,78.0,,,56.0,,,RV,2023.0,23/10/15,12 25 51,-01 06 39,38.6846,0.74,0.66,0.305,4556.03,,Confirmed planets
SIMP0136+0933,3,12.7,,,,,,,,,1098.0,0.2,imaging,2017.0,17/07/02,01 36 57,+09 33 47,6.0,,,,,,Confirmed planets
Kepler-152 b,0,,0.25425,18.207973,,,,,,,,,transit,2014.0,14/02/26,19 07 27.7090,+41 59 20.6820,456.33,,0.724,,5088.0,,Confirmed planets
Kepler-152 c,0,,0.2178,88.255055,,,,,,,,,transit,2014.0,14/02/26,19 07 27.7090,+41 59 20.6820,456.33,,0.724,,5088.0,,Confirmed planets
EPIC 211913977 b,0,,0.178,14.677286,,0.1,0.0,,,89.4,,,transit,2016.0,18/03/23,08 41 22.5783,+18 56 01.9490,181.5,0.8,0.73,0.14,4819.0,0.79,"Confirmed planets, Planets in open clusters"
HD 50499 b,0,1.636,,2447.1,3.833,0.266,288.31,,,,,,RV,2005.0,19/06/27,06 52 02.0243,-33 54 56.0163,46.35,1.25,1.35,0.26,6102.0,,Confirmed planets
HD 50499 c,0,2.93,,8619.9,9.02,0.0,23.0,,,,,,RV,2019.0,19/04/11,06 52 02.0243,-33 54 56.0163,46.35,1.25,1.35,0.26,6102.0,,Confirmed planets
Kepler-258 b,0,,0.36999,13.19722,,,,,,,,,transit,2014.0,14/02/26,19 36 16.4360,+46 34 45.3504,836.13,0.7,0.915,,4942.0,,Confirmed planets
Kepler-258 c,0,,0.32898,33.653079,,,,,,,,,transit,2014.0,14/02/26,19 36 16.4360,+46 34 45.3504,836.13,0.7,0.915,,4942.0,,Confirmed planets
K2-59 b,0,,0.215,20.6921,0.1354,,,,,,,,transit,2016.0,16/07/18,22 35 46.1645,-14 01 39.8891,314.09,0.77,0.73,,5055.0,,Confirmed planets
K2-59 c,0,,0.205,11.2954,0.0905,,,,,,,,transit,2016.0,16/07/18,22 35 46.1645,-14 01 39.8891,314.09,0.77,0.73,,5055.0,,Confirmed planets
Kepler-1450 b,0,,0.153,54.5094166,,,,,,,,,transit,2016.0,16/05/10,19 38 12.9132,+45 04 52.9818,513.189,0.71,0.68,-0.02,4524.0,,Confirmed planets
USco1556 A b,0,15.0,,,3500.0,,,,,,2240.0,,imaging,2019.0,20/01/16,15 56 24.9139,-25 41 20.2244,141.0,0.33,,,3410.0,,Confirmed planets
WASP-66 b,0,2.32,1.39,4.086052,0.0546,0.0,,,,85.9,,,transit,2011.0,17/12/04,10 32 53.9926,-34 59 23.4568,500.0,1.3,1.75,-0.31,6600.0,,Confirmed planets
CHXR 73 b,0,12.0,,,,,,,,,,,imaging,2006.0,11/03/08,11 06 28.7626,-77 37 33.1444,191.048,0.35,,,3840.0,,Confirmed planets
Kepler-507 b,0,,0.116,3.56809693,,,,,,,,,transit,2016.0,16/05/10,19 48 04.5202,+50 24 32.3899,396.102,1.16,1.32,0.06,6113.0,,Confirmed planets
HN Peg b,0,22.0,1.05,,,,,,,,1130.0,,imaging,2007.0,11/04/23,21 44 31.3299,+14 46 18.9823,18.4,1.0,,,5940.0,,Confirmed planets
Kepler-889 b,0,,0.097,3.744439,,,,,,,,,transit,2016.0,16/05/10,19 25 52.1613,+50 45 34.1263,608.754,1.14,1.25,0.19,5961.0,,Confirmed planets
Kepler-1627 b,0,,0.329,7.20283653,,,,,,,,,transit,2016.0,16/05/10,18 56 13.5973,+41 34 36.2364,320.287,0.87,0.84,-0.1,5445.0,,Confirmed planets
Kepler-2001 b,0,0.00352,0.106,1.090011,0.0197,0.0,,,,83.71,1402.0,,transit,2023.0,23/10/15,19 26 38,+50 35 02,776.55,0.86,0.77,0.12,5081.0,,Confirmed planets
Kepler-2001 c,0,0.0125,0.364,14.09258319,0.1084,0.0,,,,88.45,597.0,,transit,2023.0,23/10/15,19 26 38,+50 35 02,776.55,0.86,0.77,0.12,5081.0,,Confirmed planets
HD 89345 b,0,0.11,0.66,11.8143,0.1066,0.22,-13.0,,,87.21,1089.0,,transit,2018.0,18/08/23,10 18 41.0578,+10 07 44.5049,132.8,1.16,1.75,0.421,5576.0,,Confirmed planets
Kepler-198 b,0,,0.25699,17.790037,,,,,,,,,transit,2014.0,14/02/26,19 22 41.5540,+38 41 27.5858,516.78,0.958,0.94,,5574.0,,Confirmed planets
Kepler-198 c,0,,0.22509,49.567416,,,,,,,,,transit,2014.0,14/02/26,19 22 41.5540,+38 41 27.5858,516.78,0.958,0.94,,5574.0,,Confirmed planets
Kepler-198 d,0,,0.136,1.31184443,,,,,,,,,transit,2016.0,16/05/10,19 22 41.5540,+38 41 27.5858,516.78,0.958,0.94,,5574.0,,Confirmed planets
Kepler-412 b,0,0.939,1.325,1.720861232,0.02959,0.0038,125.0,,,80.89,,,transit,2014.0,14/01/29,19 04 26.4756,+43 40 51.3515,1056.0,1.167,1.287,0.27,5750.0,5.1,Confirmed planets
2MASS J21265040-8140293,0,,,,,,,,,,1800.0,,imaging,2016.0,17/12/09,21 25 27.4899,-81 38 27.6921,26.7,0.4,,,,,Confirmed planets
K2-165 b,0,,0.1133,2.35499,,,,,,87.1,,,transit,2018.0,18/07/24,12 19 36.0869,+00 58 06.2031,120.2,0.835,0.804,-0.05,,,Confirmed planets
K2-165 c,0,,0.1383,4.38274,,,,,,87.1,,,transit,2018.0,18/07/24,12 19 36.0869,+00 58 06.2031,120.2,0.835,0.804,-0.05,,,Confirmed planets
K2-165 d,0,,0.2364,14.1014,,,,,,89.0,,,transit,2018.0,18/07/24,12 19 36.0869,+00 58 06.2031,120.2,0.835,0.804,-0.05,,,Confirmed planets
HATS-42 b,0,1.88,1.4,2.292102,0.03689,0.229,,,,85.1,1856.0,,transit,2018.0,18/04/12,07 13 48.5748,-33 26 14.4018,942.0,1.27,1.48,0.22,6060.0,,Confirmed planets
Kepler-1893 b,0,0.0112,0.152,4.17936993,0.0504,0.0,,,,88.44,1194.0,,transit,2021.0,22/02/01,19 53 36,+44 50 17,1050.72,0.97,1.16,0.16,5633.0,,Confirmed planets
K2-403 b,0,0.0775,0.476,33.589979,,,,,,,,,transit,2022.0,22/03/01,10 56 45,+09 40 26,246.599,0.78,0.89,-0.162,5511.0,,Confirmed planets
Kepler-1322 b,0,,0.144,0.96286738,,,,,,,,,transit,2016.0,16/05/10,19 32 49.0810,+45 26 07.4686,1402.72,0.9,0.87,-0.07,5488.0,,Confirmed planets
Kepler-1020 b,0,,0.203,96.9151496,,,,,,,,,transit,2016.0,16/05/10,19 30 41.4094,+46 22 38.6691,420.362,0.87,0.8,0.0,5227.0,,Confirmed planets
Kepler-1699 b,0,,0.14,3.49082,,,,,,,,,transit,2020.0,20/09/03,19 28 33,+48 55 02,,,,,5214.4,,Confirmed planets
TOI-2025 b,0,4.4,1.12,8.872086,0.089,0.44,92.0,,,88.6,1186.0,,transit,2022.0,22/05/02,18 51 11.00,+82 14 43.00,339.0,1.32,1.56,0.18,5880.0,,Confirmed planets
HD 154088 b,0,0.0193,,18.596,0.1316,0.38,,,,,643.6,,RV,2011.0,11/09/12,17 04 27.8432,-28 34 57.6397,17.8,,,,5150.0,,Confirmed planets
Kepler-1896 b,0,0.0308,0.277,44.87020111,0.2529,0.0,,,,89.67,536.0,,transit,2021.0,22/02/01,19 18 43,+40 14 59,1732.91,1.07,1.0,-0.1,6122.0,,Confirmed planets
Kepler-615 b,0,,0.155,10.35584657,,,,,,,,,transit,2016.0,16/05/10,18 49 48.1598,+46 19 17.0547,,0.73,0.69,-0.07,4655.0,,Confirmed planets
Kepler-833 b,0,,0.18,18.7546998,,,,,,,,,transit,2016.0,16/05/10,19 21 55.1904,+45 36 02.4295,473.687,0.64,0.62,-0.18,4339.0,,Confirmed planets
Kepler-599 b,0,,0.253,15.65562652,,,,,,,,,transit,2016.0,16/05/10,19 03 38.7672,+41 04 09.9562,567.601,0.83,0.79,-0.02,5127.0,,Confirmed planets
Kepler-720 b,0,,0.75,4.70832654,,,,,,,,,transit,2016.0,16/05/10,19 54 32.5578,+44 10 15.3909,1097.45,0.95,0.92,0.0,5618.0,,Confirmed planets
K2-239 b,0,,0.098,5.24,0.0441,,,,,88.99,502.0,,transit,2018.0,18/06/21,10 42 22.6341,+04 26 28.8886,49.0,0.4,0.36,-0.1,3420.0,,Confirmed planets
K2-239 c,0,,0.089,7.775,0.0576,,,,,88.77,427.0,,transit,2018.0,18/06/21,10 42 22.6341,+04 26 28.8886,49.0,0.4,0.36,-0.1,3420.0,,Confirmed planets
K2-239 d,0,,0.098,10.115,0.0685,,,,,89.43,399.0,,transit,2018.0,18/06/21,10 42 22.6341,+04 26 28.8886,49.0,0.4,0.36,-0.1,3420.0,,Confirmed planets
Kepler-659 b,0,,0.223,17.671796,,,,,,,,,transit,2016.0,16/05/10,19 10 25.9695,+47 30 34.9042,737.735,0.79,0.74,0.02,4870.0,,Confirmed planets
HD 208527 b,0,9.9,,875.5,2.1,0.08,,,,,877.3,,RV,2012.0,12/11/11,21 56 23.9845,+21 14 23.4863,320.2,1.6,51.1,-0.09,3950.0,,Confirmed planets
K2-248 b,0,,0.229,7.17256,0.0699,,,,,,886.0,,transit,2018.0,18/07/12,12 11 16.1397,-09 24 50.5236,410.5,0.88,0.92,-0.1,5528.0,,Confirmed planets
Kepler-1309 b,0,,0.211,28.8432647,,,,,,,,,transit,2016.0,16/05/10,19 54 56.4749,+40 45 50.9850,,0.85,0.8,-0.03,5235.0,,Confirmed planets
K2-413 b,0,0.00114,0.068,0.8094,0.0117,,,,,89.952,,,transit,2022.0,23/10/15,23 33 40,-07 36 43,285.162,0.81,0.7,-0.205,4116.0,,Confirmed planets
K2-413 c,0,0.00644,0.11,5.3301,0.0426,,,,,89.999,,,transit,2022.0,23/10/15,23 33 40,-07 36 43,285.162,0.81,0.7,-0.205,4116.0,,Confirmed planets
HD 224693 b,0,0.71,,26.73,0.233,0.05,,,,,718.9,,RV,2006.0,06/04/18,23 59 53.8316,-22 25 41.2159,94.0,1.33,1.7,0.343,6037.0,,Confirmed planets
TOI-2202 b,0,0.978,1.0,11.9101,0.09564,0.042,84.1,,,88.4,,,transit,2021.0,21/08/12,03 24 54.85,-73 57 27.22,235.93,0.823,0.794,0.04,5144.0,,Confirmed planets
TOI-2202 c,0,0.369,,24.6744,0.15544,0.0622,320.8,,,84.7,,,timing,2021.0,21/08/12,03 24 54.85,-73 57 27.22,235.93,0.823,0.794,0.04,5144.0,,Confirmed planets
Kepler-211 c,0,,0.11756,6.04045,,,,,,,,,transit,2014.0,14/02/26,19 01 45.3940,+43 10 06.5273,327.93,0.914,0.816,,5123.0,,Confirmed planets
Kepler-211 b,0,,0.11482,4.138575,,,,,,,,,transit,2014.0,14/02/26,19 01 45.3940,+43 10 06.5273,327.93,0.914,0.816,,5123.0,,Confirmed planets
K2-197 b,0,,0.223,8.35795,,,,,,88.5,,,transit,2018.0,18/07/24,13 29 34.4834,-07 22 26.3719,269.3,0.975,0.91,-0.01,,,Confirmed planets
Kepler-327 b,0,,0.10115,2.549575,,,,,,,,,transit,2014.0,14/02/26,19 30 34.1673,+44 05 15.5619,241.74,0.547,0.492,,3799.0,,Confirmed planets
Kepler-327 d,0,,0.15766,13.969457,,,,,,,,,transit,2014.0,14/02/26,19 30 34.1673,+44 05 15.5619,241.74,0.547,0.492,,3799.0,,Confirmed planets
Kepler-327 c,0,,0.09386,5.212333,,,,,,,,,transit,2014.0,14/02/26,19 30 34.1673,+44 05 15.5619,241.74,0.547,0.492,,3799.0,,Confirmed planets
Kepler-449 b,2,,0.1834,12.58242,0.105,0.03,,,,,,,transit,2015.0,15/07/28,19 34 55.874,+41 54 02.98,,0.969,1.57,,5588.0,,"Confirmed planets, Planets in binary systems, S-type"
Kepler-449 c,2,,0.2466,33.6727,0.202,0.05,,,,,,,transit,2015.0,15/07/28,19 34 55.874,+41 54 02.98,,0.969,1.57,,5588.0,,"Confirmed planets, Planets in binary systems, S-type"
Kepler-467 b,0,,0.201,24.99324193,,,,,,,,,transit,2016.0,16/05/10,19 09 27.0806,+38 38 58.4909,472.567,1.05,1.37,0.06,5809.0,,Confirmed planets
Kepler-583 b,0,,0.203,6.5100253,,,,,,,,,transit,2016.0,16/05/10,18 48 26.7181,+42 21 16.1730,889.442,0.94,0.91,0.07,5523.0,,Confirmed planets
HATS-30 b,0,0.706,1.175,3.1743516,0.04354,0.048,,,,86.84,,,transit,2016.0,16/07/28,00 22 28.4920,-59 03 27,339.0,1.093,1.061,0.06,5943.0,2.3,Confirmed planets
HD 23596 b,0,8.1,,1565.0,2.88,0.292,,,,,220.0,,RV,2002.0,10/12/30,03 48 00.3743,+40 31 50.3005,52.0,1.27,2.09,0.32,5888.0,,Confirmed planets
HD 205739 b,0,1.37,,279.8,0.896,0.27,,,,,330.2,,RV,2008.0,08/09/08,21 38 08.4039,-31 44 14.9406,90.3,1.22,1.33,0.19,6176.0,,Confirmed planets
HD 43691 b,0,2.49,,36.96,0.24,0.14,,,,,762.5,,RV,2007.0,07/11/27,06 19 34.6758,+41 05 32.3053,93.2,1.38,,0.28,6200.0,,Confirmed planets
Kepler-377 c,0,,0.18773,27.014976,,,,,,,,,transit,2014.0,14/02/26,19 41 41.2875,+38 44 08.4360,865.2,1.104,1.224,,5949.0,,Confirmed planets
Kepler-377 b,0,,0.12667,12.509529,,,,,,,,,transit,2014.0,14/02/26,19 41 41.2875,+38 44 08.4360,865.2,1.104,1.224,,5949.0,,Confirmed planets
K2-70 b,0,,0.2453,13.97852,,,,,,89.1,,,transit,2018.0,18/07/24,22 33 54.1907,-10 05 05.7815,240.9,0.848,0.799,0.06,,,Confirmed planets
K2-185 b,0,,0.1169,10.6166,,,,,,88.9,,,transit,2018.0,18/07/24,08 41 02.3166,+14 41 25.1746,372.5,0.976,0.914,-0.05,,,Confirmed planets
Kepler-1026 b,0,,0.197,36.5156053,,,,,,,,,transit,2016.0,16/05/10,18 54 25.2635,+39 59 52.7293,354.824,0.79,0.75,-0.02,4948.0,,Confirmed planets
Kepler-1539 b,0,,0.241,133.3036741,,,,,,,,,transit,2016.0,16/05/10,18 56 52.6694,+44 16 06.7698,764.526,0.84,0.8,-0.01,5176.0,,Confirmed planets
HATS-48 A b,0,0.243,0.8,3.1316666,0.03769,0.162,,,,89.58,955.0,,transit,2020.0,20/02/27,19 14 41.2747,-59 34 45.7570,265.4,0.73,0.72,0.186,4546.0,,Confirmed planets
NGTS-1 b,0,0.812,1.33,2.647298,0.0326,0.016,,,,,790.0,,transit,2017.0,17/10/30,05 30 51.4522,-36 37 50.8965,224.0,0.617,0.573,,3916.0,,Confirmed planets
TOI-1338 (AB) b,1,0.10383,0.611,95.174,0.4607,0.088,258.6,,,89.37,,,transit,2020.0,20/11/25,06 08 32,-59 32 28,403.66,,,,,,"Confirmed planets, Planets in binary systems, P-type"
Kepler-339 b,0,,0.12941,4.977656,,,,,,,,,transit,2014.0,14/02/26,19 33 24.4114,+48 26 40.6481,691.82,0.934,0.802,,5631.0,,Confirmed planets
Kepler-339 d,0,,0.10662,10.558345,,,,,,,,,transit,2014.0,14/02/26,19 33 24.4114,+48 26 40.6481,691.82,0.934,0.802,,5631.0,,Confirmed planets
Kepler-339 c,0,,0.1048,6.988055,,,,,,,,,transit,2014.0,14/02/26,19 33 24.4114,+48 26 40.6481,691.82,0.934,0.802,,5631.0,,Confirmed planets
Kepler-1244 b,0,,0.12,3.70428172,,,,,,,,,transit,2016.0,16/05/10,18 49 12.3003,+46 30 58.3136,,1.46,1.77,0.05,6680.0,,Confirmed planets
Kepler-667 b,0,,0.422,41.43962808,,,,,,,,,transit,2016.0,16/05/10,19 42 13.2024,+49 01 02.3790,,0.91,0.87,0.15,5327.0,,Confirmed planets
K2-246 b,0,,0.311,5.76918,0.0602,,,,,,977.0,,transit,2018.0,18/07/12,12 06 31.1289,-01 09 37.9852,723.1,0.87,0.94,-0.19,5610.0,,Confirmed planets
Kepler-1160 b,0,,0.191,7.97034958,,,,,,,,,transit,2016.0,16/05/10,19 11 31.0526,+43 21 50.7077,1111.36,0.92,0.89,0.01,5519.0,,Confirmed planets
Kepler-1376 b,0,,0.094,5.30880656,,,,,,,,,transit,2016.0,16/05/10,19 07 50.0268,+42 32 29.0630,890.234,0.98,0.97,0.07,5659.0,,Confirmed planets
Kepler-1546 b,0,,0.279,19.5974971,,,,,,,,,transit,2016.0,16/05/10,19 50 20.1460,+41 32 28.3630,956.938,0.95,0.93,0.01,5623.0,,Confirmed planets
Kepler-1118 b,0,,0.244,38.6715075,,,,,,,,,transit,2016.0,16/05/10,19 59 51.7616,+44 09 39.2840,910.996,0.96,0.97,0.0,5688.0,,Confirmed planets
Kepler-1689 b,0,,0.084,8.483,,,,,,,,,transit,2020.0,20/09/03,19 26 18,+38 39 21,296.63,,0.96,,5806.0,,Confirmed planets
Kepler-1164 b,0,,0.1,3.97599768,,,,,,,,,transit,2016.0,16/05/10,19 10 07.1129,+38 53 40.1844,437.063,0.85,0.79,-0.03,5183.0,,Confirmed planets
Gliese 49 b,0,0.01771,,13.8508,0.0905,0.363,43.0,,,,,,RV,2019.0,19/06/13,01 02 38.8679,+62 20 42.1728,9.86,0.52,0.51,0.13,3805.0,,Confirmed planets
Kepler-1897 b,0,0.0262,0.251,24.22030067,0.1546,0.0,,,,89.97,505.0,,transit,2021.0,22/02/01,19 37 10,+39 07 37,983.174,0.86,0.76,0.02,5165.0,,Confirmed planets
HD 215456 b,0,0.101,,191.99,0.652,0.15,,,,,407.7,,RV,2011.0,11/09/12,22 46 08.0342,-48 58 43.7623,38.0,,,,5940.0,,Confirmed planets
HD 215456 c,0,0.246,,2277.0,3.394,0.19,,,,,178.5,,RV,2011.0,11/09/12,22 46 08.0342,-48 58 43.7623,38.0,,,,5940.0,,Confirmed planets
HAT-P-36 b,0,1.8482,1.277,1.32734683,0.0241,,,,,87.13,1781.0,,transit,2011.0,19/07/11,12 33 03.9061,+44 54 55.1970,296.93,1.03,1.04,,5620.0,,Confirmed planets
Kepler-760 b,0,,0.273,8.70419416,,,,,,,,,transit,2016.0,16/05/10,19 10 22.3723,+44 10 45.9120,810.636,0.89,0.85,0.08,5322.0,,Confirmed planets
Kepler-760 c,0,,0.132,2.46697439,,,,,,,,,transit,2016.0,16/05/10,19 10 22.3723,+44 10 45.9120,810.636,0.89,0.85,0.08,5322.0,,Confirmed planets
EPIC 201841433 b,0,,0.098,4.16959,,,,,,,,,transit,2019.0,19/06/13,11 40 49.6245,+06 08 05.4394,441.94,0.8,,,,,Confirmed planets
HATS-25 b,0,0.613,1.26,4.2986432,0.05163,0.088,,,,86.93,,,transit,2016.0,16/07/28,13 51 37.8639,-23 46 52.2552,466.0,0.994,1.107,0.02,5715.0,7.5,Confirmed planets
HD 203387 b,0,3.494,1.17,512.53519584,1.768964,0.731843,350.068,,,,,,RV,2022.0,22/09/27,21 22 15,-16 50 04,61.7477,2.82,10.59,0.05,5174.32,,Confirmed planets
HD 203387 c,0,7.47507,1.13,2481.07226962,5.068253,0.201821,86.3479,,,158.462,,,RV,2022.0,22/09/27,21 22 15,-16 50 04,61.7477,2.82,10.59,0.05,5174.32,,Confirmed planets
Kepler-1946 b,0,0.0212,0.222,3.03519011,0.0394,0.0,,,,86.14,1143.0,,transit,2021.0,22/09/15,18 49 21,+42 50 43,1002.12,0.89,0.87,-0.04,5505.0,,Confirmed planets
HD 8326 b,0,0.20955,,158.991,0.533,0.2,-44.79,,,,,,RV,2019.0,19/05/23,01 22 07.6137,-26 53 35.1581,30.71,0.8,,,4914.0,,Confirmed planets
Kepler-822 b,0,,0.158,3.22296927,,,,,,,,,transit,2016.0,16/05/10,19 29 06.2675,+39 33 00.5762,882.068,1.06,1.08,0.04,5928.0,,Confirmed planets
HD 30562 b,0,1.373,,1159.0,2.315,0.778,78.4,,,,208.7,,RV,2009.0,12/11/29,04 48 36.3850,-05 40 26.5542,26.5,1.23,1.53,0.29,5861.0,3.6,Confirmed planets
TOI-1064 b,0,0.0425,0.2308,6.443868,0.06152,0.047,120.0,,,87.71,784.0,,transit,2022.0,22/01/12,19 44 01.00,-47 33 42.00,68.81,0.748,0.726,0.05,4734.0,,Confirmed planets
TOI-1064 c,0,0.0079,0.23651,12.226574,0.09429,0.088,25.0,,,88.455,634.0,,transit,2022.0,22/01/12,19 44 01.00,-47 33 42.00,68.81,0.748,0.726,0.05,4734.0,,Confirmed planets
Kepler-1402 b,0,,0.068,2.03387914,,,,,,,,,transit,2016.0,16/05/10,19 27 23.4810,+48 58 05.2740,1561.04,0.9,0.87,0.03,5416.0,,Confirmed planets
K2-392 b,0,0.0128,0.165,15.398723,,,,,,,,,transit,2022.0,22/03/01,23 38 36,-07 28 44,406.985,0.84,1.06,-0.238,5726.0,,Confirmed planets
K2-348 b,0,0.0336,0.291,4.688418,,,,,,,908.0,,transit,2018.0,21/10/03,08 43 31,+24 25 23,201.856,0.83,0.85,0.13,5077.0,,Confirmed planets
K2-348 c,0,0.0239,0.238,12.550171,,,,,,,655.0,,transit,2018.0,21/10/03,08 43 31,+24 25 23,201.856,0.83,0.85,0.13,5077.0,,Confirmed planets
XO-7 b,0,0.709,1.373,2.8641424,0.04421,0.038,,,,83.45,1743.0,,transit,2019.0,20/01/16,18 29 54.9290,+85 13 59.5756,234.1,1.41,1.48,0.432,6250.0,,Confirmed planets
KELT-21 b,0,3.91,1.586,3.6127628,0.05224,0.0,,,,,2051.0,,transit,2018.0,18/01/17,20 19 12.0049,+32 34 51.7624,415.0,1.458,1.638,-0.405,7598.0,1.6,Confirmed planets
Kepler-1284 b,0,,0.108,0.66407381,,,,,,,,,transit,2016.0,16/05/10,19 25 06.9568,+47 41 15.5908,904.814,0.84,0.79,0.03,5123.0,,Confirmed planets
Kepler-1856 b,0,0.0115,0.155,1.30200005,0.0215,0.0,,,,87.69,1344.0,,transit,2021.0,22/02/01,19 43 38,+51 20 52,848.76,0.78,0.82,0.14,4948.0,,Confirmed planets
HD 20329 b,0,0.02335,0.153,0.926118,0.018,0.0,,,,76.01,2141.0,,transit,2022.0,23/02/22,03 16 43,+15 39 23,63.6796,0.9,1.13,-0.07,5596.0,,Confirmed planets
KELT-23 A b,2,0.938,1.323,2.255251,0.03302,0.0,,,,85.37,1561.0,,transit,2019.0,19/05/23,15 28 35.193,+66 21 31.54,126.7,0.944,0.996,-0.105,5899.0,6.4,"Confirmed planets, Planets in binary systems, S-type"
HD 40956 b,0,2.7,,578.6,1.4,0.24,338.62,,,,,,RV,2017.0,17/11/30,06 06 39.1544,+63 27 13.8161,116.99,2.0,8.56,0.14,4869.0,,Confirmed planets
K2-308 b,0,,0.884,3.38628,,,,,,88.44,,,transit,2019.0,19/06/13,05 13 21.3913,+16 24 51.0694,,1.09,1.24,-0.1,6100.0,,Confirmed planets
Kepler-1288 b,0,,0.1,2.76122421,,,,,,,,,transit,2016.0,16/05/10,19 02 51.2409,+41 36 21.1733,714.082,1.2,1.29,0.14,6132.0,,Confirmed planets
Kepler-1582 b,0,,0.133,4.83817712,,,,,,,,,transit,2016.0,16/05/10,19 17 30.3991,+41 09 30.9629,79.067,0.28,0.3,0.48,3208.0,,Confirmed planets
HD 143105 b,0,1.21,,2.1974,0.0379,,,,,,,,RV,2016.0,17/12/09,15 53 36.5585,+68 43 12.4116,49.95,1.51,,0.15,6380.0,,Confirmed planets
TOI-1859 b,0,0.216,0.87,63.48347,0.337,0.57,79.9,,,88.64,518.0,,transit,2023.0,23/10/15,18 39 20,+69 31 22,224.385,1.29,1.36,0.12,6341.0,,Confirmed planets
WASP-17 b,0,0.486,1.991,3.735438,0.0515,0.028,,,,86.83,1517.8,,transit,2009.0,12/04/08,15 59 50.9489,-28 03 42.3094,400.0,1.306,1.572,-0.19,6650.0,,Confirmed planets
EPIC 201546283 b,0,0.09156,0.397,6.77145,,0.16,,,,,,,transit,2015.0,16/03/07,11 26 03.6414,+01 13 50.6635,251.0,0.89,0.85,0.14,5320.0,,Confirmed planets
Kepler-1078 b,0,,0.17,3.00725242,,,,,,,,,transit,2016.0,16/05/10,19 32 48.1362,+43 03 00.1425,,0.94,0.92,-0.01,5612.0,,Confirmed planets
Kepler-117 c,0,1.84,1.101,50.790391,0.2804,0.0323,,,,89.64,704.0,,transit,2014.0,14/11/17,19 15 10.3301,+48 02 24.7853,1430.0,1.129,1.606,-0.04,6150.0,5.3,Confirmed planets
Kepler-117 b,0,0.094,0.719,18.7959228,0.1445,0.0493,,,,88.74,984.0,,transit,2014.0,14/11/17,19 15 10.3301,+48 02 24.7853,1430.0,1.129,1.606,-0.04,6150.0,5.3,Confirmed planets
TOI-544 b,0,0.016,0.1811,1.548351,0.0251,,,,,,1082.0,,transit,2022.0,22/01/31,05 29 10.00,-00 20 33.00,41.1,0.85,0.66,,4369.0,,Confirmed planets
OGLE-2013-BLG-0132L b,0,0.29,,,,,,,,,,,microlensing,2017.0,18/09/20,17 59 03.51,-28 25 15.7,3900.0,0.54,,,,,Confirmed planets
Kepler-794 b,0,,0.188,11.13125132,,,,,,,,,transit,2016.0,16/05/10,19 12 32.0884,+38 59 48.7085,956.755,1.19,1.38,0.34,5839.0,,Confirmed planets
KMT-2021-BLG-2478 b,0,0.8,,,1.38,,,,,,,,microlensing,2022.0,22/07/18,17 57 14.00,-26 06 07.00,2500.0,0.12,,,,,Confirmed planets
HD 59686 b,2,6.92,,299.36,1.086,0.05,121.0,,,,,,RV,2003.0,18/07/25,07 31 48.39602,+17 05 09.7702,96.9,1.9,13.2,0.15,4658.0,1.73,"Confirmed planets, Planets in binary systems, S-type"
EPIC 22881391 b,0,0.7,0.079,0.179715,0.0058,,,,,89.6,,,transit,2017.0,17/07/17,12 27 28.9849,-06 11 42.8295,95.0,0.463,0.442,0.08,3492.0,,Confirmed planets
EPIC 212499991 b,0,,0.143,34.885,,,,,,,,,transit,2019.0,19/06/13,13 29 57.3050,-12 44 05.0721,285.61,0.91,,,,,Confirmed planets
K2-228 b,0,,0.1231,2.69837,,,,,,87.5,,,transit,2018.0,18/07/24,12 29 10.7423,-06 50 03.3441,138.4,0.742,0.699,-0.13,,,Confirmed planets
K2-338 b,0,0.0034,0.092,3.850614,,,,,,,783.0,,transit,2016.0,21/10/03,08 17 27,+17 01 27,156.951,0.66,0.63,-0.23,4558.0,,Confirmed planets
Kepler-1909 b,0,0.00419,0.097,2.39160991,0.0306,0.0,,,,88.15,1031.0,,transit,2021.0,22/02/01,19 23 33,+42 27 35,763.662,0.66,0.69,-0.42,4935.0,,Confirmed planets
Kepler-129 b,0,0.06293,0.214,15.79,0.13,0.01,,,,89.89,910.0,,transit,2014.0,21/07/01,19 01 15,+47 50 55,408.845,1.18,1.65,0.29,5770.0,,Confirmed planets
Kepler-129 d,0,8.3,1.12,2646.0,4.0,0.15,-170.0,,,,,,RV,2021.0,21/07/01,19 01 15,+47 50 55,408.845,1.18,1.65,0.29,5770.0,,Confirmed planets
Kepler-129 c,0,0.13529,0.225,82.2,0.39,0.2,,,,90.0,525.0,,transit,2014.0,21/07/01,19 01 15,+47 50 55,408.845,1.18,1.65,0.29,5770.0,,Confirmed planets
Kepler-1159 b,0,,0.211,22.70816791,,,,,,,,,transit,2016.0,16/05/10,19 37 03.9214,+45 12 15.5140,1257.23,1.19,1.28,0.04,6217.0,,Confirmed planets
MOA-2009-BLG-387L b,0,2.6,,1982.0,1.8,,,,,52.0,,,microlensing,2010.0,20/03/19,17 53 51,-33 59 25,5690.0,0.19,,,,,Confirmed planets
Kepler-132 d,0,,0.14125,18.010199,,,,,,,,,transit,2014.0,14/02/26,18 52 56.5602,+41 20 34.9046,331.08,,1.178,,6003.0,,Confirmed planets
Kepler-132 c,0,,0.11665,6.414914,,,,,,,,,transit,2014.0,14/02/26,18 52 56.5602,+41 20 34.9046,331.08,,1.178,,6003.0,,Confirmed planets
Kepler-132 b,0,,0.11027,6.178196,,,,,,,,,transit,2014.0,14/02/26,18 52 56.5602,+41 20 34.9046,331.08,,1.178,,6003.0,,Confirmed planets
Kepler-132 e,0,,0.105,110.2869374,,,,,,,,,transit,2016.0,16/05/10,18 52 56.5602,+41 20 34.9046,331.08,,1.178,,6003.0,,Confirmed planets
Kepler-1138 b,0,,0.152,3.17060005,,,,,,,,,transit,2016.0,16/05/10,19 03 35.8195,+48 18 26.2511,894.454,0.95,0.92,0.04,5582.0,,Confirmed planets
Kepler-2000 b,0,0.0249,0.296,6.38315913,0.0562,0.0,,,,89.61,530.0,,transit,2023.0,23/10/15,19 02 18,+49 57 44,320.588,0.58,0.58,0.48,3757.0,,Confirmed planets
Kepler-2000 c,0,0.00972,0.196,20.6180348,0.1228,0.0,,,,89.82,359.0,,transit,2023.0,23/10/15,19 02 18,+49 57 44,320.588,0.58,0.58,0.48,3757.0,,Confirmed planets
K2-370 b,0,0.0327,0.286,2.14084,,,,,,,1328.36227638,,transit,2022.0,22/03/01,04 31 17,+19 49 54,144.202,0.98,0.97,0.018,5377.0,,Confirmed planets
Kepler-1071 b,0,,0.212,6.1799844,,,,,,,,,transit,2016.0,16/05/10,19 32 13.9187,+45 14 55.6384,1072.5,0.86,0.81,0.01,5215.0,,Confirmed planets
KELT-16 b,0,2.75,1.415,0.9689951,0.02044,,,,,,,,transit,2016.0,16/08/03,20 57 04.4386,+31 39 39.6296,365.0,1.211,1.36,-0.002,6236.0,2.9,Confirmed planets
TOI-500 c,0,0.01583,0.187,6.6356,,0.072,228.0,,,,,,RV,2022.0,22/09/27,07 06 14,-47 35 16,47.3924,0.74,0.68,0.12,4440.0,,Confirmed planets
TOI-500 b,0,0.00447,0.104,0.548177,0.01189,0.063,228.5,,,82.09,1617.0,,transit,2022.0,22/09/27,07 06 14,-47 35 16,47.3924,0.74,0.68,0.12,4440.0,,Confirmed planets
TOI-500 d,0,0.10421,0.567,26.233,,0.016,189.6,,,,,,RV,2022.0,22/09/27,07 06 14,-47 35 16,47.3924,0.74,0.68,0.12,4440.0,,Confirmed planets
TOI-500 e,0,0.04735,0.356,61.3,,0.073,103.7,,,,,,RV,2022.0,22/09/27,07 06 14,-47 35 16,47.3924,0.74,0.68,0.12,4440.0,,Confirmed planets
HD 126614 A b,2,0.38,,1244.0,2.35,0.41,243.0,,,,,,RV,2010.0,16/03/09,14 26 48.28070,-05 10 40.0074,72.6,1.145,1.09,0.56,5585.0,7.2,"Confirmed planets, Planets in binary systems, S-type"
Kepler-992 b,0,,0.145,20.16034462,,,,,,,,,transit,2016.0,16/05/10,18 57 43.2716,+47 38 30.2595,261.602,0.8,0.74,-0.04,4944.0,,Confirmed planets
HD 117207 b,0,1.9,,2628.0,3.77,0.15,85.0,,,,,,RV,2004.0,17/12/10,13 29 21.11390,-35 34 15.5929,33.05,1.031,1.09,0.27,5432.0,,Confirmed planets
EPIC 212424622 b,0,,0.194,18.0983,,,,,,,,,transit,2019.0,19/06/13,13 29 19.5433,-14 21 34.0230,622.67,1.11,,,,,Confirmed planets
GAT 1370 b,0,0.003302,,4.91,0.0252,0.0,,,,,,,RV,2019.0,19/09/13,02 53 00.8913,+16 52 52.6420,3.83,0.089,0.107,-0.19,2904.0,,Confirmed planets
GAT 1370 c,0,0.003491,,11.409,0.0443,0.0,,,,,,,RV,2019.0,19/09/13,02 53 00.8913,+16 52 52.6420,3.83,0.089,0.107,-0.19,2904.0,,Confirmed planets
Kepler-1152 b,0,,0.078,1.64680191,,,,,,,,,transit,2016.0,16/05/10,19 21 44.1714,+44 06 27.5783,216.577,0.55,0.53,-0.25,3964.0,,Confirmed planets
Kepler-440 b,0,,0.166,101.11141,0.242,,,,,89.93,,,transit,2015.0,15/01/28,19 01 23.9948,+41 27 08.0918,261.0,0.575,0.559,-0.3,4134.0,1.3,Confirmed planets
Kepler-1671 b,0,,0.118,4.16787,,,,,,,,,transit,2020.0,20/09/03,19 27 00,+39 26 49,360.77,,0.92,,5085.99,,Confirmed planets
GJ 3779 b,0,0.02517,,3.0232,0.026,0.07,225.0,,,,,,RV,2018.0,18/12/06,13 22 56.7478,+24 28 03.6025,13.75,0.27,0.28,0.0,3324.0,,Confirmed planets
Kepler-1062 b,0,,0.157,9.30412078,,,,,,,,,transit,2016.0,16/05/10,18 55 35.8581,+41 13 17.7637,402.042,0.75,0.7,0.11,4597.0,,Confirmed planets
Kepler-1666 b,0,,0.257,25.8476,,,,,,,,,transit,2020.0,20/09/03,19 51 48,+46 15 53,1434.42,,1.21,,5818.75,,Confirmed planets
Kepler-1666 c,0,,0.289,40.7157,,,,,,,,,transit,2020.0,20/09/03,19 51 48,+46 15 53,1434.42,,1.21,,5818.75,,Confirmed planets
K2-411 b,0,0.00295,0.088,3.2141,0.0511,,,,,90.001,,,transit,2022.0,23/10/15,03 52 01,+19 23 28,298.219,1.02,1.38,0.142,5711.0,,Confirmed planets
HATS-45 b,0,0.7,1.286,4.1876244,0.05511,0.24,,,,85.61,,,transit,2017.0,17/07/26,06 47 58.6224,-21 05 21,818.0,1.272,1.315,0.02,6450.0,1.52,Confirmed planets
TOI-257 b,0,0.138,0.639,18.38818,0.1528,0.0,,,,87.91,1027.0,,transit,2021.0,21/04/01,03 10 03.9823,-50 49 56.5801,76.9028,1.41,1.87,0.175,6095.0,,Confirmed planets
Kepler-122 c,0,,0.53493,12.465988,,,,,,,,,transit,2014.0,14/02/26,19 24 26.8514,+39 56 56.5997,1062.4,1.07,1.216,,6050.0,,Confirmed planets
Kepler-122 b,0,,0.21324,5.766193,,,,,,,,,transit,2014.0,14/02/26,19 24 26.8514,+39 56 56.5997,1062.4,1.07,1.216,,6050.0,,Confirmed planets
Kepler-122 d,0,,0.20049,21.587475,,,,,,,,,transit,2014.0,14/02/26,19 24 26.8514,+39 56 56.5997,1062.4,1.07,1.216,,6050.0,,Confirmed planets
Kepler-122 e,0,,0.23694,37.993273,,,,,,,,,transit,2014.0,14/02/26,19 24 26.8514,+39 56 56.5997,1062.4,1.07,1.216,,6050.0,,Confirmed planets
Kepler-122 f,0,,0.156,56.268,,,,,,,,,transit,2014.0,15/03/18,19 24 26.8514,+39 56 56.5997,1062.4,1.07,1.216,,6050.0,,Confirmed planets
Kepler-1099 b,0,,0.252,2.16845259,,,,,,,,,transit,2016.0,16/05/10,19 14 59.9,+48 16 37.8189,1053.52,1.01,1.0,-0.02,5837.0,,Confirmed planets
HD 80869 b,0,4.86,,1711.7,2.878,0.862,62.2,,,,203.2,,RV,2021.0,21/07/14,09 23 09.8220,+33 54 19.1895,85.6,1.08,1.062,0.17,58.37,,Confirmed planets
Kepler-774 b,0,,0.283,11.0895723,,,,,,,,,transit,2016.0,16/05/10,19 24 07.6552,+38 12 42.9925,942.418,1.57,2.42,0.04,6403.0,,Confirmed planets
TOI-5174 b,0,0.0779,0.477,12.214286,,,,,,,808.359509681,,transit,2022.0,23/02/22,11 36 26,-02 01 24,197.243,1.0,1.09,0.415,5643.77,,Confirmed planets
HATS-2 b,0,1.345,1.168,1.354133,0.023,0.0,,,,87.2,1577.0,,transit,2013.0,13/04/08,11 46 57.3702,-22 21 46.82,360.0,0.88,0.89,0.15,5227.0,9.7,Confirmed planets
Kepler-1432 b,0,,0.198,23.9109011,,,,,,,,,transit,2016.0,16/05/10,19 42 05.7860,+49 49 46.3563,,1.09,1.13,0.02,6031.0,,Confirmed planets
GJ 720 A b,0,0.04292,0.336,19.466,0.119,0.12,110.22,,,,401.0,,RV,2021.0,21/07/21,18 35 18.3905,+45 44 38.5365,15.5575,0.57,0.56,-0.14,3837.0,,Confirmed planets
Kepler-1297 b,0,,0.087,1.68189002,,,,,,,,,transit,2016.0,16/05/10,19 19 49.5624,+47 01 13.3249,1501.73,0.99,0.99,-0.04,5818.0,,Confirmed planets
Kepler-231 c,0,,0.17588,19.271566,,,,,,,,,transit,2014.0,14/02/26,19 35 53.6057,+50 31 54.8413,280.31,0.58,0.49,,3767.0,,Confirmed planets
Kepler-231 b,0,,0.15766,10.065275,,,,,,,,,transit,2014.0,14/02/26,19 35 53.6057,+50 31 54.8413,280.31,0.58,0.49,,3767.0,,Confirmed planets
Kepler-1579 b,0,,0.075,0.84990789,,,,,,,,,transit,2016.0,16/05/10,19 33 09.1186,+43 30 53.8493,,0.75,0.7,0.11,4584.0,,Confirmed planets
K2-43 b,0,,0.402,3.471149,,,,,,89.6,939.0,,transit,2016.0,19/08/15,11 16 28.1168,-03 58 31.5565,183.48,0.57,0.54,,3840.6,,Confirmed planets
K2-43 c,0,,0.216,2.198884,,,,,,89.26,1094.0,,transit,2019.0,19/08/15,11 16 28.1168,-03 58 31.5565,183.48,0.57,0.54,,3840.6,,Confirmed planets
HD 213519 b,0,0.02993,0.272,11.12214173,0.099068,0.412688,35.5552,,,,,,RV,2022.0,22/09/27,22 31 05,+45 08 43,41.0014,1.05,1.08,0.01,5840.0,,Confirmed planets
G 9-40 b,0,,0.181,5.746007,0.0385,0.0,0.0,,,88.57,456.0,,transit,2019.0,20/01/16,08 58 52,+21 04 34,27.93,0.29,0.31,0.04,3348.0,,Confirmed planets
HD 140901 b,0,0.04609,0.35,9.02377598,0.084501,0.472252,107.6047,,,,,,RV,2022.0,22/09/27,15 47 29,-37 55 02,15.2528,0.99,0.95,0.086,5610.0,,Confirmed planets
HD 140901 c,0,5.30264,1.14,7417.50547213,7.343138,0.607482,298.3685,,,169.43,,,RV,2022.0,22/09/27,15 47 29,-37 55 02,15.2528,0.99,0.95,0.086,5610.0,,Confirmed planets
HD 16175 b,0,4.77,,995.4,2.148,0.637,221.5,,,,,,RV,2007.0,17/11/27,02 37 01.9111,+42 03 45.4696,58.34,1.34,1.87,0.37,6022.0,3.3,Confirmed planets
KMT-2018-BLG-0247 b,0,2.11,,,2.46,,,,,,,,microlensing,2022.0,22/06/24,17 38 14.00,-27 09 01.00,6760.0,0.29,,,,,Confirmed planets
Kepler-1512 b,0,,0.105,20.35972599,,,,,,,,,transit,2016.0,16/05/10,19 17 05.8751,+44 28 13.1454,315.278,0.73,0.67,0.2,4372.0,,Confirmed planets
K2-406 b,0,0.0603,0.411,22.549406,,,,,,,,,transit,2022.0,22/03/01,15 23 33,-25 22 14,85.3751,0.8,0.96,-0.038,5784.0,,Confirmed planets
HATS-53 b,0,0.595,1.34,3.8537768,0.04753,0.0,,,,88.78,1312.0,,transit,2017.0,17/12/12,11 46 30.8411,-33 51 36.2036,595.8,0.964,1.101,0.01,5644.0,9.0,Confirmed planets
HD 208897 b,0,1.4,,352.7,1.05,0.07,167.0,,,,,,RV,2017.0,17/09/28,21 58 59.6916,+19 01 13.0880,64.68,1.25,4.98,0.21,4860.0,,Confirmed planets
Kepler-260 b,0,,0.18317,8.187399,,,,,,,,,transit,2014.0,14/02/26,19 27 42.2320,+38 00 50.8035,539.35,0.9,0.862,,5250.0,,Confirmed planets
Kepler-260 c,0,,0.15857,76.050178,,,,,,,,,transit,2014.0,14/02/26,19 27 42.2320,+38 00 50.8035,539.35,0.9,0.862,,5250.0,,Confirmed planets
EPIC 201465501 b,0,,0.2007,18.4498,0.091,,,,,87.983,,,transit,2015.0,16/01/21,11 45 03.4701,+00 00 19.0578,110.0,0.3,0.31,-0.25,3390.0,,Confirmed planets
HD 260655 b,0,0.00673,0.1106,2.76953,0.02933,0.039,57.0,,,87.35,709.0,,transit,2022.0,22/04/22,06 37 11.00,+17 33 53.00,9.9976,0.439,0.439,-0.43,3803.0,,Confirmed planets
HD 260655 c,0,0.00972,0.13677,5.70588,0.04749,0.038,335.0,,,87.79,557.0,,transit,2022.0,22/04/22,06 37 11.00,+17 33 53.00,9.9976,0.439,0.439,-0.43,3803.0,,Confirmed planets
KMT-2018-BLG-1292L b,0,4.42,,,6.03,,,,,,,,microlensing,2020.0,20/06/24,17 33 43,-33 31 14,3460.0,1.09,,,,,Confirmed planets
HATS-15 b,0,2.17,1.105,1.74748753,0.02712,,,,,87.13,,,transit,2015.0,15/11/26,20 44 22.0610,-19 26 15.1201,689.0,0.871,0.922,0.0,5311.0,11.0,Confirmed planets
Kepler-1496 b,0,,0.198,64.6588017,,,,,,,,,transit,2016.0,16/05/10,19 35 53.7425,+45 21 02.5683,1358.51,1.18,1.27,0.05,6182.0,,Confirmed planets
TOI-2048 b,0,,0.1838,13.79,0.19,0.13,,,,89.41,,,transit,2022.0,22/06/14,15 51 42.00,+52 18 23.00,116.39,0.83,0.79,0.02,5185.0,,Confirmed planets
Kepler-1235 b,0,,0.07,4.16055856,,,,,,,,,transit,2016.0,16/05/10,18 59 36.7231,+43 57 14.2322,549.179,0.93,0.9,0.01,5541.0,,Confirmed planets
HIP 77257 b,0,0.0428,,15.5083,0.1238,0.16,19.0,,,,,,RV,2021.0,21/05/31,15 46 26.6144,+07 21 11.0416,11.8186,,,,,,Confirmed planets
Kepler-1331 b,0,,0.094,0.78916165,,,,,,,,,transit,2016.0,16/05/10,19 48 17.7045,+41 13 28.1058,322.144,0.72,0.69,0.05,4508.0,,Confirmed planets
HD 191806 b,0,8.52,,1606.3,2.8,0.259,4.0,,,,,,RV,2016.0,17/11/27,20 09 28.3096,+52 16 34.8017,65.7,1.14,,0.3,6010.0,2.9,Confirmed planets
HD 4208 b,0,0.8,,829.0,1.7,0.04,,,,,173.7,,RV,2001.0,09/10/08,00 44 26.6507,-26 30 56.4581,33.9,0.87,0.85,-0.284,5571.0,,Confirmed planets
KOI-2672.01,0,,0.482991,88.51658,0.369,,,,,,413.0,,transit,2013.0,13/08/06,19 44 31.8713,+48 58 38.5612,263.4,0.95,1.04,,5565.0,,Confirmed planets
KOI-2672.02,0,,0.318956,42.99066,0.228,,,,,,525.0,,transit,2013.0,13/08/06,19 44 31.8713,+48 58 38.5612,263.4,0.95,1.04,,5565.0,,Confirmed planets
Kepler-90 h,0,,1.008,331.60059,1.01,,,,,89.6,,,transit,2013.0,17/12/15,18 57 44.0383,+49 18 18.4958,869.5,1.2,1.2,-0.12,6080.0,0.53,Confirmed planets
Kepler-90 g,0,,0.723,210.60697,0.71,,,,,89.8,,,transit,2013.0,17/12/15,18 57 44.0383,+49 18 18.4958,869.5,1.2,1.2,-0.12,6080.0,0.53,Confirmed planets
Kepler-90 f,0,,0.2569,124.9144,0.48,,,,,89.77,,,transit,2013.0,17/12/15,18 57 44.0383,+49 18 18.4958,869.5,1.2,1.2,-0.12,6080.0,0.53,Confirmed planets
Kepler-90 e,0,,0.2373,91.93913,0.42,,,,,89.79,,,transit,2013.0,17/12/15,18 57 44.0383,+49 18 18.4958,869.5,1.2,1.2,-0.12,6080.0,0.53,Confirmed planets
Kepler-90 d,0,,0.256,59.73667,0.32,,,,,89.71,,,transit,2013.0,17/12/15,18 57 44.0383,+49 18 18.4958,869.5,1.2,1.2,-0.12,6080.0,0.53,Confirmed planets
Kepler-90 c,0,,0.1062,8.719375,0.089,,,,,89.68,,,transit,2013.0,17/12/15,18 57 44.0383,+49 18 18.4958,869.5,1.2,1.2,-0.12,6080.0,0.53,Confirmed planets
Kepler-90 b,0,,0.1169,7.008151,0.074,,,,,89.4,,,transit,2013.0,17/12/15,18 57 44.0383,+49 18 18.4958,869.5,1.2,1.2,-0.12,6080.0,0.53,Confirmed planets
Kepler-90 i,0,,0.1178,14.44912,,,,,,89.2,,,transit,2017.0,17/12/15,18 57 44.0383,+49 18 18.4958,869.5,1.2,1.2,-0.12,6080.0,0.53,Confirmed planets
TYC 8998-760-1 b,0,14.0,3.0,,162.0,,,,,,1727.0,,imaging,2020.0,20/07/22,13 25 12.1260,-64 56 20.6881,94.6,1.0,,,4573.0,0.0167,Controversial
TYC 8998-760-1 c,0,6.0,1.1,,320.0,,,,,,1240.0,,imaging,2020.0,20/07/20,13 25 12.1260,-64 56 20.6881,94.6,1.0,,,4573.0,0.0167,Confirmed planets
HIP 94235 b,0,,0.27,7.713057,0.0787,0.32,17.0,,,87.14,1060.0,,transit,2022.0,22/04/27,19 10 58.00,-60 16 21.00,,,,,,,Confirmed planets
Kepler-1102 b,0,,0.237,51.3285623,,,,,,,,,transit,2016.0,16/05/10,18 45 17.4132,+48 03 59.4233,1292.49,0.96,0.94,-0.08,5724.0,,Confirmed planets
Kepler-41 b,0,0.56,1.04,1.8555582,0.03101,0.0,,,,82.51,,,RV,2011.0,15/12/03,19 38 03.1746,+48 58 54,771.43,1.12,1.02,0.29,5620.0,4.4,Confirmed planets
K2-136 b,2,,0.0883,7.975292,,0.1,12.0,,,89.3,,,transit,2017.0,18/03/23,04 29 38.993,+22 52 57.80,59.4,0.74,0.66,0.15,4499.0,,"Confirmed planets, Planets in open clusters, Planets in binary systems, S-type"
K2-136 c,2,,0.2596,17.307137,,0.13,24.0,,,89.6,,,transit,2017.0,18/03/23,04 29 38.993,+22 52 57.80,59.4,0.74,0.66,0.15,4499.0,,"Confirmed planets, Planets in open clusters, Planets in binary systems, S-type"
K2-136 d,2,,0.1294,25.575065,,0.14,2.0,,,89.4,,,transit,2017.0,18/03/23,04 29 38.993,+22 52 57.80,59.4,0.74,0.66,0.15,4499.0,,"Confirmed planets, Planets in open clusters, Planets in binary systems, S-type"
HD 103949 b,0,0.03524,,120.878,0.439,0.19,127.74,,,,,,RV,2019.0,19/05/23,11 58 11.7047,-23 55 25.9952,26.52,0.77,,,4792.0,,Confirmed planets
Kepler-1338 b,0,,0.082,0.93511806,,,,,,,,,transit,2016.0,16/05/10,18 56 10.1547,+41 41 56.8345,769.882,1.04,1.05,0.0,5909.0,,Confirmed planets
Kepler-1353 b,0,,0.161,24.7543966,,,,,,,,,transit,2016.0,16/05/10,19 42 56.4824,+42 34 34.4524,603.464,0.76,0.72,-0.06,4776.0,,Confirmed planets
Kepler-531 b,0,,0.248,29.88485741,,,,,,,,,transit,2016.0,16/05/10,19 06 05.9648,+48 41 00.9720,254.621,0.78,0.75,-0.03,4893.0,,Confirmed planets
Kepler-466 b,0,,0.254,51.07926307,,,,,,,,,transit,2016.0,16/05/10,19 42 35.6824,+48 29 43.9935,383.597,1.04,1.05,-0.01,5927.0,,Confirmed planets
Kepler-466 c,0,,0.112,3.70921385,,,,,,,,,transit,2016.0,16/05/10,19 42 35.6824,+48 29 43.9935,383.597,1.04,1.05,-0.01,5927.0,,Confirmed planets
Kepler-717 b,0,,0.216,4.40840023,,,,,,,,,transit,2016.0,16/05/10,19 31 51.7283,+43 20 46.9516,,0.88,0.85,-0.12,5485.0,,Confirmed planets
WASP-95 b,0,1.13,1.21,2.184673,0.03416,,,,,88.4,1570.0,,transit,2013.0,13/10/22,22 29 49.7357,-48 00 11.0492,138.087,1.11,1.13,0.14,5630.0,3.0,Confirmed planets
HD 99706 b,0,1.4,,868.0,2.14,0.365,4.0,,,,,,RV,2011.0,17/12/10,11 28 30.2136,+43 57 59.6853,148.6,1.72,5.4,0.14,4932.0,,Confirmed planets
HD 99706 c,0,5.69,,1278.0,2.76,0.411,136.0,,,,,,RV,2016.0,17/12/10,11 28 30.2136,+43 57 59.6853,148.6,1.72,5.4,0.14,4932.0,,Confirmed planets
HD 207832 b,0,0.56,,161.97,0.57,0.13,,,,,316.5,,RV,2012.0,12/07/13,21 52 36.2809,-26 01 35.6132,54.4,0.94,0.901,0.06,5710.0,,Confirmed planets
HD 207832 c,0,0.73,,1155.7,2.112,0.27,,,,,164.4,,RV,2012.0,12/07/13,21 52 36.2809,-26 01 35.6132,54.4,0.94,0.901,0.06,5710.0,,Confirmed planets
4 UMa b,0,7.1,,269.3,0.87,0.432,23.81,,,,877.3,,RV,2007.0,15/09/20,08 40 12.81767,+64 19 40.5700,78.5,1.234,18.11,-0.25,4415.0,4.604,Confirmed planets
Kepler-153 b,0,,0.2661,18.870227,,,,,,,,,transit,2014.0,14/02/26,18 49 50.5285,+48 15 25.5546,626.1,0.82,0.892,,5404.0,,Confirmed planets
Kepler-153 c,0,,0.23056,46.90232,,,,,,,,,transit,2014.0,14/02/26,18 49 50.5285,+48 15 25.5546,626.1,0.82,0.892,,5404.0,,Confirmed planets
Kepler-776 b,0,,0.114,4.89718784,,,,,,,,,transit,2016.0,16/05/10,19 09 05.4317,+41 38 08.0477,743.273,0.83,0.78,0.05,5071.0,,Confirmed planets
Kepler-851 b,0,,0.15,8.50699658,,,,,,,,,transit,2016.0,16/05/10,19 38 43.2663,+49 08 24.5582,859.771,0.89,0.85,-0.07,5455.0,,Confirmed planets
OGLE-2012-BLG-0406L b,0,2.73,,,,,,,,,,,microlensing,2013.0,18/09/20,17 53 18.17,-30 28 16.2,4970.0,0.44,,,,,Confirmed planets
tau Boo A b,2,6.13,,3.3124568,0.049,0.011,113.4,,,44.5,2000.0,,RV,1996.0,14/03/04,13 47 15.74340,+17 27 24.8552,15.62,1.39,1.42,0.26,6399.0,0.9,"Confirmed planets, Planets in binary systems, S-type"
HD 219415 b,0,1.0,,2093.3,3.2,0.4,207.0,,,,,,RV,2012.0,15/11/23,23 14 53.8203,+56 43 49.1686,166.0,1.0,2.9,-0.04,4820.0,,Confirmed planets
TOI-1683 b,0,0.025,0.205,1.05752578,0.036,,,,,85.99,927.0,,transit,2022.0,22/07/29,04 23 55.00,+27 49 21.00,,,,,,,Confirmed planets
HD 153950 b,0,2.73,,499.4,1.28,0.34,308.2,,,,,,RV,2008.0,15/11/17,17 04 30.86989,-43 18 35.1765,49.5,1.12,1.34,-0.01,6076.0,,Confirmed planets
WASP-176 b,0,0.855,1.505,3.899052,0.0535,0.0,,,,86.7,1721.0,,transit,2020.0,20/05/21,20 54 44.9567,+09 10 44.7244,577.62,1.34,1.93,0.164,5941.0,,Confirmed planets
K2-349 b,0,0.0078,0.123,9.032178,,,,,,,518.0,,transit,2016.0,21/10/03,13 16 24,-14 26 41,453.567,0.54,0.49,-0.66,4385.0,,Confirmed planets
WASP-68 b,0,0.95,1.24,5.084298,0.06206,,,,,88.1,1490.0,,transit,2011.0,13/12/09,20 20 22.9859,-19 18 52.9211,227.9,1.24,1.69,0.22,5911.0,,Confirmed planets
K2-373 b,0,0.0154,0.184,11.02066,,,,,,,,,transit,2022.0,22/03/01,08 12 33,+13 41 19,229.567,1.16,1.49,0.049,6138.0,,Confirmed planets
Kepler-532 b,0,,0.229,12.92491623,,,,,,,,,transit,2016.0,16/05/10,19 54 38.6252,+48 36 22.9187,315.637,0.87,0.79,0.0,5192.0,,Confirmed planets
Kepler-705 b,0,,0.188,56.0560538,,,,,,,,,transit,2016.0,16/05/10,19 18 02.0397,+41 48 43.5668,279.033,0.53,0.51,0.07,3722.0,,Confirmed planets
Kepler-1462 b,0,,0.341,65.6488341,,,,,,,,,transit,2016.0,16/05/10,19 45 35.4052,+42 23 48.9355,1045.48,1.0,1.0,0.06,5756.0,,Confirmed planets
KOI-201 b,0,,0.796,4.22538451,,,,,,,,,transit,2015.0,17/11/28,19 08 31.3446,+42 21 00.6082,642.467,1.07,1.05,0.48,5649.0,,Confirmed planets
Kepler-999 b,0,,0.209,5.99185702,,,,,,,,,transit,2016.0,16/05/10,19 58 38.5152,+46 11 54.3540,553.618,1.29,1.65,0.05,6237.0,,Confirmed planets
Kepler-214 c,0,,0.19411,28.7798,,,,,,,,,transit,2014.0,14/02/26,18 59 01.1619,+44 57 21.6888,1070.66,1.15,1.352,,6169.0,,Confirmed planets
Kepler-214 b,0,,0.23785,15.660544,,,,,,,,,transit,2014.0,14/02/26,18 59 01.1619,+44 57 21.6888,1070.66,1.15,1.352,,6169.0,,Confirmed planets
Kepler-393 b,0,,0.11756,9.182417,,,,,,,,,transit,2014.0,14/02/26,19 23 58.8609,+45 11 32.0020,788.49,1.38,1.382,,6189.0,,Confirmed planets
Kepler-393 c,0,,0.1212,14.613612,,,,,,,,,transit,2014.0,14/02/26,19 23 58.8609,+45 11 32.0020,788.49,1.38,1.382,,6189.0,,Confirmed planets
Kepler-1918 b,0,0.0185,0.205,47.0564003,0.2524,0.0,,,,89.71,497.0,,transit,2021.0,22/02/01,19 30 07,+42 12 52,1030.11,0.97,0.92,-0.16,5889.0,,Confirmed planets
HAT-P-56 b,0,2.18,1.466,2.7908327,0.0423,,,,,82.13,1840.0,,transit,2015.0,15/06/05,06 43 23.52950,+27 15 08.2182,310.5,1.296,1.428,,6566.0,2.01,Confirmed planets
NGTS-2 b,0,0.74,1.595,4.511164,0.063,0.0,,,,88.5,1468.0,,transit,2018.0,18/09/20,14 20 29.4890,-31 12 07.4379,360.3,1.64,1.702,-0.06,6478.0,2.17,Confirmed planets
1SWASP J1407 b,0,14.0,,10044.0,,0.8,,,,,,,transit,2007.0,15/02/21,14 07 47.93,-39 45 42.7,133.0,,0.99,,,0.016,Controversial
WASP-31 b,0,0.478,1.537,3.405909,0.04657,0.0,,,,84.54,1410.6,,transit,2010.0,12/07/05,11 17 45.3578,-19 03 17.2165,400.0,1.16,1.24,-0.19,6200.0,,Confirmed planets
Kepler-1044 b,0,,0.238,6.77408868,,,,,,,,,transit,2016.0,16/05/10,19 32 34.6631,+46 39 58.5115,1327.14,1.08,1.11,0.04,5985.0,,Confirmed planets
HD 28185 b,0,5.7,,383.0,1.03,0.07,,,,,241.6,,RV,2001.0,10/12/20,04 26 26.3227,-10 33 02.9454,39.4,1.24,1.03,0.24,5482.0,,Confirmed planets
Kepler-1142 b,0,,0.131,18.3027248,,,,,,,,,transit,2016.0,16/05/10,19 30 51.4678,+44 04 56.4010,1321.53,0.97,0.96,0.02,5685.0,,Confirmed planets
TOI-150 b,0,2.51,1.255,5.857487,0.07037,0.262,,,,88.09,1405.0,,transit,2019.0,19/11/07,07 31 52,-73 36 22,336.0,1.35,1.53,0.28,6255.0,,Confirmed planets
HD 115404 A b,0,0.09451,0.535,10.49487691,0.088127,0.231551,259.2222,,,,,,RV,2022.0,22/09/27,13 16 52,+17 00 58,10.9816,0.83,0.73,-0.157,5019.17,,Confirmed planets
HD 115404 A c,0,10.38165,1.11,15319.22517076,11.294908,0.211449,312.0556,,,25.791,,,RV,2022.0,22/09/27,13 16 52,+17 00 58,10.9816,0.83,0.73,-0.157,5019.17,,Confirmed planets
Kepler-1354 b,0,,0.265,76.613377,,,,,,,,,transit,2016.0,16/05/10,19 24 58.8386,+37 45 32.5865,1156.47,1.16,1.24,0.03,6168.0,,Confirmed planets
Kepler-763 b,0,,0.109,1.19655156,,,,,,,,,transit,2016.0,16/05/10,19 28 34.6817,+47 09 26.4087,989.218,0.84,0.8,0.01,5166.0,,Confirmed planets
MOA-2016-BLG-227L b,0,2.8,,,,,,,,,,,microlensing,2017.0,18/09/20,18 05 53.70,-27 42 51.43,6500.0,0.29,,,,,Confirmed planets
Kepler-133 c,0,,0.25881,31.517586,,,,,,,,,transit,2014.0,14/02/26,19 49 06.7095,+48 19 13.1913,587.59,1.02,1.425,,5736.0,,Confirmed planets
Kepler-133 b,0,,0.16039,8.129976,,,,,,,,,transit,2014.0,14/02/26,19 49 06.7095,+48 19 13.1913,587.59,1.02,1.425,,5736.0,,Confirmed planets
HD 175370 b,0,4.6,,349.5,0.98,0.22,162.0,,,,,,RV,2016.0,16/09/21,18 52 59.7212,+43 42 48.4925,272.0,1.02,23.5,-0.52,4301.0,8.7,Confirmed planets
WASP-171 b,0,1.084,0.98,3.8186244,0.0504,0.0,,,,88.3,1642.0,,transit,2019.0,19/09/12,11 27 22.8249,-44 05 19.2973,774.33,1.17,1.64,0.04,5965.0,,Confirmed planets
Kepler-948 b,0,,0.165,7.76846622,,,,,,,,,transit,2016.0,16/05/10,19 33 12.0562,+41 31 23.9648,890.076,0.96,0.94,-0.02,5679.0,,Confirmed planets
NGTS-16 b,0,0.667,1.3,4.84532,0.0523,0.0,,,,,1177.0,,transit,2021.0,21/03/19,03 53 03.00,-30 48 17.00,892.0,1.002,1.213,0.35,5550.0,,Confirmed planets
Kepler-176 c,0,,0.23694,12.759712,,,,,,,,,transit,2014.0,14/02/26,19 38 40.3180,+43 51 11.7595,669.36,,0.891,,5232.0,,Confirmed planets
Kepler-176 b,0,,0.13032,5.433074,,,,,,,,,transit,2014.0,14/02/26,19 38 40.3180,+43 51 11.7595,669.36,,0.891,,5232.0,,Confirmed planets
Kepler-176 d,0,,0.22874,25.751974,,,,,,,,,transit,2014.0,14/02/26,19 38 40.3180,+43 51 11.7595,669.36,,0.891,,5232.0,,Confirmed planets
Kepler-176 e,0,,0.129,51.16579,,,,,,,,,transit,2016.0,16/05/10,19 38 40.3180,+43 51 11.7595,669.36,,0.891,,5232.0,,Confirmed planets
OGLE-2005-BLG-390L b,0,0.0173,,,,,,,,,,,microlensing,2006.0,18/09/18,17 54 .19,-30 22 38.3,6600.0,0.22,,,,,Confirmed planets
WASP-100 b,0,2.03,1.69,2.849375,0.0457,,,,,82.6,2190.0,,transit,2013.0,13/10/22,04 35 50.3302,-64 01 37.3327,368.283,1.57,2.0,-0.03,6900.0,,Confirmed planets
HD 108236 b,0,0.013309,0.144081,3.795963,0.04527,0.045,126.0,,,87.59,,,transit,2020.0,21/01/05,12 26 17.8916,-51 21 46.2140,64.7178,0.869,0.877,-0.28,5660.0,,Confirmed planets
HD 108236 c,0,0.028003,0.184763,6.203449,0.062,0.034,211.0,,,88.3,,,transit,2020.0,21/01/05,12 26 17.8916,-51 21 46.2140,64.7178,0.869,0.877,-0.28,5660.0,,Confirmed planets
HD 108236 d,0,0.024384,0.226515,14.175685,0.1074,0.055,151.0,,,89.06,,,transit,2020.0,21/01/05,12 26 17.8916,-51 21 46.2140,64.7178,0.869,0.877,-0.28,5660.0,,Confirmed planets
HD 108236 e,0,0.0258,0.275047,19.590025,0.1367,0.058,128.0,,,89.245,,,transit,2020.0,21/01/05,12 26 17.8916,-51 21 46.2140,64.7178,0.869,0.877,-0.28,5660.0,,Confirmed planets
HD 108236 f,0,0.012428,0.179945,29.54115,0.1758,0.051,275.0,,,88.963,,,transit,2021.0,21/01/05,12 26 17.8916,-51 21 46.2140,64.7178,0.869,0.877,-0.28,5660.0,,Confirmed planets
EPIC 212624936 b,0,0.00588,0.107,0.578657,,,,,,90.3,,,transit,2021.0,22/09/15,14 02 33,-10 01 25,561.929,1.0,0.93,-0.39,5765.0,,Confirmed planets
EPIC 212624936 c,0,0.0186,0.205,11.811437,,,,,,90.0,,,transit,2021.0,22/09/15,14 02 33,-10 01 25,561.929,1.0,0.93,-0.39,5765.0,,Confirmed planets
Kepler-1513 b,0,,0.755,160.88465087,,,,,,,,,transit,2016.0,16/05/10,19 19 09.9942,+39 17 06.9286,352.783,0.99,0.97,0.14,5617.0,,Confirmed planets
Kepler-150 c,0,,0.33627,7.381998,,,,,,,,,transit,2014.0,14/02/26,19 12 56.1836,+40 31 15.2090,973.33,0.97,0.939,,5560.0,,Confirmed planets
Kepler-150 d,0,,0.25425,12.56093,,,,,,,,,transit,2014.0,14/02/26,19 12 56.1836,+40 31 15.2090,973.33,0.97,0.939,,5560.0,,Confirmed planets
Kepler-150 e,0,,0.28433,30.826557,,,,,,,,,transit,2014.0,14/02/26,19 12 56.1836,+40 31 15.2090,973.33,0.97,0.939,,5560.0,,Confirmed planets
Kepler-150 b,0,,0.11391,3.428054,,,,,,,,,transit,2014.0,14/02/26,19 12 56.1836,+40 31 15.2090,973.33,0.97,0.939,,5560.0,,Confirmed planets
Kepler-552 b,0,,0.352,5.26341577,,,,,,,,,transit,2016.0,16/05/10,19 22 59.4495,+48 14 31.1884,864.678,1.03,1.04,0.01,5863.0,,Confirmed planets
Kepler-1819 b,0,0.0456,0.348,16.48690033,0.1337,0.0,,,,87.38,760.0,,transit,2021.0,22/02/01,19 46 14,+46 51 27,1363.19,1.17,1.07,0.21,6090.0,,Confirmed planets
WASP-110 b,0,0.51,1.238,3.7783977,0.0457,,,,,88.06,1134.0,,transit,2014.0,14/10/14,20 23 29.4437,-44 03 30.5098,320.0,0.892,0.881,-0.06,5400.0,8.6,Confirmed planets
HD 213472 b,0,3.48,,16700.0,13.0,0.53,37.0,,,,,,RV,2021.0,21/05/27,22 30 49.9738,+48 43 19.00,64.5728,,,,,,Confirmed planets
Kepler-578 b,0,,0.178,1.6168837,,,,,,,,,transit,2016.0,16/05/10,19 15 01.1886,+39 33 49.1772,549.934,0.87,0.83,-0.03,5334.0,,Confirmed planets
OGLE-2017-BLG-1099 b,0,3.02,,,2.73,,,,,,,,microlensing,2021.0,21/09/16,17 35 51.00,-29 35 09.00,7250.0,0.45,,,,,Confirmed planets
Kepler-1498 b,0,,0.119,48.051405,,,,,,,,,transit,2016.0,16/05/10,18 59 06.7384,+44 55 00.4071,,0.86,0.81,-0.01,5256.0,,Confirmed planets
OGLE-2012-BLG-0358L b,0,1.85,,,,,,,,,,,microlensing,2013.0,18/09/20,17 42 46.7650,-24 15 39.6170,1760.0,0.022,,,,,Confirmed planets
HD 73267 b,0,3.06,,1260.0,2.198,0.256,229.1,,,,,,RV,2008.0,15/11/17,08 36 17.77517,-34 27 35.9219,54.2,0.89,1.04,0.03,5317.0,7.4,Confirmed planets
K2-290 b,0,0.0343,0.273,9.21165,0.0923,0.0,90.0,,,88.14,1230.0,,transit,2019.0,19/01/24,15 39 25.8623,-20 11 55.7692,274.99,1.19,1.51,-0.06,6302.0,,Confirmed planets
K2-290 c,0,0.774,1.006,48.36685,0.305,0.0,90.0,,,89.37,676.0,,transit,2019.0,19/01/24,15 39 25.8623,-20 11 55.7692,274.99,1.19,1.51,-0.06,6302.0,,Confirmed planets
HD 17674 b,0,0.87,,623.8,1.42,0.13,,,,,,,RV,2017.0,17/03/02,02 51 04.2855,+30 17 12.2639,44.48,0.98,1.18,-0.16,5904.0,,Confirmed planets
Kepler-1252 b,0,,0.149,15.0540329,,,,,,,,,transit,2016.0,16/05/10,19 55 48.0773,+46 41 34.0719,661.244,1.06,1.09,0.03,5949.0,,Confirmed planets
Kepler-619 b,0,,0.282,5.4042722,,,,,,,,,transit,2016.0,16/05/10,19 23 23.7818,+48 24 57.6472,924.556,1.09,1.11,0.05,5980.0,,Confirmed planets
Kepler-619 c,0,,0.151,1.20846503,,,,,,,,,transit,2016.0,16/05/10,19 23 23.7818,+48 24 57.6472,924.556,1.09,1.11,0.05,5980.0,,Confirmed planets
KMT-2018-BLG-2004 b,0,0.27,,,4.62,,,,,,,,microlensing,2022.0,22/04/12,17 53 43.00,-30 20 25.00,6980.0,0.69,,,,,Confirmed planets
HD 63454 b,0,0.38,,2.818049,0.036,2e-05,,,,,926.7,,RV,2005.0,11/06/01,07 39 21.8536,-78 16 44.3079,35.8,0.8,,0.11,4841.0,,Confirmed planets
TOI-833 b,0,0.006,0.1133,1.04318777,0.0171,,,,,,1118.0,,transit,2022.0,22/01/30,09 42 35.00,-62 28 34.00,41.7,0.61,0.6,,3920.0,,Confirmed planets
Kepler-700 b,0,,0.534,80.8720639,,,,,,,,,transit,2016.0,17/12/09,19 08 37.0245,+41 33 56.8520,1061.0,0.98,0.96,0.04,5692.0,,Confirmed planets
KOI-847 c,0,,0.5,1106.243,,,,,,,,,transit,2016.0,17/12/09,19 08 37.0245,+41 33 56.8520,1061.0,0.98,0.96,0.04,5692.0,,Controversial
Kepler-1043 b,0,,0.227,38.5053398,,,,,,,,,transit,2016.0,16/05/10,18 46 39.1159,+47 34 06.8716,927.386,0.92,0.9,-0.11,5629.0,,Confirmed planets
K2-268 b,0,0.00899,0.134,2.151676,0.0308,,,,,,1136.0,,transit,2018.0,22/09/15,08 54 50,+11 50 54,327.783,0.84,0.78,0.03,5106.0,,Confirmed planets
K2-268 c,0,0.0242,0.24,9.327527,0.0819,,,,,88.71,696.0,,transit,2018.0,22/09/15,08 54 50,+11 50 54,327.783,0.84,0.78,0.03,5106.0,,Confirmed planets
K2-268 d,0,0.00889,0.133,4.528598,,,,,,,888.0,,transit,2019.0,22/09/15,08 54 50,+11 50 54,327.783,0.84,0.78,0.03,5106.0,,Confirmed planets
K2-268 e,0,0.00733,0.119,6.131243,,,,,,,801.0,,transit,2019.0,22/09/15,08 54 50,+11 50 54,327.783,0.84,0.78,0.03,5106.0,,Confirmed planets
K2-268 f,0,0.0176,0.199,26.27057,,,,,,,492.0,,transit,2019.0,22/09/15,08 54 50,+11 50 54,327.783,0.84,0.78,0.03,5106.0,,Confirmed planets
Kepler-1076 b,0,,0.071,6.14727918,,,,,,,,,transit,2016.0,16/05/10,19 10 21.6485,+51 03 38.0980,,0.79,0.74,-0.01,4868.0,,Confirmed planets
EPIC 206215704 b,0,,0.08,2.25372,,,,,,,,,transit,2019.0,19/06/13,22 20 22.7764,-09 30 34.2934,110.22,0.41,,,,,Confirmed planets
Kepler-890 b,0,,0.793,52.75875577,,,,,,,,,transit,2016.0,16/05/10,19 13 44.5735,+43 45 48.5881,1801.48,1.09,1.13,0.09,5954.0,,Confirmed planets
Kepler-779 b,0,,0.082,7.09714223,,,,,,,,,transit,2016.0,16/05/10,19 02 30.8515,+44 18 39.2070,285.461,0.46,0.44,-0.43,3804.0,,Confirmed planets
OGLE-TR-111 b,0,0.54,1.077,4.01451,0.047,0.0,,,,88.1,940.0,,transit,2004.0,10/12/14,10 53 17.8066,-61 24 20.6063,1500.0,0.82,0.831,0.12,5070.0,,Confirmed planets
CoRoT-16 b,0,0.53,1.17,5.35227,0.0618,0.33,,,,85.01,1085.5,,transit,2010.0,11/06/14,18 34 05.9188,-06 00 09.2447,840.0,1.098,1.19,0.19,5650.0,,Confirmed planets
WASP-58 b,0,0.89,1.37,5.01718,0.0561,0.0,,,,87.4,1270.0,,transit,2011.0,11/09/13,18 18 48.2530,+45 10 19.2591,300.0,0.94,1.17,-0.45,5800.0,,Confirmed planets
Kepler-135 b,0,,0.16495,6.00253,,,,,,,,,transit,2014.0,14/02/26,19 21 58.8257,+38 47 43.6910,561.29,1.14,1.275,,6090.0,,Confirmed planets
Kepler-135 c,0,,0.10571,11.448708,,,,,,,,,transit,2014.0,14/02/26,19 21 58.8257,+38 47 43.6910,561.29,1.14,1.275,,6090.0,,Confirmed planets
Kepler-901 b,0,,0.122,3.51749439,,,,,,,,,transit,2016.0,16/05/10,19 24 36.7040,+40 53 15.1197,255.735,0.59,0.57,-0.3,4184.0,,Confirmed planets
K2-207 b,0,,0.2328,12.4875,,,,,,88.6,,,transit,2018.0,18/07/24,00 46 47.9286,+00 38 26.8996,358.5,0.942,0.928,0.11,,,Confirmed planets
GJ 740 b,0,0.00931,,2.37756,0.029,0.24,319.0,,,,829.0,,RV,2021.0,21/02/19,18 58 00.00,+05 54 29.2386,11.1017,,,,,,Confirmed planets
DP Leo b,1,6.05,,10230.0,8.19,0.39,,,,,,,timing,2009.0,10/11/18,11 17 16,+17 57 41,400.0,,,,,,"Confirmed planets, Planets in binary systems, P-type"
HD 27894 b,0,0.665,,18.02,0.125,0.047,132.2,,,,,,RV,2005.0,17/06/15,04 20 47.0464,-59 24 39.0231,43.88,0.8,,0.3,,,Confirmed planets
HD 27894 c,0,0.162,,36.07,0.198,0.015,44.2,,,,,,RV,2017.0,17/06/15,04 20 47.0464,-59 24 39.0231,43.88,0.8,,0.3,,,Confirmed planets
HD 27894 d,0,5.415,,5174.0,5.448,0.389,353.9,,,,,,RV,2017.0,17/06/15,04 20 47.0464,-59 24 39.0231,43.88,0.8,,0.3,,,Confirmed planets
HD 179079 b,0,0.08,,14.476,0.11,0.115,,,,,925.0,,RV,2009.0,09/08/13,19 11 09.8286,-02 38 18.1871,63.69,1.087,1.48,0.29,5724.0,,Confirmed planets
WASP-148 b,0,0.291,0.722,8.80381,0.0845,0.22,59.0,,,89.8,940.0,,transit,2020.0,20/07/09,16 56 31.3399,+44 18 09.5495,248.11,1.0,1.03,0.11,5460.0,,Confirmed planets
WASP-148 c,0,0.4,,34.516,0.2101,0.359,14.0,,,,590.0,,RV,2020.0,20/07/09,16 56 31.3399,+44 18 09.5495,248.11,1.0,1.03,0.11,5460.0,,Confirmed planets
WASP-182 b,0,0.148,0.85,3.3769848,0.0451,0.0,,,,83.88,1479.0,,transit,2019.0,19/08/27,20 46 41.5598,-41 49 15.2025,331.0,1.076,1.34,0.27,5638.0,5.952,Confirmed planets
Kepler-508 b,0,,0.146,25.30889748,,,,,,,,,transit,2016.0,16/05/10,19 41 37.0391,+42 58 53.1099,327.665,1.16,1.25,0.18,6025.0,,Confirmed planets
TOI-1201 b,0,0.01976,0.21545,2.4919863,0.0287,0.0,,,,88.11,703.0,,transit,2021.0,21/09/20,02 48 59.2728,-14 32 14.9432,37.636,0.512,0.508,0.05,3476.0,,Confirmed planets
HAT-P-47 b,0,0.206,1.313,4.732182,0.0615,0.0,,,,84.8,,,transit,2016.0,17/06/25,02 33 13.9545,+30 21 37.7997,284.3,1.387,1.515,0.0,6703.0,1.5,Confirmed planets
Kepler-1351 b,0,,0.058,0.91614077,,,,,,,,,transit,2016.0,16/05/10,19 34 26.0902,+42 11 51.7700,203.978,0.7,0.67,-0.03,4439.0,,Confirmed planets
Kepler-1431 b,0,,0.131,5.86601526,,,,,,,,,transit,2016.0,16/05/10,19 30 38.0175,+49 51 54.6476,,1.03,1.03,0.07,5806.0,,Confirmed planets
HD 28192 b,0,0.31091,1.08,14.23283446,0.117885,0.104204,279.4689,,,,,,RV,2022.0,22/09/27,04 26 49,-01 43 28,49.8063,1.08,1.07,,5919.87,,Confirmed planets
Qatar-9 b,0,1.19,1.009,1.540731,0.0234,0.0,,,,89.23,1134.0,,transit,2019.0,19/05/02,10 43 00,+60 57 51,211.4,0.72,0.7,0.252,4309.0,,Confirmed planets
HIP 29442 c,0,0.01416,0.141,3.53796,0.0436,,,,,86.3,1217.0,,RV,2023.0,23/10/15,06 12 14,-14 38 58,68.192,0.89,0.98,0.24,5289.0,,Confirmed planets
HIP 29442 d,0,0.01605,0.122,6.42975,0.0649,,,,,88.9,998.0,,RV,2023.0,23/10/15,06 12 14,-14 38 58,68.192,0.89,0.98,0.24,5289.0,,Confirmed planets
HIP 29442 b,0,0.0302,0.31,13.63083,0.107,,,,,89.3,777.0,,transit,2023.0,23/10/15,06 12 14,-14 38 58,68.192,0.89,0.98,0.24,5289.0,,Confirmed planets
Kepler-1194 b,0,,0.135,16.22371307,,,,,,,,,transit,2016.0,16/05/10,19 26 47.8902,+38 08 42.9140,,0.94,0.92,0.0,5590.0,,Confirmed planets
Kepler-473 b,0,,0.364,14.55731705,,,,,,,,,transit,2016.0,16/05/10,19 06 31.2218,+38 56 44.0791,930.233,1.06,1.34,0.12,5816.0,,Confirmed planets
OGLE-2011-BLG-251L b,0,0.53,,,,,,,,,,,microlensing,2013.0,18/09/18,17 38 14.1788,-27 08 10.0722,2570.0,0.26,,,,,Confirmed planets
K2-333 b,0,0.0995,0.551,14.759287,,,,,,,826.0,,transit,2018.0,21/10/03,09 07 09,+15 12 20,343.99,1.06,1.22,0.07,5880.0,,Confirmed planets
Kepler-1569 b,0,,0.15,5.79180156,,,,,,,,,transit,2016.0,16/05/10,19 28 49.1234,+37 13 16.3525,971.723,1.25,1.4,0.06,6319.0,,Confirmed planets
OGLE-2017-BLG-0482L b,0,0.0283,,,,,,,,,,,microlensing,2018.0,18/09/20,17 56 11.73,-30 31 42.1,5800.0,0.2,,,,,Confirmed planets
Qatar-5 b,0,4.32,1.107,2.8792319,0.04127,,,,,88.74,,,transit,2016.0,16/09/18,00 28 12.95,+52 03 40.0,371.4,1.128,1.076,0.377,5747.0,5.47,Confirmed planets
HAT-P-25 b,0,0.567,1.19,3.652836,0.0466,0.032,,,,87.6,1100.1,,transit,2010.0,13/05/29,03 13 44.4981,+25 11 50.6878,302.9,1.01,0.959,0.31,5500.0,,Confirmed planets
KMT-2021-BLG-1105 b,0,1.3,,,3.54,,,,,,,,microlensing,2022.0,22/07/18,17 42 56.00,-25 30 32.00,4540.0,0.63,,,,,Confirmed planets
Kepler-1455 b,0,,0.193,49.276764,,,,,,,,,transit,2016.0,16/05/10,19 36 19.9336,+50 30 10.0684,361.246,0.62,0.6,-0.02,4075.0,,Confirmed planets
Kepler-804 b,0,,0.173,14.37457351,,,,,,,,,transit,2016.0,16/05/10,19 33 29.3401,+44 47 06.6180,662.032,1.01,1.05,0.0,5817.0,,Confirmed planets
Kepler-804 c,0,,0.102,9.65185017,,,,,,,,,transit,2016.0,16/05/10,19 33 29.3401,+44 47 06.6180,662.032,1.01,1.05,0.0,5817.0,,Confirmed planets
Rho Coronae Borealis b,0,1.0449,,39.8458,0.2196,0.0373,270.6,,,,,,RV,1997.0,17/11/27,16 01 02.6608,+33 18 12.6422,17.24,0.889,1.3617,-0.31,5627.0,,Confirmed planets
Rho Coronae Borealis c,0,0.0787,,102.54,0.4123,0.052,190.0,,,,,,RV,2016.0,17/11/27,16 01 02.6608,+33 18 12.6422,17.24,0.889,1.3617,-0.31,5627.0,,Confirmed planets
TOI-216 b,0,0.09439,0.686,17.089,0.1293,0.132,193.0,,,88.364,628.0,,transit,2019.0,19/05/09,04 55 55,-63 15 36,178.84,0.87,0.84,0.32,5026.0,,Confirmed planets
TOI-216 c,0,0.62927,1.007,34.556,0.2069,0.029,275.0,,,89.83,497.0,,transit,2019.0,19/05/09,04 55 55,-63 15 36,178.84,0.87,0.84,0.32,5026.0,,Confirmed planets
OGLE-2018-BLG-1212L b,0,0.2,0.832,,1.68,,,,,,,,microlensing,2022.0,23/10/15,18 04 19,-28 11 39,1550.0,0.16,,,,,Confirmed planets
BD+55 362 b,0,0.72,1.25,265.59,0.78,0.27,-134.44,,,0.601,,,RV,2021.0,21/06/13,01 35 50.7830,+56 41 56.9727,52.5697,0.91,0.9,0.18,5012.0,,Confirmed planets
Kepler-475 b,0,,0.222,3.10550819,,,,,,,,,transit,2016.0,16/05/10,19 08 12.4125,+40 12 41.5016,282.358,0.86,0.79,0.21,5009.0,,Confirmed planets
HD 137388 b,0,0.223,,330.0,0.89,0.36,,,,,219.9,,RV,2011.0,11/08/02,15 35 39.9207,-80 12 16.5384,38.0,0.86,0.82,0.18,5240.0,,Confirmed planets
Kepler-1407 b,0,,0.201,20.0711504,,,,,,,,,transit,2016.0,16/05/10,18 55 46.1788,+41 28 17.6499,1454.55,1.1,1.15,0.05,6010.0,,Confirmed planets
K2-194 b,0,,0.3247,39.7214,,,,,,89.1,,,transit,2018.0,18/07/24,13 38 26.1424,-08 55 37.7488,626.4,1.11,1.28,0.1,,,Confirmed planets
EPIC 201702477 b,2,,0.67,40.7362,0.2205,,,,,,529.0,,transit,2015.0,15/07/07,11 40 57.791,+03 40 53.7,673.0,0.87,0.85,-0.26,5618.0,,"Controversial, Planets in binary systems, S-type"
Kepler-1880 b,0,0.0161,0.189,6.30921984,0.054,0.0,,,,89.82,606.0,,transit,2021.0,22/02/01,19 11 18,+40 41 48,611.041,0.52,0.53,-0.92,4380.0,,Confirmed planets
TOI-763 b,0,0.0308,0.203,5.6057,0.06,0.04,42.0,,,,1038.0,,transit,2020.0,20/09/24,12 57 52,-39 45 28,95.39,0.92,0.9,0.01,5450.0,,Confirmed planets
TOI-763 c,0,0.02932,0.235,12.2737,0.1011,0.04,62.0,,,,800.0,,transit,2020.0,20/09/24,12 57 52,-39 45 28,95.39,0.92,0.9,0.01,5450.0,,Confirmed planets
Kepler-1037 b,0,,0.114,1.06378867,,,,,,,,,transit,2016.0,16/05/10,19 45 21.8417,+47 10 15.1159,452.755,0.82,0.78,-0.03,5105.0,,Confirmed planets
Kepler-1850 b,0,0.00098,0.065,1.3858,0.0206,0.0,,,,86.72,1008.0,,transit,2021.0,22/02/01,19 08 34,+43 36 58,250.199,0.61,0.6,-0.22,4239.0,,Confirmed planets
KMT-2016-BLG-1836L b,0,2.2,,,3.5,,,,,,,,microlensing,2019.0,20/03/19,17 53 00,-30 02 27,7100.0,0.49,,,,,Confirmed planets
Kepler-84 b,0,,0.22509,8.725818,,,,,,,,,transit,2014.0,14/02/26,19 53 00.4851,+40 29 45.9477,1287.77,1.02,1.169,,6031.0,,Confirmed planets
Kepler-84 c,0,,0.25152,12.882779,,,,,,,,,transit,2014.0,14/02/26,19 53 00.4851,+40 29 45.9477,1287.77,1.02,1.169,,6031.0,,Confirmed planets
Kepler-84 e,0,,0.23694,27.434389,,,,,,,,,transit,2014.0,14/02/26,19 53 00.4851,+40 29 45.9477,1287.77,1.02,1.169,,6031.0,,Confirmed planets
Kepler-84 d,0,,0.12576,4.224537,,,,,,,,,transit,2014.0,14/02/26,19 53 00.4851,+40 29 45.9477,1287.77,1.02,1.169,,6031.0,,Confirmed planets
Kepler-84 f,0,,0.20049,44.552169,,,,,,,,,transit,2014.0,14/02/26,19 53 00.4851,+40 29 45.9477,1287.77,1.02,1.169,,6031.0,,Confirmed planets
Kepler-165 b,0,,0.21142,8.180848,,,,,,,,,transit,2014.0,14/02/26,18 42 45.8447,+47 48 35.0524,644.43,0.79,0.77,,5211.0,,Confirmed planets
Kepler-165 c,0,,0.20322,15.31299,,,,,,,,,transit,2014.0,14/02/26,18 42 45.8447,+47 48 35.0524,644.43,0.79,0.77,,5211.0,,Confirmed planets
Kepler-692 b,0,,0.277,21.81293494,,,,,,,,,transit,2016.0,16/05/10,19 39 06.4398,+40 09 13.4454,1018.95,0.9,0.86,-0.01,5440.0,,Confirmed planets
WASP-2 b,2,0.931,1.081,2.152175,0.03144,,,,,84.49,1311.0,,transit,2007.0,19/09/26,20 30 54,+06 25 46,165.8,0.9,0.87,0.12,5180.0,,"Confirmed planets, Planets in binary systems, S-type"
Kepler-110 b,0,,0.16677,12.691112,,,,,,,,,transit,2014.0,14/02/26,19 31 42.9920,+48 36 10.1243,532.42,1.067,1.149,,5960.0,,Confirmed planets
Kepler-110 c,0,,0.2014,31.719775,,,,,,,,,transit,2014.0,14/02/26,19 31 42.9920,+48 36 10.1243,532.42,1.067,1.149,,5960.0,,Confirmed planets
MOA-2007-BLG-400L b,0,0.83,,,6.5,,,,,,,,microlensing,2008.0,18/09/18,18 09 41.98,-29 13 26.95,5800.0,0.3,,,,,Confirmed planets
K2-115 b,0,,1.076,20.272615,0.143,,,,,,619.0,,transit,2017.0,18/10/26,08 26 12.8235,+12 16 54.9992,418.58,0.95,0.88,-0.1,5657.0,,Confirmed planets
Kepler-1549 b,0,,0.229,214.886545,,,,,,,,,transit,2016.0,16/05/10,19 04 12.5846,+39 05 45.7393,821.828,0.88,0.84,0.02,5324.0,,Confirmed planets
gam Psc b,0,1.34,,555.1,1.32,0.2,44.0,,,,,,RV,2021.0,21/12/17,21 17 10.00,+03 16 56.00,,,,,,,Confirmed planets
Kepler-790 b,0,,0.194,13.73469807,,,,,,,,,transit,2016.0,16/05/10,19 07 40.1095,+38 52 19.9690,717.566,0.84,0.8,-0.05,5208.0,,Confirmed planets
EPIC 229004835 b,0,0.03272,0.208,16.141132,0.1237,0.23,,,,88.08,804.0,,transit,2023.0,23/10/15,12 25 57,-01 24 17,121.971,0.97,1.0,-0.12,5868.0,,Confirmed planets
HD 103197 b,0,0.098,,47.84,0.249,0.0,,,,,409.7,,RV,2009.0,10/10/06,11 52 52.9782,-50 17 34.1592,49.3,0.9,,0.21,5303.0,,Confirmed planets
KIC 6185331 b,0,,0.529,49.7701438,0.2672,,,,,89.2,,,transit,2011.0,17/11/28,18 57 05.7485,+41 32 06.0871,2472.8,0.93,0.91,-0.07,5612.0,,Confirmed planets
EPIC 201208431 b,2,,0.218,10.00329,0.0777,,,,,,563.0,,transit,2015.0,15/07/07,11 38 58.953,-03 54 20.11,233.4,0.63,0.6,-0.12,4197.0,,"Confirmed planets, Planets in binary systems, S-type"
HD 216435 b,0,1.26,,1311.0,2.56,0.07,,,,,224.7,,RV,2002.0,09/10/06,22 53 37.9322,-48 35 53.8246,33.3,1.3,2.0,0.244,5767.0,,Confirmed planets
Kepler-1988 b,0,0.0093,0.138,11.49500229,0.1038,0.0,,,,79.67,1105.0,,transit,2023.0,23/10/15,19 54 42,+43 47 44,513.426,1.13,1.79,-0.1,6033.0,,Confirmed planets
Kepler-559 b,0,,0.322,17.58752333,,,,,,,,,transit,2016.0,16/05/10,19 46 32.8401,+43 48 10.0279,794.155,0.96,0.95,0.03,5630.0,,Confirmed planets
HATS-23 b,0,1.47,1.86,2.1605156,0.03397,0.114,,,,81.02,,,transit,2015.0,16/07/11,19 05 28.0082,-50 55 57,747.0,1.121,1.199,0.28,5780.0,4.2,Confirmed planets
Kepler-672 b,0,,0.223,38.3774623,,,,,,,,,transit,2016.0,16/05/10,19 26 53.2826,+49 28 51.0586,1065.53,0.95,0.92,-0.01,5627.0,,Confirmed planets
Kepler-612 b,0,,0.253,3.72215641,,,,,,,,,transit,2016.0,16/05/10,19 25 25.1136,+45 44 52.4525,1507.84,0.98,0.96,0.04,5693.0,,Confirmed planets
EPIC 201497682 b,0,,0.062,2.13174,,,,,,,,,transit,2019.0,19/06/13,11 15 44.7913,+00 29 17.2049,254.88,0.78,,,,,Confirmed planets
Kepler-1039 b,0,,0.13,0.93488424,,,,,,,,,transit,2016.0,16/05/10,19 53 18.3808,+45 18 55.8151,309.645,0.79,0.74,0.01,4870.0,,Confirmed planets
HD 115594 b,0,8.29,,3700.0,5.0,0.487,185.6,,,,144.9,,RV,2021.0,21/07/13,13 19 56.5871,+38 22 08.5642,218.39,1.18,1.213,0.34,5957.0,,Confirmed planets
HD 109246 b,0,0.77,,68.27,0.33,0.12,,,,,452.6,,RV,2010.0,10/06/28,12 32 07.1885,+74 29 22.3704,65.6,1.01,1.02,0.1,5844.0,,Confirmed planets
51 Eri b,2,2.0,1.0,15000.0,14.0,0.21,90.0,,75.0,138.0,700.0,,imaging,2015.0,15/08/14,04 37 36.13234,-02 28 24.7749,29.4,1.75,,-0.027,,0.02,"Confirmed planets, Planets in binary systems, S-type"
HD 192699 b,0,2.4,,345.53,1.32,0.129,41.3,,,,,,RV,2007.0,15/09/20,20 16 06.00508,+04 34 50.8537,65.6,1.69,3.9,-0.15,5220.0,,Confirmed planets
WASP-174 b,0,1.3,1.3,4.2337,0.0559,0.0,,,,84.2,1490.0,,transit,2018.0,18/08/09,13 03 10.5634,-41 23 05.4123,414.7,1.3,1.31,0.09,6400.0,,Confirmed planets
K2-224 c,0,,0.215,10.09489,0.0886,,,,,,764.0,,transit,2018.0,18/07/12,12 38 49,-10 03 38,277.7,0.91,0.84,-0.19,5620.0,,Confirmed planets
K2-224 b,0,,0.139,4.47904,0.0516,,,,,,1002.0,,transit,2018.0,18/07/12,12 38 49,-10 03 38,277.7,0.91,0.84,-0.19,5620.0,,Confirmed planets
Kepler-884 b,0,,0.11,5.69919514,,,,,,,,,transit,2016.0,16/05/10,19 30 20.2576,+49 55 23.3197,323.698,1.0,0.94,0.05,5715.0,,Confirmed planets
K2-208 b,0,,0.1499,4.19095,,,,,,88.0,,,transit,2018.0,18/07/24,01 23 06.9826,+00 53 21.0376,271.9,0.925,0.862,-0.11,,,Confirmed planets
Kepler-861 b,0,,0.203,3.94963138,,,,,,,,,transit,2016.0,16/05/10,19 29 24.9425,+46 13 34.5916,871.08,0.82,0.78,0.01,5047.0,,Confirmed planets
HD 167768 b,0,0.85,1.24,20.6532,0.1512,0.149,58.73,,,,,,RV,2022.0,23/02/22,18 16 53,-03 00 31,107.214,1.08,9.7,-0.67,4851.0,,Confirmed planets
KELT-2A b,2,1.524,1.29,4.1137913,0.05504,0.0,,,,,1712.0,,transit,2012.0,15/09/20,06 10 39.35,+30 57 25.7,128.6,1.314,1.836,-0.034,6148.0,,"Confirmed planets, Planets in binary systems, S-type"
Kepler-389 b,0,,0.13761,3.244107,,,,,,,,,transit,2014.0,14/02/26,19 27 50.3991,+44 54 00.1129,1101.76,,0.792,,5376.0,,Confirmed planets
Kepler-389 c,0,,0.13305,14.51143,,,,,,,,,transit,2014.0,14/02/26,19 27 50.3991,+44 54 00.1129,1101.76,,0.792,,5376.0,,Confirmed planets
HD 38283 b,0,0.34,,363.2,1.02,0.41,,,,,309.9,,RV,2011.0,11/04/13,05 37 02.0168,-73 41 57.6448,37.7,1.085,,-0.24,5945.0,,Confirmed planets
Kepler-1612 b,0,,0.092,3.91795101,,,,,,,,,transit,2016.0,16/05/10,19 25 00.0667,+45 39 18.2691,781.8,0.96,0.94,0.03,5643.0,,Confirmed planets
NN Ser (AB) c,1,6.96,,5654.6797,5.389,0.142,317.0,,,,,,timing,2010.0,13/06/20,15 52 56,+12 54 47,500.0,,,,,,"Confirmed planets, Planets in binary systems, P-type"
NN Ser (AB) d,1,1.74,,2793.0,3.358,0.223,48.0,,,,,,timing,2009.0,13/06/20,15 52 56,+12 54 47,500.0,,,,,,"Confirmed planets, Planets in binary systems, P-type"
Kepler-1259 b,0,,0.128,0.66308526,,,,,,,,,transit,2016.0,16/05/10,19 51 21.9634,+46 58 03.5537,824.334,0.8,0.77,-0.07,5053.0,,Confirmed planets
TOI-2096 c,0,0.0136,0.171,6.38784,0.04,0.1,200.0,,,89.56,349.0,,transit,2023.0,23/10/15,10 06 28,+74 49 38,48.4809,0.23,0.24,-0.03,3300.0,,Confirmed planets
TOI-2096 b,0,0.00653,0.111,3.1190633,0.025,0.15,245.0,,,89.24,445.0,,transit,2023.0,23/10/15,10 06 28,+74 49 38,48.4809,0.23,0.24,-0.03,3300.0,,Confirmed planets
Kepler-1499 b,0,,0.106,44.2008,,,,,,,,,transit,2016.0,16/05/10,18 55 56.7146,+41 39 01.4513,312.666,0.82,0.78,-0.01,5097.0,,Confirmed planets
Kepler-715 b,0,,0.335,10.00652995,,,,,,,,,transit,2016.0,16/05/10,18 54 31.3909,+43 22 45.8088,1379.69,1.04,1.04,0.02,5871.0,,Confirmed planets
HD 204313 b,0,4.28,,2024.1,3.04,0.0946,292.5,107.55,,,,,RV,2009.0,17/12/23,21 28 12.20709,-21 43 34.5199,47.4,1.02,,0.18,5776.0,,Confirmed planets
HD 204313 c,0,0.0553,,34.905,0.2099,0.155,238.0,46.5,,,,,RV,2011.0,17/12/23,21 28 12.20709,-21 43 34.5199,47.4,1.02,,0.18,5776.0,,Confirmed planets
HD 204313 d,0,1.68,,2831.6,3.93,0.28,247.0,,,,,,RV,2012.0,17/12/23,21 28 12.20709,-21 43 34.5199,47.4,1.02,,0.18,5776.0,,Controversial
Kepler-1365 b,0,,0.082,7.69993485,,,,,,,,,transit,2016.0,16/05/10,19 28 47.9324,+42 02 45.8962,860.882,1.0,1.05,0.03,5770.0,,Confirmed planets
Kepler-1365 c,0,,0.071,4.77468005,,,,,,,,,transit,2016.0,16/05/10,19 28 47.9324,+42 02 45.8962,860.882,1.0,1.05,0.03,5770.0,,Confirmed planets
Kepler-1275 b,0,,0.132,3.65691115,,,,,,,,,transit,2016.0,16/05/10,19 34 00.1213,+44 55 56.8108,1193.32,1.23,1.36,0.04,6296.0,,Confirmed planets
Kepler-1995 b,0,0.0533,0.412,73.7578875,0.3259,0.0,,,,89.74,375.0,,transit,2023.0,23/10/15,18 57 22,+46 18 60,595.331,0.85,0.93,0.48,5029.0,,Confirmed planets
KMT-2016-BLG-1397L b,0,7.0,,,5.1,,,,,,,,microlensing,2018.0,18/11/08,18 10 40,-24 51 28,6600.0,0.45,,,,,Confirmed planets
Kepler-151 b,0,,0.27886,15.228958,,,,,,,,,transit,2014.0,14/02/26,19 28 39.0693,+41 01 23.6546,751.12,0.86,0.83,,5460.0,,Confirmed planets
Kepler-151 c,0,,0.19046,24.674612,,,,,,,,,transit,2014.0,14/02/26,19 28 39.0693,+41 01 23.6546,751.12,0.86,0.83,,5460.0,,Confirmed planets
OGLE-2018-BLG-1269L b,0,0.67,,,4.51,,,,,,,,microlensing,2020.0,20/10/08,17 58 46,-27 37 05,2510.0,1.11,,,,,Confirmed planets
Kepler-691 b,0,,0.186,8.114379,,,,,,,,,transit,2016.0,16/05/10,19 15 14.8773,+40 02 00.2003,281.326,0.53,0.5,0.04,3715.0,,Confirmed planets
K2-218 b,0,,0.2293,8.67989,,,,,,88.5,,,transit,2018.0,18/07/24,00 51 14.3190,+06 50 47.2822,440.5,1.047,1.008,0.25,,,Confirmed planets
24 Boo b,0,0.91,,30.3506,0.19,0.042,210.0,,,,,,RV,2018.0,18/04/26,14 28 37.8130,+49 50 41.4610,96.25,0.99,10.64,-0.77,4893.0,,Confirmed planets
WASP-173 A b,2,3.69,1.2,1.38665318,0.0248,,,,,85.2,1880.0,,transit,2018.0,18/03/27,23 36 40.38,-34 36 40.6,230.0,1.05,1.11,0.16,5700.0,7.0,"Confirmed planets, Planets in binary systems, S-type"
K2-65 b,0,,0.1231,12.64781,,,,,,89.1,,,transit,2018.0,18/07/24,22 12 50.820,-10 55 31.35,72.2,0.702,0.669,-0.34,,,Confirmed planets
K2-225 b,0,,0.2373,15.8715,,,,,,88.4,,,transit,2018.0,18/07/24,12 26 09.9028,-09 37 29.2345,400.2,1.115,1.21,0.47,,,Confirmed planets
Kepler-661 b,0,,0.274,6.02930132,,,,,,,,,transit,2016.0,16/05/10,18 54 50.6094,+47 51 47.7496,542.977,0.7,0.67,-0.05,4483.0,,Confirmed planets
Kepler-1355 b,0,,0.13,1.28958811,,,,,,,,,transit,2016.0,16/05/10,18 54 57.9445,+49 04 04.7413,935.366,0.88,0.83,-0.04,5352.0,,Confirmed planets
Kepler-752 b,0,,0.251,18.82747265,,,,,,,,,transit,2016.0,16/05/10,19 29 04.3511,+37 57 20.2786,1275.51,0.87,0.83,-0.08,5373.0,,Confirmed planets
WASP-41 b,0,0.94,1.18,3.052404,0.04,,,,,89.4,,,transit,2010.0,15/10/16,12 42 28.4949,-30 38 23.5276,180.0,0.93,0.87,0.06,5545.0,,Confirmed planets
WASP-41 c,0,3.18,,421.0,1.07,0.294,353.0,,,,,,RV,2015.0,15/10/16,12 42 28.4949,-30 38 23.5276,180.0,0.93,0.87,0.06,5545.0,,Confirmed planets
WASP-25 b,0,0.58,1.26,3.76483,0.0474,0.0,,,,87.7,1135.0,,transit,2010.0,12/03/23,13 01 26.3760,-27 31 19.9208,169.0,1.0,0.95,-0.05,5750.0,,Confirmed planets
Kepler-800 b,0,,0.254,14.13176026,,,,,,,,,transit,2016.0,16/05/10,19 06 17.9477,+44 47 42.7764,1049.43,0.85,0.82,-0.09,5315.0,,Confirmed planets
HAT-P-9 b,0,0.749,1.393,3.92281072,0.05287,0.084,152.0,,,86.44,1540.0,,transit,2008.0,19/07/11,07 20 40.4562,+37 08 26.3428,480.0,1.28,1.34,0.12,6350.0,,Confirmed planets
K2-75 b,0,,0.2275,7.81795,,,,,,87.4,,,transit,2018.0,18/07/24,22 35 22.7643,-07 28 11.4812,516.1,1.174,1.24,0.3,,,Confirmed planets
K2-75 c,0,,0.2346,18.2861,,,,,,88.8,,,transit,2018.0,18/07/24,22 35 22.7643,-07 28 11.4812,516.1,1.174,1.24,0.3,,,Confirmed planets
Kepler-754 b,0,,0.179,14.5596237,,,,,,,,,transit,2016.0,16/05/10,19 33 00.9877,+37 50 46.2355,1861.5,1.06,1.08,0.05,5935.0,,Confirmed planets
Omega Serpentis b,0,1.7,,277.02,1.1,0.106,132.0,,,,,,RV,2013.0,13/04/17,15 50 17.5464,+02 11 47.4390,83.8,2.17,12.3,-0.24,4770.0,,Confirmed planets
L 168-9 b,0,0.01447,0.124,1.4015,0.02091,0.21,,,,85.5,965.0,,transit,2020.0,20/02/13,23 20 07.5245,-60 03 54.6445,25.17,0.62,0.6,0.04,3800.0,,Confirmed planets
Kepler-1278 b,0,,0.09,3.23941344,,,,,,,,,transit,2016.0,16/05/10,18 51 49.6604,+42 49 32.1543,912.659,1.11,1.16,0.02,6074.0,,Confirmed planets
HD 109271 b,0,0.054,,7.8543,0.079,0.25,-64.0,,,,1076.0,,RV,2013.0,13/01/14,12 33 35.5542,-11 37 18.7271,62.0,1.047,,0.1,5783.0,7.3,Confirmed planets
HD 109271 c,0,0.076,,30.93,0.196,0.15,4.0,,,,684.9,,RV,2013.0,13/01/14,12 33 35.5542,-11 37 18.7271,62.0,1.047,,0.1,5783.0,7.3,Confirmed planets
TOI-2567 b,0,0.2,0.975,5.983944,0.0672,0.0,,,,88.3,1352.0,,transit,2022.0,22/05/24,19 13 52.00,+66 20 53.00,518.4,,1.83,,5609.0,,Confirmed planets
K2-286 b,0,,0.187,27.359,0.1768,,,,,89.67,347.0,,transit,2018.0,19/01/10,15 33 28.6942,-16 46 23.7231,76.32,0.64,0.62,0.0,3926.0,,Confirmed planets
Kepler-1267 b,0,,0.269,13.0313945,,,,,,,,,transit,2016.0,16/05/10,19 56 40.6882,+43 26 27.9362,1433.49,1.15,1.2,0.07,6096.0,,Confirmed planets
Kepler-1482 b,0,,0.09,12.25383217,,,,,,,,,transit,2016.0,16/05/10,19 01 15.3139,+48 43 30.9752,576.768,0.88,0.84,-0.04,5381.0,,Confirmed planets
HD 13908 b,0,0.865,,19.382,0.154,0.046,185.0,,,,,,RV,2013.0,13/11/22,02 18 14.56056,+65 35 39.6988,71.3,1.29,1.67,0.01,6255.0,2.9,Confirmed planets
HD 13908 c,0,5.13,,931.0,2.03,0.12,185.0,,,,,,RV,2013.0,13/11/22,02 18 14.56056,+65 35 39.6988,71.3,1.29,1.67,0.01,6255.0,2.9,Confirmed planets
WASP-63 b,0,0.38,1.43,4.37809,0.0574,0.0,,,,87.8,1540.0,,transit,2011.0,12/04/24,06 17 20.7486,-38 19 23.7541,330.0,1.32,1.88,0.08,5570.0,,Confirmed planets
Kepler-723 b,0,,1.088,4.08227507,,,,,,,,,transit,2016.0,16/05/10,18 59 19.3128,+44 39 29.3285,,0.92,0.89,0.0,5539.0,,Confirmed planets
Kepler-1655 b,0,0.01573,0.197,11.8728787,0.103,,-71.0,,,87.62,,,transit,2018.0,18/04/05,19 06 45.4642,+39 12 42.9655,214.58,1.03,1.03,-0.24,6148.0,,Confirmed planets
GU Psc b,0,11.0,,,,,,,,,1050.0,,imaging,2014.0,14/05/14,01 12 35.0519,+17 03 55.5712,48.0,0.325,,0.1,,0.1,Confirmed planets
Kepler-462 b,0,0.16959,0.268,84.6866,,0.042,51.9,,,,,,transit,2011.0,20/11/05,19 59 17.0778,+43 48 51.4122,598.0,1.59,1.57,0.05,7500.0,,Confirmed planets
Kepler-462 c,0,0.01888,0.357,207.62,,0.11,14.9,,,,,,transit,2011.0,20/11/05,19 59 17.0778,+43 48 51.4122,598.0,1.59,1.57,0.05,7500.0,,Confirmed planets
Kepler-1438 b,0,,0.084,2.31942009,,,,,,,,,transit,2016.0,16/05/10,19 17 09.5569,+40 40 53.9751,1191.47,0.97,0.96,0.2,5530.0,,Confirmed planets
K2-366 b,0,0.0194,0.21,15.937039,,,,,,,,,transit,2022.0,22/03/01,16 14 43,-19 20 49,185.947,0.83,0.94,-0.216,5601.0,,Confirmed planets
Kepler-104 b,0,,0.2825,11.427548,,,,,,,,,transit,2014.0,14/02/26,19 10 25.1128,+42 10 00.2549,491.0,0.807,1.349,,5711.0,,Confirmed planets
Kepler-104 c,0,,0.28524,23.668205,,,,,,,,,transit,2014.0,14/02/26,19 10 25.1128,+42 10 00.2549,491.0,0.807,1.349,,5711.0,,Confirmed planets
Kepler-104 d,0,,0.32625,51.755394,,,,,,,,,transit,2014.0,14/02/26,19 10 25.1128,+42 10 00.2549,491.0,0.807,1.349,,5711.0,,Confirmed planets
HD 154672 b,0,5.02,,163.91,0.6,0.61,,,,,357.1,,RV,2008.0,09/05/20,17 10 04.9104,-56 26 57.3732,65.8,1.06,1.27,0.26,5714.0,,Confirmed planets
Kepler-1262 b,0,,0.162,8.67900242,,,,,,,,,transit,2016.0,16/05/10,19 15 05.2394,+42 12 47.5817,1087.43,0.99,0.98,-0.02,5771.0,,Confirmed planets
Kepler-684 b,0,,0.3,6.77030201,,,,,,,,,transit,2016.0,16/05/10,19 23 28.9199,+38 16 25.0600,1819.51,0.89,0.86,-0.11,5493.0,,Confirmed planets
Kepler-655 b,0,,0.242,46.4063358,,,,,,,,,transit,2016.0,16/05/10,19 49 02.1904,+46 50 35.5367,769.172,1.15,1.24,0.0,6170.0,,Confirmed planets
HAT-P-69 b,0,3.58,1.676,4.7869491,0.06555,0.0,,,,87.19,1930.0,,transit,2019.0,19/08/15,08 42 01.3561,+03 42 38.0229,343.9,1.65,1.93,-0.069,7394.0,,Confirmed planets
WASP-14 b,2,7.341,1.281,2.2437661,0.036,0.087,,,,84.79,1718.8,,transit,2008.0,12/04/08,14 33 06,+21 53 41,160.0,1.211,1.306,,6462.0,,"Confirmed planets, Planets in binary systems, S-type"
Kepler-188 c,0,,0.29071,5.996553,,,,,,,,,transit,2014.0,14/02/26,18 45 07.1289,+44 18 55.9366,1201.9,1.01,1.141,,6021.0,,Confirmed planets
Kepler-188 b,0,,0.1531,2.061897,,,,,,,,,transit,2014.0,14/02/26,18 45 07.1289,+44 18 55.9366,1201.9,1.01,1.141,,6021.0,,Confirmed planets
HD 168863 b,0,6.78,1.13,14773.93272,10.961,0.187,134.572,,,129.839,,,RV,2022.0,23/10/15,18 22 39,-18 01 19,39.8979,0.8,0.78,0.16,4905.0,,Confirmed planets
HD 64114 b,0,0.056,,45.791,0.246,0.12,215.3,,,,,,RV,2019.0,19/05/23,07 51 55.8865,-11 01 58.7106,31.55,0.95,,,5676.0,,Confirmed planets
Kepler-947 b,0,,0.203,26.9644317,,,,,,,,,transit,2016.0,16/05/10,19 37 28.0165,+42 15 09.5365,,0.9,0.87,-0.07,5508.0,,Confirmed planets
Kepler-1291 b,0,,0.148,8.63043276,,,,,,,,,transit,2016.0,16/05/10,19 17 30.4874,+40 00 04.1503,920.387,0.84,0.8,-0.04,5216.0,,Confirmed planets
HIP 81208 C b,0,14.8,1.09,104100.0,23.04,,,,,,2050.0,,imaging,2023.0,23/10/15,16 35 14,-35 43 29,147.533,0.14,,,,,Confirmed planets
OGLE-2015-BLG-0563L b,0,0.39,,,,,,,,,,,microlensing,2015.0,18/09/20,18 05 57.72,-27 42 43.2,1300.0,0.34,,,,,Confirmed planets
VHS 1256-1257 b,1,11.2,,,,,,,,,880.0,,imaging,2015.0,17/11/30,12 56 01.922,-12 57 23.990,12.7,,,,,,"Confirmed planets, Planets in binary systems, P-type"
Kepler-1840 b,0,0.0256,0.248,131.1900024,0.4644,0.0,,,,89.97,284.0,,transit,2021.0,22/02/01,19 54 23,+41 26 09,513.107,0.77,0.8,0.14,4898.0,,Confirmed planets
KOI-372 b,0,3.25,0.747,125.63243,0.4988,0.172,791.0,,,89.845,,,transit,2015.0,17/11/28,19 56 29.3872,+41 52 00.3179,310.01,1.014,1.122,-0.01,5820.0,1.0,Confirmed planets
KOI-372 c,0,,,,,,,,,,,,timing,2015.0,17/11/28,19 56 29.3872,+41 52 00.3179,310.01,1.014,1.122,-0.01,5820.0,1.0,Confirmed planets
CoRoT-36 b,0,0.68,1.41,5.616531,0.066,0.0,,,,85.83,1567.0,,transit,2022.0,22/07/19,18 30 60.00,+07 11 01.00,954.0,1.32,1.52,-0.1,6730.0,,Confirmed planets
Kepler-1127 b,0,,0.175,5.12330347,,,,,,,,,transit,2016.0,16/05/10,19 32 52.1761,+42 43 14.4911,862.887,0.97,0.95,0.04,5664.0,,Confirmed planets
Kepler-74 b,0,0.63,0.96,7.340711,0.0781,0.0,,,,87.46,,,transit,2012.0,15/01/27,19 32 22.2087,+41 21 19.9076,1330.0,1.18,1.12,0.42,6000.0,0.8,Confirmed planets
HATS-40 b,0,1.59,1.58,3.2642736,0.04997,0.312,,,,85.8,2101.0,,transit,2018.0,18/04/12,06 42 17.1043,-29 46 36.4946,1431.0,1.56,2.26,0.01,6460.0,,Confirmed planets
WASP-43 b,0,2.034,1.036,0.81347753,0.01526,0.0035,,,,82.33,1317.6,,transit,2011.0,12/05/29,10 19 38.0089,-09 48 22.6031,80.0,0.717,0.667,-0.01,4520.0,,Confirmed planets
Kepler-53 b,0,,0.25608,18.649113,,,,,,,,,transit,2014.0,14/02/26,19 21 50.8280,+40 33 44.8861,1430.64,1.065,0.958,,6085.0,,Confirmed planets
Kepler-53 d,0,,0.1932,9.751962,,,,,,,,,transit,2014.0,14/02/26,19 21 50.8280,+40 33 44.8861,1430.64,1.065,0.958,,6085.0,,Confirmed planets
Kepler-53 c,0,,0.33992,38.558585,,,,,,,,,transit,2014.0,14/02/26,19 21 50.8280,+40 33 44.8861,1430.64,1.065,0.958,,6085.0,,Confirmed planets
K2-68 b,0,,0.1633,8.05479,,,,,,88.7,,,transit,2018.0,18/07/24,22 16 04.7481,-10 34 02.3666,173.5,0.751,0.702,-0.21,,,Confirmed planets
KMT-2021-BLG-1898 b,0,0.76,,,2.5,,,,,,,,microlensing,2022.0,22/04/26,17 42 46.00,-27 22 33.00,6900.0,0.48,,,,,Confirmed planets
Kepler-908 b,0,,0.109,1.34059747,,,,,,,,,transit,2016.0,16/05/10,19 41 17.3995,+39 22 35.3866,293.29,1.11,1.12,0.15,5973.0,,Confirmed planets
Kepler-1895 b,0,0.0162,0.189,6.07029009,0.0615,0.0,,,,89.17,789.0,,transit,2021.0,22/02/01,19 26 42,+48 45 45,984.187,0.86,0.76,0.1,5076.0,,Confirmed planets
K2-73 b,0,,0.2346,7.49569,,,,,,88.4,,,transit,2018.0,18/07/24,22 20 06.1073,-09 03 22.0661,290.0,1.043,1.05,0.09,,,Confirmed planets
OGLE-2003-BLG-235L b,0,2.6,,,,,,,,,,,microlensing,2004.0,18/09/18,18 05 16.35,-28 53 42.0,5800.0,0.63,,,,,Confirmed planets
Kepler-1084 b,0,,0.099,2.05333679,,,,,,,,,transit,2016.0,16/05/10,19 20 24.4740,+48 15 04.0828,410.24,1.12,1.28,-0.02,6113.0,,Confirmed planets
HD 10647 b,0,0.94,,989.2,2.015,0.15,212.0,,,,195.9,,RV,2003.0,12/11/29,01 42 29.3148,-53 44 26.9911,17.3,1.11,1.1,0.0,6039.0,1.4,Confirmed planets
Kepler-838 b,0,,0.244,15.74957994,,,,,,,,,transit,2016.0,16/05/10,19 01 44.5214,+45 58 33.5644,1140.12,0.98,0.96,-0.06,5770.0,,Confirmed planets
Kepler-251 c,0,,0.25243,16.514043,,,,,,,,,transit,2014.0,14/02/26,19 46 15.8966,+44 06 21.1186,1016.85,0.96,0.89,,5526.0,,Confirmed planets
Kepler-251 d,0,,0.25243,30.133001,,,,,,,,,transit,2014.0,14/02/26,19 46 15.8966,+44 06 21.1186,1016.85,0.96,0.89,,5526.0,,Confirmed planets
Kepler-251 b,0,,0.1212,4.790936,,,,,,,,,transit,2014.0,14/02/26,19 46 15.8966,+44 06 21.1186,1016.85,0.96,0.89,,5526.0,,Confirmed planets
Kepler-251 e,0,,0.25243,99.640161,,,,,,,,,transit,2014.0,14/02/26,19 46 15.8966,+44 06 21.1186,1016.85,0.96,0.89,,5526.0,,Confirmed planets
Kepler-582 b,0,,0.328,18.49235668,,,,,,,,,transit,2016.0,16/05/10,19 50 00.8865,+41 03 25.2144,624.064,0.93,0.91,0.01,5564.0,,Confirmed planets
OGLE-TR-211 b,0,0.75,1.26,3.67724,0.051,0.0,,,,87.2,1581.5,,transit,2007.0,10/06/24,10 40 14.3825,-62 27 20.0190,,1.33,1.64,0.11,6325.0,,Confirmed planets
HD 167677 b,0,2.85,1.18,1820.0,2.877,0.182,302.0,,,28.7,,,RV,2023.0,23/10/15,18 16 50,-11 24 24,54.3258,0.96,0.95,-0.29,5474.0,,Confirmed planets
Kepler-436 b,0,,0.244,64.00205,0.339,,,,,89.93,,,transit,2015.0,15/01/28,20 06 52.9788,+44 24 43.4836,618.0,0.729,0.697,0.01,4651.0,3.0,Confirmed planets
Kepler-436 c,0,,0.208,16.79713874,,,,,,,,,transit,2016.0,16/05/10,20 06 52.9788,+44 24 43.4836,618.0,0.729,0.697,0.01,4651.0,3.0,Confirmed planets
Kepler-668 b,0,,0.241,8.35390639,,,,,,,,,transit,2016.0,16/05/10,19 01 59.8265,+49 16 38.3796,802.504,0.87,0.82,-0.06,5352.0,,Confirmed planets
eta Cet b,0,2.46,,407.3,1.27,0.17,247.2,,,81.9,,,RV,2014.0,15/12/11,01 08 35.39148,-10 10 56.1570,37.99,1.7,14.3,0.12,4528.0,,Confirmed planets
eta Cet c,0,3.16,,744.3,1.93,0.02,36.67,,,81.9,,,RV,2014.0,15/12/11,01 08 35.39148,-10 10 56.1570,37.99,1.7,14.3,0.12,4528.0,,Confirmed planets
Kepler-899 b,0,,0.239,19.17891293,,,,,,,,,transit,2016.0,16/05/10,19 49 55.8228,+40 40 50.8025,1291.32,0.93,0.91,-0.06,5595.0,,Confirmed planets
Kepler-1398 b,0,,0.08,2.78815679,,,,,,,,,transit,2016.0,16/05/10,19 39 27.8822,+48 38 20.3718,873.668,1.13,1.18,0.01,6126.0,,Confirmed planets
Kepler-1398 c,0,,0.092,4.13827595,,,,,,,,,transit,2016.0,16/05/10,19 39 27.8822,+48 38 20.3718,873.668,1.13,1.18,0.01,6126.0,,Confirmed planets
Kepler-1165 c,0,0.0354,0.3,29.96870041,0.1969,0.0,,,,89.52,644.0,,transit,2021.0,22/09/15,19 07 53,+44 42 30,1575.2,1.13,1.08,-0.04,6249.0,,Confirmed planets
Kepler-1165 b,0,0.00951,0.138,9.478522,0.0914,0.0,,,,89.46,946.0,,transit,2016.0,22/09/15,19 07 53,+44 42 30,1575.2,1.13,1.08,-0.04,6249.0,,Confirmed planets
HD 69123 b,0,3.04,,1193.3,2.48,0.19,292.7,,,,,,RV,2022.0,22/01/06,08 14 13.00,-35 29 24.00,75.1,1.68,7.72,0.05,4787.0,,Confirmed planets
Kepler-101 b,0,0.161,0.515,3.4876812,0.0474,0.086,231.0,,,85.82,,,transit,2014.0,15/01/27,18 53 01.3205,+48 21 18.7837,990.44,1.17,1.56,,5667.0,5.9,Confirmed planets
Kepler-101 c,0,,0.112,6.02976,0.0684,,,,,84.6,,,transit,2014.0,15/01/27,18 53 01.3205,+48 21 18.7837,990.44,1.17,1.56,,5667.0,5.9,Confirmed planets
Kepler-1171 b,0,,0.228,1.44259224,,,,,,,,,transit,2016.0,16/05/10,19 39 50.1409,+38 35 29.6896,582.377,1.58,1.95,-0.01,7044.0,,Confirmed planets
WASP-113 b,0,0.475,1.409,4.54216874538,0.05885,0.0,,,,86.46,,,transit,2016.0,16/07/11,14 59 29.4780,+46 57 36.4801,360.0,1.318,1.608,0.1,5890.0,,Confirmed planets
EPIC 201595106 b,0,0.00705,0.116,0.877214,,,,,,89.2,1874.0,,transit,2021.0,22/09/15,12 14 53,+01 58 05,232.1,1.02,0.93,-0.01,5820.0,,Confirmed planets
GJ 685 b,0,0.02832,,24.16,0.1344,0.0,,,,,,,RV,2019.0,19/04/11,17 35 34.4785,+61 40 53.6265,14.32,0.55,0.54,-0.15,3816.0,,Confirmed planets
Kepler-1216 b,0,,0.124,4.37034536,,,,,,,,,transit,2016.0,16/05/10,19 09 37.2795,+45 55 04.7640,1305.31,0.99,0.98,0.03,5743.0,,Confirmed planets
HD 95872 b,0,4.6,,4375.0,5.2,0.06,17.0,,,,,,RV,2015.0,15/12/28,11 03 28.0904,-22 05 38.3449,72.4,0.95,,0.41,5312.0,10.0,Confirmed planets
HATS-4 b,0,1.323,1.02,2.516729,0.0362,0.016,,,,88.5,1315.0,,transit,2014.0,14/02/26,06 16 26.9016,-22 32 48.8150,420.0,1.001,0.925,0.43,5403.0,2.1,Confirmed planets
NGTS-20 b,0,2.98,1.07,54.18915,0.313,0.432,66.1,,,,688.0,,transit,2022.0,22/07/11,03 05 10.00,-21 56 01.00,366.2,1.47,1.78,0.15,5980.0,,Confirmed planets
Kepler-1124 b,0,,0.114,2.85234897,,,,,,,,,transit,2016.0,16/05/10,19 06 22.6217,+37 53 28.5233,292.287,0.35,0.34,-0.59,3658.0,,Confirmed planets
TOI-2525 b,0,0.084,0.774,23.2856,0.1511,0.17,345.9,,,89.5,556.0,,transit,2023.0,23/10/15,05 47 24,-60 31 17,395.398,0.85,0.79,0.14,5096.0,,Confirmed planets
TOI-2525 c,0,0.657,0.904,49.2519,0.249,0.157,21.5,,,89.97,603.0,,transit,2023.0,23/10/15,05 47 24,-60 31 17,395.398,0.85,0.79,0.14,5096.0,,Confirmed planets
KOI-1599 b,0,0.02832,0.17,13.6088,0.112293,0.0114,49.951,,,88.6,,,transit,2019.0,19/05/23,19 53 29.7222,+40 37 06.3792,1168.99,1.02,0.97,,,,Confirmed planets
KOI-1599 c,0,0.01447,0.17,20.4415,0.14728,0.014,230.175,,,89.78,,,transit,2019.0,19/05/23,19 53 29.7222,+40 37 06.3792,1168.99,1.02,0.97,,,,Confirmed planets
HD 217958 b,0,0.5916,1.26,2560.19774386,3.748429,0.156249,252.2577,,,91.357,,,RV,2022.0,22/09/27,23 04 33,-25 41 30,61.7957,1.08,1.33,0.287,5930.64,,Confirmed planets
Wendelstein-2 b,0,0.731,1.159,1.7522239,0.0234,0.057,,,,87.87,2470.0,,transit,2020.0,20/07/09,19 51 10,+16 54 45,574.4,0.73,0.66,,4591.0,,Confirmed planets
Kepler-1137 b,0,,0.196,23.9210791,,,,,,,,,transit,2016.0,16/05/10,19 08 31.2545,+48 39 55.2934,946.79,1.5,1.84,0.05,6807.0,,Confirmed planets
NGTS-10 b,0,2.162,1.205,0.7668944,0.0143,0.0,,,,79.11,1332.0,,transit,2019.0,19/09/26,06 07 29.3376,-25 35 41.6760,325.0,0.696,0.697,-0.02,4400.0,10.4,Confirmed planets
GJ 143 b,0,0.07142,0.233,35.61253,0.1915,0.188,98.0,,,89.33,422.0,,transit,2019.0,19/04/25,03 26 59.2228,-63 29 56.7618,16.33,0.73,0.69,0.003,4640.0,,Confirmed planets
GJ 143 c,0,0.01164,0.08,7.78993,0.0695,,,,,88.9,701.0,,transit,2019.0,19/04/25,03 26 59.2228,-63 29 56.7618,16.33,0.73,0.69,0.003,4640.0,,Confirmed planets
HD 52265 b,0,1.05,,119.6,0.5,0.35,,,,,426.0,,RV,2000.0,14/06/24,07 00 18.0357,-05 22 01.7784,28.1,1.2,1.25,0.21,6159.0,3.5,Confirmed planets
Kepler-923 b,0,,0.123,6.93366476,,,,,,,,,transit,2016.0,16/05/10,19 36 41.0605,+40 03 18.5684,1029.55,1.11,1.26,0.07,5988.0,,Confirmed planets
K2-72 b,0,,0.096,5.577212,0.04,0.11,7.49,,,89.15,,,transit,2016.0,17/10/26,22 18 29.2548,-09 36 44.3823,66.56,0.27,0.33,,3360.47,,Confirmed planets
K2-72 c,0,,0.103,15.189034,0.078,0.11,16.83,,,89.54,,,transit,2016.0,17/10/26,22 18 29.2548,-09 36 44.3823,66.56,0.27,0.33,,3360.47,,Confirmed planets
K2-72 d,0,,0.09,7.760178,0.05,0.11,14.28,,,89.26,,,transit,2016.0,17/10/26,22 18 29.2548,-09 36 44.3823,66.56,0.27,0.33,,3360.47,,Confirmed planets
K2-72 e,0,,0.115,24.158868,0.106,0.11,11.39,,,89.68,,,transit,2016.0,17/10/26,22 18 29.2548,-09 36 44.3823,66.56,0.27,0.33,,3360.47,,Confirmed planets
WASP-59 b,0,0.863,0.775,7.919585,0.0697,0.1,,,,89.27,,,transit,2011.0,11/09/13,23 18 29.5475,+24 53 21.4364,125.0,0.719,0.613,-0.15,4650.0,,Confirmed planets
K2-404 b,0,0.0218,0.226,13.115365,,,,,,,,,transit,2022.0,22/03/01,10 41 18,+12 11 28,121.63,0.55,0.55,0.005,3748.0,,Confirmed planets
KIC 5437945 b,0,,0.571,440.7813,,,,,,89.904,,,transit,2015.0,16/01/09,19 13 53.9653,+40 39 04.8191,1322.4,1.07,1.24,-0.38,6340.0,,Confirmed planets
KOI-3791.02,0,,0.5442,220.1303357,,,,,,89.95,,,transit,2013.0,16/01/09,19 13 53.9653,+40 39 04.8191,1322.4,1.07,1.24,-0.38,6340.0,,Controversial
TOI-3362 b,0,5.029,1.142,18.09547,0.153,0.815,50.873,,,89.14,,,transit,2021.0,21/09/09,10 23 56.00,-56 50 35.00,370.85,1.445,1.83,0.017,6532.0,,Confirmed planets
HD 117618 b,0,0.178,,25.827,0.176,0.42,,,,,664.2,,RV,2004.0,09/10/06,13 32 25.5555,-47 16 16.9133,38.0,1.05,1.19,0.04,5861.0,,Confirmed planets
HD 117618.02,0,0.2,,318.0,0.93,0.0,0.0,,,,,,RV,2013.0,15/04/23,13 32 25.5555,-47 16 16.9133,38.0,1.05,1.19,0.04,5861.0,,Controversial
Kepler-832 b,0,,0.184,7.1396941,,,,,,,,,transit,2016.0,16/05/10,19 43 42.2655,+45 23 01.9142,,0.92,0.9,-0.08,5596.0,,Confirmed planets
Kepler-1143 b,0,,0.149,2.88890485,,,,,,,,,transit,2016.0,16/05/10,19 09 12.6731,+39 17 22.8590,564.111,0.81,0.77,-0.06,5053.0,,Confirmed planets
Kepler-1143 c,0,,0.321,210.630591,,,,,,,,,transit,2016.0,16/05/10,19 09 12.6731,+39 17 22.8590,564.111,0.81,0.77,-0.06,5053.0,,Confirmed planets
Kepler-759 b,0,,0.203,41.805985,,,,,,,,,transit,2016.0,16/05/10,19 20 31.5554,+41 22 53.3812,,1.04,1.04,0.06,5860.0,,Confirmed planets
Kepler-1924 b,0,0.0237,0.237,15.33170033,0.1216,0.0,,,,86.55,821.0,,transit,2021.0,22/02/01,19 35 04,+42 49 45,1910.77,1.02,1.29,0.16,5726.0,,Confirmed planets
HD 72892 b,0,5.45,,39.475,0.228,0.423,353.0,,,,,,RV,2016.0,16/04/02,08 34 52.5948,-14 27 24.1107,72.78,1.02,1.22,0.25,5688.0,8.0,Confirmed planets
Kepler-624 b,0,,0.206,14.58649607,,,,,,,,,transit,2016.0,16/05/10,19 40 46.4067,+39 32 22.8019,764.468,1.1,1.18,-0.06,6117.0,,Confirmed planets
BD+15 2375 b,0,1.061,,153.22,0.576,0.001,55.0,,,,,,RV,2016.0,17/12/09,11 45 55.7138,+14 36 58.9267,610.0,1.08,8.95,-0.22,4649.0,7.4,Confirmed planets
Kepler-1937 b,0,0.0295,0.27,9.68859959,0.0943,0.0,,,,89.82,1014.0,,transit,2021.0,22/02/01,19 22 38,+40 46 43,905.069,1.19,1.2,-0.06,6457.0,,Confirmed planets
WASP-46 b,0,1.91,1.174,1.43036763,0.02335,,,,,82.8,,,transit,2011.0,17/12/15,21 14 56.8596,-55 52 18.4600,379.363,0.828,0.858,-0.3,5600.0,9.6,Confirmed planets
Kepler-839 b,0,,0.229,37.8144514,,,,,,,,,transit,2016.0,16/05/10,19 24 17.9224,+45 14 33.3143,970.968,1.22,1.31,0.29,6058.0,,Confirmed planets
Kepler-51 b,0,0.0066,0.633,45.154,0.2514,0.04,,,,89.8,,,transit,2012.0,15/12/12,19 45 55.1429,+49 56 15.6506,801.732,1.04,0.88,,6018.0,0.3,Confirmed planets
Kepler-51 c,0,0.0126,0.803,85.312,0.384,0.014,,,,89.4,,,transit,2012.0,15/12/12,19 45 55.1429,+49 56 15.6506,801.732,1.04,0.88,,6018.0,0.3,Confirmed planets
Kepler-51 d,0,0.0239,0.865,130.194,0.509,,,,,89.9,,,transit,2014.0,15/12/12,19 45 55.1429,+49 56 15.6506,801.732,1.04,0.88,,6018.0,0.3,Confirmed planets
Kepler-170 b,0,,0.29162,7.930592,,,,,,,,,transit,2014.0,14/02/26,18 58 05.0840,+41 37 46.5750,849.82,1.089,1.035,,5679.0,,Confirmed planets
Kepler-170 c,0,,0.26063,16.665863,,,,,,,,,transit,2014.0,14/02/26,18 58 05.0840,+41 37 46.5750,849.82,1.089,1.035,,5679.0,,Confirmed planets
TOI-244 b,0,0.00843,0.136,7.397225,0.0559,,,,,88.32,458.0,,transit,2023.0,23/10/15,00 42 17,-36 43 05,22.0337,0.43,0.43,-0.39,3433.0,,Confirmed planets
Kepler-1481 b,0,,0.11,5.94220998,,,,,,,,,transit,2016.0,16/05/10,19 17 45.3610,+49 43 52.3978,465.203,0.8,0.75,0.04,4908.0,,Confirmed planets
Kepler-196 b,0,,0.17315,20.739886,,,,,,,,,transit,2014.0,14/02/26,18 59 52.4460,+42 04 45.0785,470.92,,0.782,,5128.0,,Confirmed planets
Kepler-196 c,0,,0.20413,47.427737,,,,,,,,,transit,2014.0,14/02/26,18 59 52.4460,+42 04 45.0785,470.92,,0.782,,5128.0,,Confirmed planets
HD 29021 b,0,2.4,,1362.3,2.28,0.459,,,,,,,RV,2017.0,17/06/29,04 37 52.2213,+60 40 34.3179,30.6,0.85,0.85,-0.24,5560.0,7.4,Confirmed planets
Kepler-998 b,0,,0.207,5.65377733,,,,,,,,,transit,2016.0,16/05/10,19 47 00.9961,+49 12 31.3713,1015.13,1.12,1.18,0.07,6058.0,,Confirmed planets
FU Tau B,0,15.0,,,,,,,,,2375.0,,imaging,2009.0,11/09/19,04 23 35.3912,+25 03 02.7418,140.0,0.05,,,2838.0,,Confirmed planets
Kepler-1051 b,0,,0.303,25.96200249,,,,,,,,,transit,2016.0,16/05/10,19 40 37.9434,+40 53 55.8419,849.545,1.43,1.73,0.04,6675.0,,Confirmed planets
HD 164604 b,0,2.7,,606.4,1.13,0.24,,,,,157.4,,RV,2010.0,10/01/26,18 03 06.9331,-28 33 38.3575,38.0,0.8,,-0.18,5150.0,,Confirmed planets
HATS-18 b,0,1.9795,1.329,0.83784,0.0174,,,,,85.29,2069.0,,transit,2016.0,19/07/11,11 35 49.7771,-29 09 21.7539,645.0,1.04,1.02,,5600.0,,Confirmed planets
Kepler-1830 b,0,0.0348,0.297,56.49330139,0.3259,0.0,,,,88.89,681.0,,transit,2021.0,22/09/15,19 40 33,+40 58 45,1056.88,1.44,2.05,0.24,6160.0,,Confirmed planets
Kepler-200 b,0,,0.19411,8.594805,,,,,,,,,transit,2014.0,14/02/26,18 57 38.3804,+41 14 14.8544,643.59,1.042,0.944,,5678.0,,Confirmed planets
Kepler-200 c,0,,0.1449,10.222157,,,,,,,,,transit,2014.0,14/02/26,18 57 38.3804,+41 14 14.8544,643.59,1.042,0.944,,5678.0,,Confirmed planets
Gliese 674 b,0,0.037,,4.6938,0.039,0.2,,,,,519.6,,RV,2007.0,07/04/25,17 28 39.9455,-46 53 42.6932,4.54,0.35,,-0.28,3600.0,,Confirmed planets
HD 169142 b,0,3.0,1.17,,37.2,,,,,13.0,,,imaging,2023.0,23/10/15,18 24 30,-29 46 50,113.6,1.85,1.54,,7246.0,,Confirmed planets
Kepler-447 b,0,1.37,1.65,7.79430132,0.0769,0.123,,,,86.55,,,transit,2015.0,15/02/11,19 01 04.4557,+48 33 35.9446,270.117,0.764,0.872,0.07,5493.0,,Confirmed planets
BD+02.3313 b,0,34.1,,1393.0,2.47,0.47,351.3,,,,,,RV,2021.0,21/01/28,17 25 56.00,+02 05 27.00,292.8,1.03,8.47,0.1,4425.0,,Confirmed planets
Kepler-673 b,0,,0.583,3.72873109,,,,,,,,,transit,2016.0,16/05/10,19 23 08.5891,+50 03 14.7468,942.863,0.88,0.84,0.0,5355.0,,Confirmed planets
Kepler-1832 b,0,0.00637,0.109,3.13878989,0.037,0.0,,,,88.1,1022.0,,transit,2021.0,22/09/15,19 59 24,+43 43 55,486.174,0.68,0.72,-0.54,5242.0,,Confirmed planets
HD 18742 b,0,2.7,,772.0,1.92,0.0,,,,,354.4,,RV,2011.0,12/08/07,03 00 10.6565,-20 48 09.3742,135.0,1.6,4.9,-0.04,5048.0,,Confirmed planets
Kepler-1196 b,0,,0.199,66.1849031,,,,,,,,,transit,2016.0,16/05/10,19 29 28.6998,+43 54 38.8905,947.149,0.98,0.97,0.0,5756.0,,Confirmed planets
Kepler-1163 b,0,,0.092,6.11786898,,,,,,,,,transit,2016.0,16/05/10,19 20 56.6105,+50 01 48.2492,485.319,1.22,1.35,0.02,6302.0,,Confirmed planets
TYC 3318-01333-1 b,0,3.42,,562.0,1.414,0.098,129.0,,,,,,RV,2018.0,18/01/25,03 02 19.7862,+49 44 38.9798,497.41,1.19,5.9,-0.06,4776.0,,Confirmed planets
K2-129 b,0,,0.093,8.239493,0.057,0.13,39.89,,,89.21,,,transit,2017.0,17/10/05,19 16 35.5928,-25 38 41.9270,27.82,0.36,0.36,,3459.09,,Confirmed planets
WASP-4 b,0,1.186,1.321,1.33823147,0.0226,0.0,,,,89.06,,,transit,2007.0,19/08/15,23 34 15.0858,-42 03 41.0494,269.21,0.86,0.89,-0.07,5400.0,,Confirmed planets
K2-190 b,0,,0.1213,10.09886,,,,,,88.4,,,transit,2018.0,18/07/24,13 41 27.2528,-13 09 39.3111,145.8,0.905,0.912,-0.19,,,Confirmed planets
K2-190 c,0,,0.0972,21.574,,,,,,89.0,,,transit,2018.0,18/07/24,13 41 27.2528,-13 09 39.3111,145.8,0.905,0.912,-0.19,,,Confirmed planets
HD 48265 b,0,1.16,,700.0,1.51,0.18,,,,,291.4,,RV,2008.0,09/05/20,06 40 01.7271,-48 32 31.0430,87.4,0.93,,0.17,5940.0,,Confirmed planets
NGTS-3 A b,2,2.38,1.48,1.6753728,,0.0,,,,89.56,,,transit,2018.0,18/05/03,06 17 46.752,-35 42 23.02,760.3,1.017,0.93,0.12,5600.0,,"Confirmed planets, Planets in binary systems, S-type"
Kepler-798 b,0,,0.213,13.71933369,,,,,,,,,transit,2016.0,16/05/10,19 29 54.7748,+42 08 32.1462,1000.1,1.19,1.29,0.03,6224.0,,Confirmed planets
HD 131664 b,0,85.2,,1951.0,3.17,0.638,149.7,,320.8,167.1,,,RV,,15/01/14,15 00 06.0799,-73 32 07.2264,55.43,1.1,1.16,0.32,5886.0,2.4,Controversial
KMT-2019-BLG-1806L b,0,0.01469,0.179,,3.02,,,,,,,,microlensing,2023.0,23/10/15,18 02 09,-29 24 54,6640.0,0.74,,,,,Confirmed planets
EPIC 228836835 b,0,0.0043,0.098,0.728113,,,,,,89.7,932.0,,transit,2021.0,22/09/15,12 38 18,-05 14 41,150.124,0.42,0.32,-0.18,3782.0,,Confirmed planets
HATS-52 b,0,2.24,1.382,1.36665436,0.02498,0.0,,,,84.7,1834.0,,transit,2017.0,17/12/12,09 20 21.0456,-31 16 09.4912,564.1,1.111,1.046,0.22,6010.0,1.2,Confirmed planets
HD 178911 B b,2,6.292,,71.487,0.32,0.1243,,,,,469.8,,RV,2001.0,12/12/07,19 09 03,+34 35 59,46.73,1.07,1.14,0.28,5650.0,,"Confirmed planets, Planets in binary systems, S-type"
TOI-2669 b,0,0.61,1.76,6.2034,,0.09,140.0,,,,,,transit,2022.0,22/01/18,08 58 53.00,-13 18 45.00,,1.19,4.1,0.1,4800.0,,Confirmed planets
Kepler-213 b,0,,0.14763,2.46236,,,,,,,,,transit,2014.0,14/02/26,19 23 17.8054,+44 38 49.8615,702.35,0.976,1.195,,5696.0,,Confirmed planets
Kepler-213 c,0,,0.21324,4.822962,,,,,,,,,transit,2014.0,14/02/26,19 23 17.8054,+44 38 49.8615,702.35,0.976,1.195,,5696.0,,Confirmed planets
EPIC 210490365 b,0,,0.306,3.484552,,0.27,62.1,,,88.32,,,transit,2015.0,15/12/06,04 13 05.6134,+15 14 52.0138,45.7,0.294,0.295,0.15,3180.0,,"Confirmed planets, Planets in open clusters"
HIP 34222 b,0,0.83,,159.986,0.492,0.305,,,,,,,RV,2021.0,21/12/03,07 05 42.00,+27 28 15.00,22.85,0.62,,,,,Confirmed planets
KIC 9632895 b,1,0.019503,0.561818,240.503,0.7877,0.0379,-178.59,,2.138,89.4338,,,transit,2014.0,14/09/08,18 52 58,+46 22 42,500.0,,,,,,"Confirmed planets, Planets in binary systems, P-type"
Kepler-32 b,0,,0.19137,5.901263,,,,,,,,,transit,2012.0,14/02/26,19 51 22.1742,+46 34 27.3897,399.0,0.58,0.53,,3900.0,,Confirmed planets
Kepler-32 c,0,,0.20231,8.752212,,,,,,,,,transit,2012.0,14/02/26,19 51 22.1742,+46 34 27.3897,399.0,0.58,0.53,,3900.0,,Confirmed planets
Kepler-32 d,0,,0.2178,22.780815,,,,,,,,,transit,2013.0,14/02/26,19 51 22.1742,+46 34 27.3897,399.0,0.58,0.53,,3900.0,,Confirmed planets
Kepler-32 e,0,,0.10024,2.896027,,,,,,,,,transit,2013.0,14/02/26,19 51 22.1742,+46 34 27.3897,399.0,0.58,0.53,,3900.0,,Confirmed planets
Kepler-32 f,0,,0.0729,0.74295,,,,,,,,,transit,2013.0,14/02/26,19 51 22.1742,+46 34 27.3897,399.0,0.58,0.53,,3900.0,,Confirmed planets
KMT-2016-BLG-1107L b,0,3.283,,,0.342,,,,,,,,microlensing,2019.0,19/02/21,17 45 40,-26 01 54,6651.0,0.09,,,,,Confirmed planets
TOI-1238 b,0,0.01183,0.1079,0.764597,0.0139,,,,,86.51,1130.0,,transit,2021.0,21/11/30,13 25 32.00,+68 50 10.00,70.6424,0.59,0.58,0.31,4089.0,,Confirmed planets
TOI-1238 c,0,0.02618,0.1882,3.294736,0.037,,,,,88.38,700.0,,transit,2021.0,21/11/30,13 25 32.00,+68 50 10.00,70.6424,0.59,0.58,0.31,4089.0,,Confirmed planets
Kepler-1417 b,0,,0.089,20.3505213,,,,,,,,,transit,2016.0,16/05/10,19 23 47.9769,+40 36 18.7765,1020.93,1.02,1.02,0.02,5839.0,,Confirmed planets
HD 202696 b,0,1.996,,517.8,1.566,0.011,201.6,,,90.0,,,RV,2019.0,19/01/17,21 16 53.9534,+27 15 29.2390,189.56,1.91,6.43,0.02,5040.0,,Confirmed planets
HD 202696 c,0,1.864,,946.6,2.342,0.028,136.8,,,90.0,,,RV,2019.0,19/01/17,21 16 53.9534,+27 15 29.2390,189.56,1.91,6.43,0.02,5040.0,,Confirmed planets
Kepler-1083 b,0,,0.3,33.4177993,,,,,,,,,transit,2016.0,16/05/10,18 52 38.8568,+45 11 53.9173,926.269,0.81,0.77,-0.02,5049.0,,Confirmed planets
BD+48 740 b,0,1.7,,733.0,1.7,0.76,100.0,,,,,,RV,2018.0,18/02/01,02 42 58.2182,+48 55 48.2258,678.94,1.09,10.33,-0.13,4534.0,,Confirmed planets
K2-273 b,0,,0.394,11.716332,0.0974,,,,,,672.0,,transit,2018.0,18/10/26,08 39 06.4897,+19 00 36.0998,310.6,0.9,0.84,0.2,5200.0,,Confirmed planets
Kepler-253 c,0,,0.2415,10.281951,,,,,,,,,transit,2014.0,14/02/26,19 27 22.0764,+44 51 29.2443,919.62,0.808,0.786,,5208.0,,Confirmed planets
Kepler-253 d,0,,0.28888,18.119869,,,,,,,,,transit,2014.0,14/02/26,19 27 22.0764,+44 51 29.2443,919.62,0.808,0.786,,5208.0,,Confirmed planets
Kepler-253 b,0,,0.14854,3.783986,,,,,,,,,transit,2014.0,14/02/26,19 27 22.0764,+44 51 29.2443,919.62,0.808,0.786,,5208.0,,Confirmed planets
Kepler-1294 b,0,,0.285,115.6862258,,,,,,,,,transit,2016.0,16/05/10,19 25 04.3408,+44 29 17.4470,,0.99,0.97,-0.03,5776.0,,Confirmed planets
Kepler-1218 b,0,,0.128,22.9221266,,,,,,,,,transit,2016.0,16/05/10,19 26 18.9496,+44 31 54.1848,861.252,1.06,1.1,-0.02,5986.0,,Confirmed planets
2MASS J0809+4434,0,13.0,1.35,,,,,,,,1253.0,,imaging,2022.0,22/01/23,08 09 59.04,+44 34 21.61,25.0,,,,,,Confirmed planets
Kepler-1383 b,0,,0.126,13.9093583,,,,,,,,,transit,2016.0,16/05/10,19 51 46.7483,+42 11 30.7315,1057.98,1.26,1.44,0.03,6370.0,,Confirmed planets
BD-08 2823 b,0,0.045,,5.6,0.056,0.15,30.0,,,,,,RV,2009.0,15/11/17,10 00 47.72035,-09 31 00.0340,42.5,0.74,,-0.07,4746.0,4.5,Confirmed planets
BD-08 2823 c,0,0.33,,237.6,0.68,0.19,-233.0,,,,,,RV,2009.0,15/11/17,10 00 47.72035,-09 31 00.0340,42.5,0.74,,-0.07,4746.0,4.5,Confirmed planets
K2-198 c,0,,0.127,3.3596055,,,,,,86.494,1230.0,,transit,2019.0,19/08/15,13 15 22.5217,-06 27 53.6201,110.91,0.8,0.76,,5212.9,,Confirmed planets
K2-198 d,0,,0.218,7.4500177,,,,,,89.86,943.0,,transit,2019.0,19/08/15,13 15 22.5217,-06 27 53.6201,110.91,0.8,0.76,,5212.9,,Confirmed planets
K2-198 b,0,,0.374,17.0428683,,,,,,88.904,716.0,,transit,2018.0,19/08/15,13 15 22.5217,-06 27 53.6201,110.91,0.8,0.76,,5212.9,,Confirmed planets
TOI-2152 b,0,2.83,1.281,3.3773512,0.05064,0.057,96.0,,,86.42,1800.0,,transit,2022.0,22/05/13,01 45 21.00,+77 47 24.00,302.8,1.516,1.612,0.28,6630.0,,Confirmed planets
Kepler-371 b,0,,0.17224,34.763278,,,,,,,,,transit,2014.0,14/02/26,19 29 18.3513,+38 39 27.2723,637.54,,0.992,,5666.0,,Confirmed planets
Kepler-371 c,0,,0.16221,67.968015,,,,,,,,,transit,2014.0,14/02/26,19 29 18.3513,+38 39 27.2723,637.54,,0.992,,5666.0,,Confirmed planets
Kepler-648 b,0,,0.287,17.4211749,,,,,,,,,transit,2016.0,16/05/10,18 55 35.9127,+45 01 00.8400,647.878,1.05,0.98,0.21,5741.0,,Confirmed planets
MOA-2020-BLG-208L b,0,0.14473,0.688,,2.74,,,,,,,,microlensing,2023.0,23/10/15,17 53 44,-32 35 22,7490.0,0.43,,,,,Confirmed planets
WD 0806-661 B,0,8.0,,,,,,,,,340.0,,imaging,2011.0,11/04/22,08 06 53.7535,-66 18 16.7028,19.2,0.62,,,5700.0,,Confirmed planets
KMT-2021-BLG-0912 b,0,6.92,,,3.03,,,,,,,,microlensing,2021.0,21/11/12,17 59 17.00,-31 59 52.00,6710.0,0.75,,,,,Confirmed planets
Kepler-643 b,0,,0.906,16.33889626,,,,,,,,,transit,2016.0,16/05/10,19 21 18.5545,+42 53 53.7587,1097.09,1.0,2.52,0.13,4908.0,,Confirmed planets
Kepler-1104 b,0,,0.11,5.03728015,,,,,,,,,transit,2016.0,16/05/10,19 37 52.4459,+49 19 51.6892,538.503,1.3,1.41,0.13,6417.0,,Confirmed planets
Kepler-1266 b,0,0.0226,0.23,28.474748,0.1689,0.0,,,,88.28,489.0,,transit,2016.0,22/09/15,19 03 29,+42 43 41,849.312,0.8,0.76,-0.07,5044.0,,Confirmed planets
Kepler-1266 c,0,0.0109,0.15,4.86631012,0.052,0.0,,,,84.73,881.0,,transit,2021.0,22/09/15,19 03 29,+42 43 41,849.312,0.8,0.76,-0.07,5044.0,,Confirmed planets
Kepler-1564 b,0,,0.131,18.0540381,,,,,,,,,transit,2016.0,16/05/10,19 22 20.6683,+46 38 33.6588,933.01,0.93,0.9,0.03,5528.0,,Confirmed planets
WASP-96 b,0,0.48,1.2,3.4252602,0.0453,,,,,85.6,1285.0,,transit,2013.0,13/10/22,00 04 11.1376,-47 21 38.3229,356.024,1.06,1.05,0.14,5540.0,8.0,Confirmed planets
HAT-P-27 b,0,0.62,1.02,3.039577,0.04,0.0,,,,85.0,1102.7,,transit,2011.0,13/05/29,14 51 04.1870,+05 56 50.5481,204.0,0.92,0.87,0.14,5300.0,3.6,Confirmed planets
HD 20868 b,0,1.99,,380.85,0.947,0.75,356.2,,,,,,RV,2008.0,15/11/17,03 20 42.69404,-33 43 48.3916,46.2,0.78,0.79,0.04,4795.0,4.5,Confirmed planets
Kepler-729 b,0,,0.319,3.16635371,,,,,,,,,transit,2016.0,16/05/10,19 05 26.4251,+45 24 51.4761,,0.94,0.91,-0.05,5633.0,,Confirmed planets
Kepler-1302 b,0,,0.128,8.83922659,,,,,,,,,transit,2016.0,16/05/10,19 23 57.4217,+50 18 29.0164,646.329,0.86,0.82,0.04,5236.0,,Confirmed planets
Kepler-227 b,0,,0.28342,9.488015,,,,,,,,,transit,2014.0,14/02/26,19 27 44.2230,+48 08 29.9615,1481.07,0.92,1.091,,5854.0,,Confirmed planets
Kepler-227 c,0,,0.27704,54.418694,,,,,,,,,transit,2014.0,14/02/26,19 27 44.2230,+48 08 29.9615,1481.07,0.92,1.091,,5854.0,,Confirmed planets
Kepler-1154 b,0,,0.209,5.1856142,,,,,,,,,transit,2016.0,16/05/10,19 49 54.5093,+39 52 38.0867,1522.77,1.26,1.43,0.04,6327.0,,Confirmed planets
Kepler-1154 c,0,,0.211,8.45808312,,,,,,,,,transit,2016.0,16/05/10,19 49 54.5093,+39 52 38.0867,1522.77,1.26,1.43,0.04,6327.0,,Confirmed planets
Kepler-989 b,0,,0.197,7.96431535,,,,,,,,,transit,2016.0,16/05/10,18 46 19.8976,+47 14 01.0670,499.027,0.82,0.78,0.01,5074.0,,Confirmed planets
Kepler-493 b,0,,1.35,3.00387658,,,,,,,,,transit,2016.0,16/05/10,19 41 13.8137,+38 52 53.9267,1834.86,1.36,1.54,0.11,6457.0,,Confirmed planets
Kepler-1195 b,0,,0.186,8.49642241,,,,,,,,,transit,2016.0,16/05/10,18 57 24.2652,+40 51 10.7176,942.596,0.74,0.71,-0.25,4965.0,,Confirmed planets
K2-336 b,0,0.00624,0.109,21.194733,,,,,,89.03,569.0,,transit,2016.0,21/10/03,08 55 21,+16 47 39,239.289,0.86,0.8,-0.17,5424.0,,Confirmed planets
Kepler-207 d,0,,0.30164,5.868075,,,,,,,,,transit,2014.0,14/02/26,19 20 07.3248,+42 09 57.7570,813.46,1.04,1.588,,5920.0,,Confirmed planets
Kepler-207 b,0,,0.14307,1.611865,,,,,,,,,transit,2014.0,14/02/26,19 20 07.3248,+42 09 57.7570,813.46,1.04,1.588,,5920.0,,Confirmed planets
Kepler-207 c,0,,0.1367,3.071571,,,,,,,,,transit,2014.0,14/02/26,19 20 07.3248,+42 09 57.7570,813.46,1.04,1.588,,5920.0,,Confirmed planets
HD 189733 A b,2,1.138,1.138,2.21857312,0.03142,0.0041,,,,85.51,1099.7,,transit,2005.0,13/08/18,20 00 43,+22 42 39,19.3,0.8,0.788,-0.03,4980.0,,"Confirmed planets, Planets in binary systems, S-type"
Kepler-360 b,0,,0.15036,3.289672,,,,,,,,,transit,2014.0,14/02/26,19 05 08.3332,+44 46 53.7219,1230.47,1.025,1.058,,6053.0,,Confirmed planets
Kepler-360 c,0,,0.19137,7.186434,,,,,,,,,transit,2014.0,14/02/26,19 05 08.3332,+44 46 53.7219,1230.47,1.025,1.058,,6053.0,,Confirmed planets
HD 122430 b,0,3.71,,344.95,1.02,0.68,,,,,868.8,,RV,2003.0,15/05/24,14 02 22.7817,-27 25 47.1992,135.0,1.68,22.9,-0.09,4300.0,,Controversial
TOI-3757 b,0,0.2684,1.07,3.438753,0.03845,0.14,130.0,,,86.76,759.0,,transit,2022.0,22/03/15,06 04 01.00,+55 01 12.00,177.4,0.64,0.62,0.0,3913.0,,Confirmed planets
WASP-101 b,0,0.5,1.41,3.585722,0.0506,,,,,85.0,1560.0,,transit,2013.0,13/10/22,06 33 24.2672,-23 29 10.2969,202.4,1.34,1.29,0.2,6400.0,0.9,Confirmed planets
xi Aql b,0,2.8,,136.75,0.68,0.0,0.0,,,,,,RV,2008.0,15/09/23,19 54 14.88184,+08 27 41.2299,62.7,2.2,12.0,-0.205,4780.0,,Confirmed planets
HATS-29 b,0,0.653,1.251,4.6058749,0.05475,0.079,,,,87.37,,,transit,2016.0,16/07/28,09 00 23,-54 06 24,351.0,1.032,1.073,0.16,5670.0,5.5,Confirmed planets
HD 103774 b,0,0.367,,5.8881,0.07,0.09,-42.0,,,,1310.9,,RV,2013.0,13/01/14,11 56 55.5894,-12 06 28.4700,55.0,1.335,,0.28,6489.0,,Confirmed planets
HD 155193 b,0,0.75,1.25,352.65,1.04,0.21,62.88,,,0.711,,,RV,2021.0,21/06/11,17 09 41.0838,+10 02 19.2692,57.7995,1.22,1.76,0.05,6239.0,,Confirmed planets
HD 102956 b,0,0.96,,6.495,0.081,0.048,,,,,1642.2,,RV,2010.0,10/07/28,11 51 22.5110,+57 38 26.6426,126.0,1.68,4.4,0.19,5054.0,,Confirmed planets
Kepler-576 b,0,,0.292,29.91136794,,,,,,,,,transit,2016.0,16/05/10,19 40 43.8994,+38 39 15.2016,628.457,0.99,0.97,0.09,5672.0,,Confirmed planets
HD 70573 b,0,6.1,,851.8,1.76,0.4,,,,,167.4,,RV,2007.0,15/05/24,08 22 49.9528,+01 51 33.5542,45.7,1.0,,-0.18,5737.0,,Controversial
GJ 2056 b,0,0.05097,,69.971,0.283,0.72,58.0,,,,,,RV,2020.0,20/09/03,07 12 04.8089,-24 53 31.4919,28.47,0.62,,,,,Confirmed planets
EPIC 211945201 b,0,,0.514,19.49221,0.1493,,,,,,817.0,,transit,2018.0,18/10/26,09 06 17.7565,+19 24 08.0512,182.69,1.17,1.39,0.1,6069.0,,Confirmed planets
Kepler-788 b,0,,0.227,8.39846269,,,,,,,,,transit,2016.0,16/05/10,19 20 00.1031,+38 32 23.5756,,1.16,1.23,0.05,6159.0,,Confirmed planets
HATS-33 b,0,1.192,1.23,2.5495551,0.03727,0.08,,,,87.62,,,transit,2016.0,16/07/11,19 38 32.0768,-55 40 12,355.0,1.062,1.022,0.29,5659.0,3.0,Confirmed planets
K2-117 c,0,,0.184,5.444017,0.0492,,,,,,537.0,,transit,2017.0,18/10/26,08 55 25.3640,+10 28 08.9036,101.95,0.54,0.51,-0.05,3778.0,,Confirmed planets
K2-117 b,0,,0.181,1.2916,0.0189,,,,,,868.0,,transit,2017.0,18/10/26,08 55 25.3640,+10 28 08.9036,101.95,0.54,0.51,-0.05,3778.0,,Confirmed planets
Kepler-865 b,0,,0.222,14.16399294,,,,,,,,,transit,2016.0,16/05/10,19 50 53.8258,+43 31 38.7628,596.09,0.93,0.92,-0.01,5570.0,,Confirmed planets
HD 13167 b,0,3.31,,2613.0,4.1,0.563,265.0,,,,,,RV,2018.0,18/12/06,02 08 13.7826,-24 41 43.4789,149.57,1.35,2.39,,5671.0,,Confirmed planets
Kepler-285 b,0,,0.12211,2.633867,,,,,,,,,transit,2014.0,14/02/26,19 25 33.8151,+48 03 56.1215,864.99,0.865,0.808,,5411.0,,Confirmed planets
Kepler-285 c,0,,0.10207,6.186676,,,,,,,,,transit,2014.0,14/02/26,19 25 33.8151,+48 03 56.1215,864.99,0.865,0.808,,5411.0,,Confirmed planets
FL Lyr b,1,,,,,,,,,,,,timing,2015.0,15/11/16,19 12 04.86170,+46 19 26.8632,130.0,,,,,,"Controversial, Planets in binary systems, P-type"
Kepler-168 c,0,,0.24514,13.193242,,,,,,,,,transit,2014.0,14/02/26,19 38 50.4486,+39 49 30.3092,1230.24,1.12,1.107,,6282.0,,Confirmed planets
Kepler-168 b,0,,0.13305,4.425391,,,,,,,,,transit,2014.0,14/02/26,19 38 50.4486,+39 49 30.3092,1230.24,1.12,1.107,,6282.0,,Confirmed planets
HD 150433 b,0,0.168,,1096.2,1.9303,0.0,,,,,182.8,,RV,2011.0,11/09/12,16 41 08.2147,-02 51 26.2022,29.6,,,,5940.0,,Confirmed planets
Kepler-335 b,0,,0.30893,6.562331,,,,,,,,,transit,2014.0,14/02/26,19 44 15.4330,+45 25 43.0333,1361.65,,1.854,,5877.0,,Confirmed planets
Kepler-335 c,0,,0.27977,67.844469,,,,,,,,,transit,2014.0,14/02/26,19 44 15.4330,+45 25 43.0333,1361.65,,1.854,,5877.0,,Confirmed planets
HD 108147 b,0,0.261,,10.8985,0.102,0.53,,,,,907.7,,RV,2002.0,09/10/06,12 25 46.2670,-64 01 19.5150,38.57,1.19,1.22,0.18,6067.0,,Confirmed planets
Kepler-1560 b,0,,0.079,3.03195744,,,,,,,,,transit,2016.0,16/05/10,19 31 08.2999,+43 12 57.5511,509.866,1.02,1.02,0.04,5815.0,,Confirmed planets
TOI-5398 b,0,,1.04,10.590923,,,,,,,919.0,,transit,2022.0,23/10/15,10 47 31,+36 19 46,130.855,1.11,1.05,0.13,6017.1,,Confirmed planets
Kepler-1702 b,0,,0.143,18.5012,,,,,,,,,transit,2020.0,20/09/03,18 59 53,+44 34 03,878.23,,0.74,,5003.75,,Confirmed planets
HD 4308 b,0,0.0405,,15.609,0.118,0.27,,,,,685.9,,RV,2005.0,09/06/30,00 44 39.2675,-65 38 58.2824,21.9,0.85,0.92,-0.34,5597.0,,Confirmed planets
Kepler-689 b,0,,0.258,22.36656079,,,,,,,,,transit,2016.0,16/05/10,19 38 50.5479,+39 31 18.2160,,0.91,0.88,-0.01,5518.0,,Confirmed planets
Kepler-63 b,0,,0.556806,9.4341505,0.08,,,,,87.806,,,transit,2013.0,13/08/01,19 16 54.2861,+49 32 53.4508,200.0,0.984,0.901,0.05,5576.0,,Confirmed planets
OGLE-2019-BLG-0960 b,0,0.00708,,,1.6,,,,,,,,microlensing,2021.0,21/01/14,18 16 03.00,-25 46 21.00,880.0,0.47,,,,,Confirmed planets
HD 219077 b,0,10.39,,5501.0,6.22,0.77,57.61,,,,124.9,,RV,2012.0,12/11/29,23 14 06.5879,-62 42 00.0124,29.0,1.05,1.91,-0.13,5362.0,8.9,Confirmed planets
Gliese 676 A d,2,0.014,,3.6,0.0413,0.15,,,,,,,RV,2012.0,12/12/05,17 30 11,-51 38 13,16.5,0.71,,0.23,,,"Confirmed planets, Planets in binary systems, S-type"
Gliese 676 A e,2,0.036,,35.37,0.187,0.24,,,,,,,RV,2012.0,12/12/05,17 30 11,-51 38 13,16.5,0.71,,0.23,,,"Confirmed planets, Planets in binary systems, S-type"
Gliese 676 A b,2,4.95,,1050.3,1.8,0.328,,,,,,,RV,2011.0,12/12/05,17 30 11,-51 38 13,16.5,0.71,,0.23,,,"Confirmed planets, Planets in binary systems, S-type"
Gliese 676 A c,2,3.0,,4400.0,5.2,0.2,,,,,,,RV,2011.0,11/01/01,17 30 11,-51 38 13,16.5,0.71,,0.23,,,"Controversial, Planets in binary systems, S-type"
Kepler-234 b,0,,0.33718,2.711506,,,,,,,,,transit,2014.0,14/02/26,19 26 36.8456,+38 29 40.7390,1867.58,1.09,1.113,,6224.0,,Confirmed planets
Kepler-234 c,0,,0.31987,7.21205,,,,,,,,,transit,2014.0,14/02/26,19 26 36.8456,+38 29 40.7390,1867.58,1.09,1.113,,6224.0,,Confirmed planets
Kepler-591 b,0,,0.302,81.1694299,,,,,,,,,transit,2016.0,16/05/10,19 04 05.7704,+48 25 54.3854,803.277,0.97,0.94,0.01,5677.0,,Confirmed planets
XO-1 b,0,0.9,1.184,3.9415128,0.0488,0.0,,,,89.31,1168.0,,transit,2006.0,10/10/11,16 02 11.8463,+28 10 10.4196,200.0,1.0,0.928,,5940.0,,Confirmed planets
Kepler-1193 b,0,,0.118,2.83265213,,,,,,,,,transit,2016.0,16/05/10,19 12 34.7523,+51 16 32.2828,821.085,1.08,1.21,0.12,5908.0,,Confirmed planets
Kepler-1380 b,0,,0.128,10.3108245,,,,,,,,,transit,2016.0,16/05/10,19 12 27.8540,+42 26 25.5039,,0.96,0.94,0.1,5570.0,,Confirmed planets
HAT-P-46 b,0,0.493,1.284,,0.0577,0.123,70.0,,,85.5,1458.0,,transit,2013.0,13/08/16,18 01 46.6086,-02 58 15.4595,296.0,1.284,1.396,0.3,6120.0,2.5,Confirmed planets
HAT-P-46 c,0,2.0,,,0.383,0.0,,,,,,,RV,2013.0,,18 01 46.6086,-02 58 15.4595,296.0,1.284,1.396,0.3,6120.0,2.5,Controversial
Kepler-33 b,0,,0.158566,5.66793,0.0677,,,,,86.39,1349.8,,transit,2012.0,12/01/26,19 16 18.6100,+46 00 18.8134,917.8,1.291,1.82,0.025,5904.0,4.27,Confirmed planets
Kepler-33 c,0,0.00252,0.2916,13.17562,0.1189,,,,,88.19,1018.5,,transit,2012.0,16/01/13,19 16 18.6100,+46 00 18.8134,917.8,1.291,1.82,0.025,5904.0,4.27,Confirmed planets
Kepler-33 d,0,0.01478,0.487547,21.77596,0.166,,,,,88.71,861.5,,transit,2012.0,16/01/13,19 16 18.6100,+46 00 18.8134,917.8,1.291,1.82,0.025,5904.0,4.27,Confirmed planets
Kepler-33 e,0,0.02108,0.366343,31.7844,0.2138,,,,,,759.5,,transit,2012.0,16/01/13,19 16 18.6100,+46 00 18.8134,917.8,1.291,1.82,0.025,5904.0,4.27,Confirmed planets
Kepler-33 f,0,0.03618,0.406441,41.02902,0.2535,,,,,,697.5,,transit,2012.0,16/01/13,19 16 18.6100,+46 00 18.8134,917.8,1.291,1.82,0.025,5904.0,4.27,Confirmed planets
K2-215 b,0,,0.1891,8.26965,,,,,,89.0,,,transit,2018.0,18/07/24,01 13 52.8257,+06 07 26.0801,473.1,1.0,0.974,0.11,,,Confirmed planets
KELT-24 b,0,5.18,1.272,5.5514926,0.06969,0.077,55.0,,,89.17,1459.0,,transit,2019.0,19/09/12,10 47 38.3510,+71 39 21.1567,96.03,1.46,1.51,0.186,6509.0,,Confirmed planets
Kepler-1814 c,0,0.0118,0.148,0.62628177,0.0133,0.0,,,,81.02,1711.0,,transit,2023.0,23/10/15,19 00 52,+41 16 57,726.346,0.79,0.82,0.2,4922.0,,Confirmed planets
Kepler-1814 b,0,0.0195,0.211,2.93535996,0.0371,0.0,,,,84.29,1022.0,,transit,2021.0,23/10/15,19 00 52,+41 16 57,726.346,0.79,0.82,0.2,4922.0,,Confirmed planets
HD 124330 b,0,0.75,1.25,270.66,0.86,0.34,18.28,,,0.808,,,RV,2021.0,21/06/11,14 11 17.2321,+54 24 32.8908,60.1977,1.15,1.3,0.22,5873.0,,Confirmed planets
Kepler-1514 b,0,5.28,1.108,217.83184,0.753,0.401,-75.28,,,89.944,388.0,,transit,2016.0,21/01/11,19 30 31,+37 51 36,389.3,1.2,1.29,0.119,6145.0,,Confirmed planets
Kepler-1514 c,0,,0.105,10.514181,0.0997,0.32,0.0,,,87.98,1066.0,,transit,2020.0,21/01/11,19 30 31,+37 51 36,389.3,1.2,1.29,0.119,6145.0,,Confirmed planets
Qatar-3 b,0,4.31,1.096,2.5079204,0.03783,,,,,86.8,6007.0,,transit,2016.0,16/09/18,23 56 36.48,+36 12 46.7,751.0,1.145,1.272,-0.041,6007.0,0.31,Confirmed planets
HD 24040 b,0,3.86,1.16,3668.0,4.92,0.04,67.0,,,,,,RV,2006.0,21/06/17,03 50 23,+17 28 31,46.6224,1.11,1.3,0.19,5802.0,,Confirmed planets
HD 24040 c,0,0.201,0.834,515.4,1.3,0.11,-17.1887,,,,,,RV,2021.0,21/06/17,03 50 23,+17 28 31,46.6224,1.11,1.3,0.19,5802.0,,Confirmed planets
Kepler-1023 b,0,,0.235,62.1387714,,,,,,,,,transit,2016.0,16/05/10,19 16 07.1438,+49 46 11.0001,708.165,0.93,0.89,0.05,5494.0,,Confirmed planets
Kepler-1584 b,0,,0.144,13.3997099,,,,,,,,,transit,2016.0,16/05/10,19 11 03.0417,+43 16 27.9578,1476.67,1.1,1.13,0.0,6069.0,,Confirmed planets
HD 142415 b,0,1.62,,386.3,1.05,0.5,,,,,250.5,,RV,2003.0,10/12/29,15 57 40.7918,-60 12 00.9227,34.2,1.09,1.03,0.21,5834.0,,Confirmed planets
Kepler-1638 b,0,,0.167,259.33683,,,,,,,,,transit,2016.0,16/05/10,19 41 55.7671,+48 31 27.9995,1595.15,0.97,0.95,-0.01,5710.0,,Confirmed planets
Kepler-632 b,0,,0.197,30.99660733,,,,,,,,,transit,2016.0,16/05/10,19 49 00.6168,+40 17 18.9571,,0.91,0.84,0.11,5322.0,,Confirmed planets
TOI-3688 A b,0,0.98,1.167,3.246075,0.0456,0.0,,,,87.9,1534.0,,transit,2023.0,23/10/15,02 37 08,+54 51 04,396.378,1.2,1.3,0.262,5950.0,,Confirmed planets
HD 131496 b,0,2.2,,883.0,2.09,0.163,,,,,321.8,,RV,2011.0,12/07/24,14 53 23.0283,+18 14 07.4713,110.0,1.61,4.3,0.25,4927.0,,Confirmed planets
Kepler-1006 b,0,,0.137,19.76172042,,,,,,,,,transit,2016.0,16/05/10,19 43 00.9991,+42 32 14.5672,,0.78,0.74,-0.4,5328.0,,Confirmed planets
HAT-P-7 b,2,1.709,1.4588,2.204737,0.0379,0.0,,,,83.111,2733.0,,transit,2008.0,15/05/24,19 28 59,+47 58 10,320.0,1.59,2.02,0.32,6310.0,1.77,"Confirmed planets, Planets in binary systems, S-type"
Kepler-228 d,0,,0.36817,11.094286,,,,,,,,,transit,2014.0,14/02/26,19 45 08.6683,+48 13 28.8016,1736.95,1.04,1.014,,6043.0,,Confirmed planets
Kepler-228 c,0,,0.24605,4.134444,,,,,,,,,transit,2014.0,14/02/26,19 45 08.6683,+48 13 28.8016,1736.95,1.04,1.014,,6043.0,,Confirmed planets
Kepler-228 b,0,,0.13943,2.566546,,,,,,,,,transit,2014.0,14/02/26,19 45 08.6683,+48 13 28.8016,1736.95,1.04,1.014,,6043.0,,Confirmed planets
Kepler-777 b,0,,0.131,5.72812599,,,,,,,,,transit,2016.0,16/05/10,18 50 53.7750,+44 20 47.3091,448.712,0.58,0.56,-0.17,4043.0,,Confirmed planets
Kepler-769 b,0,,0.261,7.42608998,,,,,,,,,transit,2016.0,16/05/10,19 30 51.1448,+38 21 29.5125,1209.34,1.19,1.28,0.06,6186.0,,Confirmed planets
Kepler-769 c,0,,0.16,15.9870174,,,,,,,,,transit,2016.0,16/05/10,19 30 51.1448,+38 21 29.5125,1209.34,1.19,1.28,0.06,6186.0,,Confirmed planets
eps Coronae Borealis b,2,6.7,,417.9,1.3,0.11,133.1,,,,,,RV,2012.0,15/09/22,15 57 35.25147,+26 52 40.3635,67.9,1.7,21.0,-0.094,4406.0,1.74,"Confirmed planets, Planets in binary systems, S-type"
DMPP-4 b,0,0.03839,0.315,3.4982,0.04853,0.063,200.0,,,,,,RV,2023.0,23/10/15,19 34 20,+51 14 09,25.3284,1.25,1.38,-0.007,6400.0,,Confirmed planets
Kepler-1206 b,0,,0.146,1.21699766,,,,,,,,,transit,2016.0,16/05/10,19 43 45.2132,+49 47 28.1032,778.452,0.8,0.75,0.07,4877.0,,Confirmed planets
DE CVn b,0,12.0,,4098.1,5.75,0.0,,,,86.0,,,timing,2018.0,19/07/11,13 26 53.2714,+45 32 46.6870,30.55,0.51,,,,,Confirmed planets
Kepler-1936 b,0,0.032,0.282,126.5569992,0.5548,0.0,,,,88.63,524.0,,transit,2021.0,22/02/01,19 22 55,+44 50 10,871.096,1.42,1.85,0.1,6501.0,,Confirmed planets
KELT-8 b,0,0.867,1.86,3.24406,0.04571,0.035,,,,82.65,1675.0,,transit,2015.0,15/05/25,18 53 13.3242,+24 07 38.5772,236.0,1.211,1.67,0.272,5754.0,,Confirmed planets
HD 128311 b,0,1.83,,460.1,,0.3,-76.2,259.2,,63.8,177.7,,RV,2002.0,15/01/08,14 36 00.5607,+09 44 47.4536,16.6,0.828,0.73,0.08,4965.0,,Confirmed planets
HD 128311 c,0,3.2,,910.7,,0.12,-19.7,184.2,,63.8,140.7,,RV,2005.0,15/01/08,14 36 00.5607,+09 44 47.4536,16.6,0.828,0.73,0.08,4965.0,,Confirmed planets
Kepler-677 b,0,,0.48,6.57531678,,,,,,,,,transit,2016.0,16/05/10,19 20 23.5399,+50 19 17.8113,,1.0,0.99,0.06,5723.0,,Confirmed planets
Kepler-902 b,0,,0.227,40.1099547,,,,,,,,,transit,2016.0,16/05/10,19 18 55.6049,+46 57 13.8272,1204.82,0.95,0.93,0.0,5647.0,,Confirmed planets
Kepler-959 b,0,,0.391,14.80074836,,,,,,,,,transit,2016.0,16/05/10,19 28 41.0831,+40 48 40.9814,826.788,1.6,2.01,0.02,7005.0,,Confirmed planets
Kepler-1094 b,0,,0.284,78.1000231,,,,,,,,,transit,2016.0,16/05/10,19 29 12.3012,+38 16 01.2783,1338.33,1.14,1.21,0.06,6112.0,,Confirmed planets
Kepler-241 b,0,,0.21233,12.718092,,,,,,,,,transit,2014.0,14/02/26,19 31 39.1456,+41 03 39.3398,595.71,0.671,0.668,,4699.0,,Confirmed planets
Kepler-241 c,0,,0.2342,36.065978,,,,,,,,,transit,2014.0,14/02/26,19 31 39.1456,+41 03 39.3398,595.71,0.671,0.668,,4699.0,,Confirmed planets
TOI-3331 A b,0,2.27,1.158,2.0180231,0.03144,0.0,,,,85.4,1488.0,,transit,2022.0,22/09/15,18 05 18,-34 06 26,217.193,1.02,0.95,0.148,5609.0,,Confirmed planets
Kepler-1641 b,0,,0.277,19.672266,,,,,,,,,transit,2016.0,16/05/10,19 45 26.2653,+41 34 28.3301,881.912,1.12,1.19,-0.02,6152.0,,Confirmed planets
Kepler-1641 c,0,,0.263,32.657212,,,,,,,,,transit,2016.0,16/05/10,19 45 26.2653,+41 34 28.3301,881.912,1.12,1.19,-0.02,6152.0,,Confirmed planets
HD 79498 b,0,1.34,,1966.0,3.13,0.59,,,,,149.6,,RV,2012.0,12/02/04,09 15 09.4023,+23 22 31.9770,49.0,1.06,,0.24,5740.0,,Confirmed planets
Kepler-696 b,0,,0.548,4.19042557,,,,,,,,,transit,2016.0,16/05/10,19 33 59.1851,+41 08 15.3593,1474.71,1.06,1.08,0.07,5903.0,,Confirmed planets
Kepler-49 b,0,,0.21416,7.203871,,,,,,,,,transit,2014.0,14/02/26,19 29 10.6953,+40 35 30.4578,385.34,0.549,0.559,,4252.0,,Confirmed planets
Kepler-49 c,0,,0.18773,10.912732,,,,,,,,,transit,2014.0,14/02/26,19 29 10.6953,+40 35 30.4578,385.34,0.549,0.559,,4252.0,,Confirmed planets
Kepler-49 d,0,,0.14581,2.576549,,,,,,,,,transit,2014.0,14/02/26,19 29 10.6953,+40 35 30.4578,385.34,0.549,0.559,,4252.0,,Confirmed planets
Kepler-49 e,0,,0.14216,18.596108,,,,,,,,,transit,2014.0,14/02/26,19 29 10.6953,+40 35 30.4578,385.34,0.549,0.559,,4252.0,,Confirmed planets
WASP-127 b,0,0.18,1.37,4.178062,0.052,,,,,88.7,,,transit,2016.0,16/07/27,10 42 14.0835,-03 50 06.2598,160.2,1.08,1.39,,5620.0,11.41,Confirmed planets
EPIC 203826436 b,0,,0.144,4.44117,0.0511,,,,,87.28,,,transit,2015.0,15/12/06,16 13 48.2444,-24 47 13.4278,1768.0,0.9,0.85,-0.03,5413.0,,Confirmed planets
EPIC 203826436 c,0,,0.245,6.42904,0.0654,,,,,87.37,,,transit,2015.0,15/12/06,16 13 48.2444,-24 47 13.4278,1768.0,0.9,0.85,-0.03,5413.0,,Confirmed planets
EPIC 203826436 d,0,,0.244,14.09189,0.1103,,,,,88.34,,,transit,2015.0,15/12/06,16 13 48.2444,-24 47 13.4278,1768.0,0.9,0.85,-0.03,5413.0,,Confirmed planets
HD 96167 b,0,0.68,,498.9,1.3,0.71,,,,,293.2,,RV,2009.0,09/04/21,11 05 15.0687,-10 17 28.6946,84.0,1.31,1.86,0.34,5770.0,,Confirmed planets
Kepler-818 b,0,,0.456,10.03538581,,,,,,,,,transit,2016.0,16/05/10,19 44 56.4310,+39 22 13.1827,948.947,0.94,0.92,-0.08,5638.0,,Confirmed planets
MOA-2010-BLG-477L b,0,1.5,,,2.0,,,,,,,,microlensing,2012.0,18/09/19,18 06 07.44,-31 27 16.12,2300.0,0.67,,,,,Confirmed planets
Kepler-357 d,0,,0.31258,49.499875,,,,,,,,,transit,2014.0,14/02/26,19 24 58.3359,+44 00 31.3482,926.37,0.727,0.834,,5036.0,,Confirmed planets
Kepler-357 b,0,,0.16768,6.475434,,,,,,,,,transit,2014.0,14/02/26,19 24 58.3359,+44 00 31.3482,926.37,0.727,0.834,,5036.0,,Confirmed planets
Kepler-357 c,0,,0.24332,16.85837,,,,,,,,,transit,2014.0,14/02/26,19 24 58.3359,+44 00 31.3482,926.37,0.727,0.834,,5036.0,,Confirmed planets
KOI-2113 b,0,,0.206,12.331,0.1006,,,,,,,,transit,2014.0,15/03/18,19 35 17.8273,+42 46 46.8815,999.5,0.897,0.806,,5376.0,,Confirmed planets
KOI-2113 c,0,,0.241,15.943,0.1194,,,,,,,,transit,2014.0,15/03/18,19 35 17.8273,+42 46 46.8815,999.5,0.897,0.806,,5376.0,,Confirmed planets
TOI-470 b,0,0.0546,0.387,12.19148,0.119,,,,,89.527,660.0,,transit,2023.0,23/10/15,06 16 02,-25 01 53,130.46,0.87,0.83,0.1,5190.0,,Confirmed planets
KMT-2019-BLG-0953L b,0,0.04877,0.362,,1.1,,,,,,,,microlensing,2022.0,23/10/15,17 57 21,-28 40 29,7200.0,0.28,,,,,Confirmed planets
HATS-7 b,0,0.12,0.563,3.185315,0.04012,,,,,87.92,,,transit,2015.0,15/07/07,13 55 25.6669,-21 12 27.7226,257.0,0.849,0.815,0.25,4985.0,7.8,Confirmed planets
Kepler-1698 b,0,,0.096,1.2107,,,,,,,,,transit,2020.0,20/09/03,19 33 23,+39 15 28,223.78,,0.74,,4945.83,,Confirmed planets
Kepler-387 b,0,,0.09386,6.791636,,,,,,,,,transit,2014.0,14/02/26,19 11 11.5647,+45 39 24.2396,738.47,1.13,1.046,,5774.0,,Confirmed planets
Kepler-387 c,0,,0.08111,11.837549,,,,,,,,,transit,2014.0,14/02/26,19 11 11.5647,+45 39 24.2396,738.47,1.13,1.046,,5774.0,,Confirmed planets
Kepler-1344 b,0,,0.164,4.7683049,,,,,,,,,transit,2016.0,16/05/10,19 08 20.7072,+46 56 44.9902,875.427,1.09,1.13,0.06,5981.0,,Confirmed planets
HD 183263 b,0,3.635,,625.1,1.486,0.3728,232.9,,,,,,RV,2004.0,17/12/10,19 28 24.5718,+08 21 29.0043,54.02,1.121,1.117,0.302,5936.0,,Confirmed planets
HD 183263 c,0,9.0,,5048.0,5.98,0.073,284.9,,,,,,RV,2008.0,17/12/10,19 28 24.5718,+08 21 29.0043,54.02,1.121,1.117,0.302,5936.0,,Confirmed planets
WASP-13 b,0,0.5,1.407,4.3530135,0.05379,0.0,,,,85.43,1203.3,,transit,2008.0,14/03/20,09 20 24.7143,+33 52 56.6997,155.0,1.187,1.559,0.0,5989.0,,Confirmed planets
Kepler-222 b,0,,0.28797,3.936981,,,,,,,,,transit,2014.0,14/02/26,19 11 37.4603,+46 56 15.9075,891.55,0.857,0.869,,5433.0,,Confirmed planets
Kepler-222 d,0,,0.33627,28.081912,,,,,,,,,transit,2014.0,14/02/26,19 11 37.4603,+46 56 15.9075,891.55,0.857,0.869,,5433.0,,Confirmed planets
Kepler-222 c,0,,0.42284,10.08881,,,,,,,,,transit,2014.0,14/02/26,19 11 37.4603,+46 56 15.9075,891.55,0.857,0.869,,5433.0,,Confirmed planets
HATS-13 b,0,0.543,1.212,3.0440499,0.04057,,,,,88.55,1244.0,,transit,2015.0,15/03/11,21 07 50.7511,-26 05 48.0338,476.0,0.962,0.887,0.05,5523.0,2.5,Confirmed planets
TOI-1693 b,0,0.0088,0.1258,1.7666957,0.0226,,,,,,764.0,,transit,2022.0,22/01/30,06 01 14.00,+34 46 23.00,30.8,0.49,0.46,,3499.0,,Confirmed planets
Kepler-1538 b,0,,0.252,175.138819,,,,,,,,,transit,2016.0,16/05/10,18 53 22.9664,+45 16 27.8643,1162.66,1.03,1.03,0.02,5837.0,,Confirmed planets
V391 Peg b,0,3.2,,1170.0,1.7,0.0,,,,,,,timing,2007.0,17/12/15,22 04 12.1044,+26 25 07.8205,1400.0,0.5,0.23,,29300.0,,Controversial
Kepler-1922 b,0,0.0184,0.204,13.22259998,0.1077,0.0,,,,83.99,740.0,,transit,2021.0,22/02/01,19 29 19,+37 59 49,1344.29,0.95,0.86,-0.28,5931.0,,Confirmed planets
Kepler-1606 b,0,,0.185,196.435224,,,,,,,,,transit,2016.0,16/05/10,19 05 30.7864,+43 04 23.6175,851.426,0.9,0.86,0.01,5422.0,,Confirmed planets
TOI-622 b,0,0.303,0.824,6.402513,0.0708,0.42,,,,86.62,1388.0,,transit,2023.0,23/10/15,08 21 13,-46 29 03,123.297,1.31,1.42,0.09,6400.0,,Confirmed planets
K2-127 b,0,,0.747,3.588163,0.0411,,,,,,809.0,,transit,2017.0,18/10/26,13 48 18.8145,-11 35 20.3549,723.97,0.72,0.66,-0.11,4575.0,,Confirmed planets
Kepler-802 b,0,,0.316,40.0587473,,,,,,,,,transit,2016.0,16/05/10,19 04 03.8048,+45 00 27.9588,798.467,0.93,0.9,0.06,5507.0,,Confirmed planets
51 Peg b,0,0.46,,4.231,0.052,0.0,0.0,,,80.0,1260.3,,RV,1995.0,15/05/24,22 57 27.9804,+20 46 07.7822,14.7,1.04,1.266,0.2,5793.0,,Confirmed planets
Kepler-584 b,0,,0.376,35.1810304,,,,,,,,,transit,2016.0,16/05/10,19 12 55.3477,+42 24 48.9672,1953.89,1.17,1.24,0.02,6195.0,,Confirmed planets
GJ 896 A b,2,2.26,,284.39,0.64282,0.35,353.11,,45.62,69.2,,,astrometry,2022.0,22/09/29,23 31 52.17898,+19 56 14.1505,6.2545,0.43599,,,,,"Confirmed planets, Planets in binary systems, S-type"
HD 98736 b,0,2.33,,968.8,1.864,0.226,162.0,,,,,,RV,2018.0,18/09/27,11 21 49.3424,+18 11 24.0230,32.48,0.92,0.93,0.36,5271.0,,Confirmed planets
HD 108341 b,0,3.5,,1129.0,2.0,0.85,190.0,,,,,,RV,2014.0,15/11/21,12 27 31.38999,-71 25 22.7053,49.4,0.843,0.79,0.04,5122.0,4.9,Confirmed planets
TOI-1268 b,0,0.29,0.82,8.1577094,0.072,0.09,338.0,,,88.98,,,transit,2022.0,22/02/01,13 13 33.00,+62 18 20.00,110.0,0.96,0.92,0.25,5200.0,,Confirmed planets
HD 87646 b,0,12.4,,13.481,0.117,0.05,298.0,,,,,,RV,2016.0,16/08/18,10 06 40.7804,+17 53 42.3458,135.17,1.12,1.55,-0.17,5770.0,,Confirmed planets
MOA-2011-BLG-291L b,0,0.05663,,,0.69,,,,,,,,microlensing,2018.0,18/11/29,17 55 28,-29 10 14,4400.0,0.15,,,,,Confirmed planets
Kepler-693 b,0,,0.908,15.37563332,,,,,,,,,transit,2016.0,16/05/10,18 53 00.8526,+40 21 29.6200,1189.34,0.76,0.72,-0.1,4881.0,,Confirmed planets
Kepler-341 c,0,,0.15492,8.01041,,,,,,,,,transit,2014.0,14/02/26,19 19 26.7756,+43 28 21.9886,1039.88,1.012,1.024,,6012.0,,Confirmed planets
Kepler-341 d,0,,0.16859,27.666313,,,,,,,,,transit,2014.0,14/02/26,19 19 26.7756,+43 28 21.9886,1039.88,1.012,1.024,,6012.0,,Confirmed planets
Kepler-341 b,0,,0.10753,5.195528,,,,,,,,,transit,2014.0,14/02/26,19 19 26.7756,+43 28 21.9886,1039.88,1.012,1.024,,6012.0,,Confirmed planets
Kepler-341 e,0,,0.18135,42.473269,,,,,,,,,transit,2014.0,14/02/26,19 19 26.7756,+43 28 21.9886,1039.88,1.012,1.024,,6012.0,,Confirmed planets
TOI-237 b,0,0.009,0.1285,5.436098,0.0341,,,,,89.5,355.0,,transit,2020.0,20/11/02,23 32 58.00,-29 24 54.00,38.11,0.179,0.211,,3212.0,,Confirmed planets
Kepler-1821 b,0,0.0228,0.231,16.45809937,0.1244,0.0,,,,89.9,644.0,,transit,2021.0,22/02/01,19 38 06,+49 52 21,799.699,0.95,0.88,0.14,5475.0,,Confirmed planets
K2-123 b,0,,0.246,30.951524,0.1649,,,,,,338.0,,transit,2017.0,18/10/26,08 57 46.6064,+21 27 12.7018,162.36,0.62,0.59,0.03,4035.0,,Confirmed planets
Kepler-1430 b,0,,0.105,2.46050993,,,,,,,,,transit,2016.0,16/05/10,19 18 47.3970,+43 22 19.3776,483.185,0.77,0.72,-0.03,4796.0,,Confirmed planets
K2-227 b,0,,0.152,13.6218,,,,,,88.4,,,transit,2018.0,18/07/24,12 43 47.6397,-08 28 41.8442,277.9,0.951,0.891,-0.1,,,Confirmed planets
Kepler-278 b,0,,0.3709,30.160546,0.195,0.03,,,,88.5,,,transit,2014.0,15/07/28,19 20 25.7274,+38 42 08.0310,511.95,1.079,2.935,0.28,4991.0,,Confirmed planets
Kepler-278 c,0,,0.32716,51.078775,0.276,,,,,87.8,,,transit,2014.0,15/07/28,19 20 25.7274,+38 42 08.0310,511.95,1.079,2.935,0.28,4991.0,,Confirmed planets
WASP-121 b,0,1.183,1.807,1.2749255,0.02544,,,,,87.6,2358.0,,transit,2015.0,15/06/08,07 10 24.0606,-39 05 50.5705,270.0,1.353,1.458,0.13,6459.0,1.5,Confirmed planets
Kepler-1509 b,0,,0.165,25.4338197,,,,,,,,,transit,2016.0,16/05/10,18 55 11.4687,+46 55 51.6635,,1.0,0.99,0.03,5780.0,,Confirmed planets
Kepler-1646 b,0,,0.11,4.48558383,,,,,,,,,transit,2016.0,16/05/10,19 10 06.3361,+42 54 46.4083,128.061,0.24,0.26,0.04,3299.0,,Confirmed planets
Kepler-1364 b,0,,0.192,13.32196237,,,,,,,,,transit,2016.0,16/05/10,19 40 36.5247,+49 35 15.3952,,1.49,1.79,0.04,6805.0,,Confirmed planets
HD 16905 b,0,9.07864,1.12,6707.49126331,6.469422,0.664501,281.6606,,,19.657,,,RV,2022.0,22/09/27,02 40 03,-61 21 18,39.7401,0.79,0.77,0.24,4866.12,,Confirmed planets
EPIC 201393098 b,0,,0.246,28.67992,0.1814,,,,,,651.0,,transit,2015.0,15/07/07,11 08 22.5045,-01 03 56.7108,433.0,0.97,0.96,-0.07,5772.0,,Confirmed planets
OGLE-2018-BLG-0383 b,0,0.0201,,,1.8,,,,,,,,microlensing,2021.0,21/12/07,17 54 43.00,-28 44 21.00,7700.0,0.1,,,,,Confirmed planets
Kepler-977 b,0,,0.234,26.85328322,,,,,,,,,transit,2016.0,16/05/10,19 26 03.8920,+42 14 53.4412,578.168,0.87,0.83,-0.01,5315.0,,Confirmed planets
HD 158038 b,0,1.8,,521.0,1.48,0.291,,,,,381.6,,RV,2011.0,12/07/24,17 25 45.4356,+27 18 11.9461,103.0,1.65,4.8,0.28,4897.0,,Confirmed planets
OGLE-2015-BLG-0954L b,0,3.4,,,,,,,,,,,microlensing,2016.0,18/09/20,18 00 44.24,-28 39 39.2,1200.0,0.3,,,,,Confirmed planets
WASP-15 b,0,0.542,1.428,3.7520656,0.0499,0.0,,,,85.5,1511.3,,transit,2008.0,10/11/29,13 55 42.7119,-32 09 34.6152,308.0,1.18,1.477,-0.17,6300.0,,Confirmed planets
K2-164 b,0,,0.2899,17.3551,,,,,,87.9,,,transit,2018.0,18/07/24,11 27 44.0798,+00 03 46.22,253.0,1.181,2.2,-0.23,,,Confirmed planets
Kepler-1224 b,0,,0.119,13.32351601,,,,,,,,,transit,2016.0,16/05/10,19 06 30.1789,+37 32 14.2967,568.666,1.18,1.22,0.14,6155.0,,Confirmed planets
Kepler-1583 b,0,,0.054,9.32807355,,,,,,,,,transit,2016.0,16/05/10,19 05 32.8606,+47 00 59.8473,408.697,0.94,0.91,-0.07,5645.0,,Confirmed planets
Kepler-1717 b,0,0.029,0.267,30.65279961,0.2014,0.0,,,,88.89,780.0,,transit,2021.0,22/02/01,19 40 51,+49 33 44,1008.79,1.16,1.64,-0.06,6200.0,,Confirmed planets
WASP-158 b,0,2.79,1.07,3.656333,0.0517,,,,,87.7,1590.0,,transit,2018.0,18/03/06,00 16 35.1213,-10 58 35.0979,1136.0,1.38,1.39,0.24,6350.0,1.9,Confirmed planets
HD 107148 c,0,0.0626,0.42,18.3267,0.1407,0.34,-44.6907,,,,,,RV,2021.0,21/06/17,12 19 13,-03 19 12,49.4156,1.11,1.17,0.296,5752.92,,Confirmed planets
HD 107148 b,0,0.21,0.856,48.056,0.269,0.05,75.0,,,,,,RV,2005.0,21/06/17,12 19 13,-03 19 12,49.4156,1.11,1.17,0.296,5752.92,,Confirmed planets
Kepler-1362 b,0,,0.232,136.205626,,,,,,,,,transit,2016.0,16/05/10,19 14 09.2563,+40 52 37.5667,746.603,0.8,0.74,0.06,4857.0,,Confirmed planets
HD 46375 A b,2,0.249,,3.024,0.041,0.04,,,,,1132.0,,RV,2000.0,12/12/04,06 33 12,+05 27 46,33.4,0.91,1.0,0.24,5199.0,,"Confirmed planets, Planets in binary systems, S-type"
HD 45652 b,0,0.47,,43.6,0.23,0.38,,,,,472.4,,RV,2008.0,08/10/14,06 29 13.1918,+10 56 02.0060,36.0,0.83,,0.29,5312.0,,Confirmed planets
Kepler-50 b,0,0.015963,0.155832,7.81254,0.077,,,,,82.0,,,transit,2012.0,13/02/17,19 12 24.2129,+50 02 01.3708,269.79,1.24,1.58,0.03,6225.0,3.8,Confirmed planets
Kepler-50 c,0,0.026041,0.1977527,9.37647,0.087,,,,,82.0,,,transit,2012.0,13/02/17,19 12 24.2129,+50 02 01.3708,269.79,1.24,1.58,0.03,6225.0,3.8,Confirmed planets
Kepler-232 b,0,,0.28068,4.431222,,,,,,,,,transit,2014.0,14/02/26,19 43 15.8785,+51 07 18.1951,1323.08,0.964,0.968,,5847.0,,Confirmed planets
Kepler-232 c,0,,0.34903,11.379349,,,,,,,,,transit,2014.0,14/02/26,19 43 15.8785,+51 07 18.1951,1323.08,0.964,0.968,,5847.0,,Confirmed planets
EPIC 201757695 b,0,,0.081,2.0478,0.0296,0.0,,,,89.276,,,transit,2020.0,20/11/19,11 35 45.2405,+04 36 59.2103,577.6,0.73,0.66,-0.003,4520.0,,Confirmed planets
NY Vir b,1,2.66,,3160.0,,0.15,348.0,,,,,,timing,2011.0,19/10/24,13 38 48,-02 01 49,613.18,,,,,,"Confirmed planets, Planets in binary systems, P-type"
NY Vir c,1,5.54,,8799.0,,0.15,320.0,,,,,,timing,2019.0,19/10/24,13 38 48,-02 01 49,613.18,,,,,,"Confirmed planets, Planets in binary systems, P-type"
HD 39392 b,0,13.2,,394.3,0.11,0.394,-31.9,,,,,,RV,2016.0,17/12/09,05 53 18.9952,+22 04 19.7474,105.2,1.08,,-0.32,5951.0,,Confirmed planets
K2-357 b,0,0.042,0.332,16.3488637,0.145,,,,,,735.0,,transit,2021.0,21/10/03,08 47 45,+16 19 44,517.687,0.98,1.0,-0.02,5794.0,,Confirmed planets
TOI-4329 b,0,0.45,1.5,2.9233,,0.068,16.0,,,,,,transit,2022.0,22/01/15,21 58 15.00,+71 07 54.00,,1.538,2.31,0.29,6000.0,,Confirmed planets
HD 33283 b,0,0.33,,18.179,0.168,0.48,,,,,695.7,,RV,2006.0,06/04/18,05 08 01.0122,-26 47 50.8940,86.0,1.24,1.2,0.366,5995.0,,Confirmed planets
Kepler-1505 b,0,,0.083,30.8609366,,,,,,,,,transit,2016.0,16/05/10,19 28 00.4860,+41 47 13.0617,502.134,0.93,0.86,-0.18,5686.0,,Confirmed planets
TOI-1266 b,0,0.04248,0.211,10.894843,0.0736,0.09,,,,89.5,413.0,,transit,2020.0,20/10/08,13 11 59.5602,+65 50 01.7034,36.05,0.45,0.42,-0.5,3600.0,,Confirmed planets
TOI-1266 c,0,0.00692,0.139,18.80151,0.1058,0.04,,,,89.3,344.0,,transit,2020.0,20/10/08,13 11 59.5602,+65 50 01.7034,36.05,0.45,0.42,-0.5,3600.0,,Confirmed planets
BD-11 4672 b,0,0.65,,1634.0,2.36,0.05,343.88,,,,,,RV,2014.0,20/07/23,18 33 28.8322,-11 38 09.7218,27.3,0.65,0.64,-0.35,4550.0,,Confirmed planets
BD-11 4672 c,0,0.04836,,74.2,0.3,0.4,245.92,,,,,,RV,2020.0,20/07/23,18 33 28.8322,-11 38 09.7218,27.3,0.65,0.64,-0.35,4550.0,,Confirmed planets
Kepler-1835 b,0,0.0385,0.315,11.96409988,0.0997,0.0,,,,84.85,808.0,,transit,2021.0,22/02/01,18 41 16,+43 59 08,1404.38,0.92,0.96,-0.26,5903.0,,Confirmed planets
HD 152843 b,0,0.03637,0.3042,11.6264,0.1053,,,,,88.85,,,transit,2021.0,21/05/13,16 55 08.3561,+20 29 28.7937,107.898,1.15,1.43,-0.16,6310.0,,Confirmed planets
HD 152843 c,0,,0.5201,27.13,,0.115,,,,88.89,,,transit,2021.0,21/05/13,16 55 08.3561,+20 29 28.7937,107.898,1.15,1.43,-0.16,6310.0,,Confirmed planets
HD 180902 b,0,1.6,,479.0,1.39,0.09,,,,,380.7,,RV,2010.0,10/03/19,19 19 17.7078,-23 33 29.3632,110.0,1.52,4.1,0.04,5030.0,,Confirmed planets
HD 175607 b,0,0.0283,,8.98,,0.11,142.0,,,,,,RV,2015.0,15/11/15,19 01 05.4888,-66 11 33.6424,45.27,0.71,0.7,-0.62,5392.0,10.32,Confirmed planets
HD 175607 c,0,0.11,,1336.61,,0.42,14.0,,,,,,RV,2015.0,15/11/15,19 01 05.4888,-66 11 33.6424,45.27,0.71,0.7,-0.62,5392.0,10.32,Controversial
HD 212301 b,0,0.45,,2.245715,0.036,0.0,,,,,1541.3,,RV,2005.0,10/12/23,22 27 30.9215,-77 43 04.5298,52.7,1.05,,0.18,5998.0,,Confirmed planets
YZ Cet b,0,0.00236,,1.96876,0.01557,0.0,,,,,,,RV,2017.0,17/08/24,01 12 30.6367,-16 59 56.3613,3.6,0.13,0.17,-0.26,3056.0,,Confirmed planets
YZ Cet c,0,0.00308,,3.06008,0.0209,0.04,,,,,,,RV,2017.0,17/08/24,01 12 30.6367,-16 59 56.3613,3.6,0.13,0.17,-0.26,3056.0,,Confirmed planets
YZ Cet d,0,0.00359,,4.65627,0.02764,0.129,,,,,,,RV,2017.0,17/08/24,01 12 30.6367,-16 59 56.3613,3.6,0.13,0.17,-0.26,3056.0,,Confirmed planets
Kepler-1401 b,0,,0.15,11.20066445,,,,,,,,,transit,2016.0,16/05/10,19 09 51.8382,+40 45 30.4160,,1.07,1.1,0.04,5964.0,,Confirmed planets
Kepler-938 b,0,,0.198,52.6298417,,,,,,,,,transit,2016.0,16/05/10,19 39 09.3967,+46 59 02.3740,,0.92,0.89,-0.03,5533.0,,Confirmed planets
Kepler-1190 b,0,,0.119,10.45843441,,,,,,,,,transit,2016.0,16/05/10,18 59 59.9105,+49 28 47.9317,345.925,0.76,0.72,-0.02,4730.0,,Confirmed planets
KMT-2018-BLG-1743 b,0,0.925,,,1.74,,,,,,,,microlensing,2021.0,21/07/02,18 17 08.00,-26 21 35.00,6200.0,0.3,,,,,Confirmed planets
Kepler-1493 b,0,,0.126,15.0217983,,,,,,,,,transit,2016.0,16/05/10,19 14 11.8023,+38 33 54.7570,,1.06,1.29,0.06,5863.0,,Confirmed planets
GJ 414 A b,2,0.02391,,50.8,0.2324,0.45,111.0,,,,308.6,,RV,2021.0,21/04/02,11 11 06,+30 26 43,11.8893,0.65,0.68,0.24,4120.0,,"Confirmed planets, Planets in binary systems, S-type"
GJ 414 A c,2,0.16937,,749.83,1.4,0.105,74.0,,,,124.7,,RV,2021.0,21/04/02,11 11 06,+30 26 43,11.8893,0.65,0.68,0.24,4120.0,,"Confirmed planets, Planets in binary systems, S-type"
TOI-125 b,0,0.02989,0.243,4.65382,0.05186,0.194,-37.0,,,88.92,1037.0,,transit,2019.0,20/02/13,01 34 23,-66 40 33,111.4,0.86,0.85,-0.02,5320.0,,Confirmed planets
TOI-125 c,0,0.02086,0.246,9.15059,0.0814,0.066,70.0,,,88.54,828.0,,transit,2019.0,20/02/13,01 34 23,-66 40 33,111.4,0.86,0.85,-0.02,5320.0,,Confirmed planets
TOI-125 d,0,0.04279,0.261,19.98,0.137,0.168,46.0,,,88.795,638.0,,transit,2020.0,20/02/13,01 34 23,-66 40 33,111.4,0.86,0.85,-0.02,5320.0,,Confirmed planets
OGLE-2018-BLG-1367L b,0,0.95,1.23,,1.21,,,,,,,,microlensing,2022.0,23/10/15,17 59 01,-29 10 06,5370.0,0.28,,,,,Confirmed planets
Kepler-1603 b,0,,0.115,2.27163926,,,,,,,,,transit,2016.0,16/05/10,19 41 19.1595,+42 32 05.8981,,1.21,1.31,0.07,6241.0,,Confirmed planets
HD 102117 b,0,0.172,,20.67,0.1532,0.106,,,,,719.6,,RV,2004.0,06/11/25,11 44 50.4608,-58 42 13.3564,42.0,1.03,1.27,0.3,5672.0,,Confirmed planets
EPIC 201912552 b,0,0.02504,0.2123,32.93963,0.143,,,,,,,,transit,2015.0,17/12/16,11 30 14.5176,+07 35 18.2572,34.0,0.359,0.411,0.09,3457.0,,Confirmed planets
K2-18 c,0,0.02363,,8.962,0.06,,,,,,,,RV,2017.0,17/12/16,11 30 14.5176,+07 35 18.2572,34.0,0.359,0.411,0.09,3457.0,,Confirmed planets
Kepler-757 b,0,,0.121,1.02267882,,,,,,,,,transit,2016.0,16/05/10,19 46 43.3137,+41 23 11.4436,1101.08,1.08,1.13,0.02,6014.0,,Confirmed planets
TOI-715 b,0,0.00951,0.138,19.288004,0.083,,,,,89.856,234.0,,transit,2023.0,23/10/15,07 35 25,-73 34 39,42.4048,0.23,0.24,-0.25,3075.0,,Confirmed planets
Kepler-355 c,0,,0.24696,25.762294,,,,,,,,,transit,2014.0,14/02/26,19 03 11.8688,+42 48 42.3866,1432.65,1.09,1.066,,6184.0,,Confirmed planets
Kepler-355 b,0,,0.13305,11.03189,,,,,,,,,transit,2014.0,14/02/26,19 03 11.8688,+42 48 42.3866,1432.65,1.09,1.066,,6184.0,,Confirmed planets
Kepler-1690 b,0,,0.251,234.636,,,,,,,,,transit,2020.0,20/09/03,19 12 38,+41 52 41,718.3,,0.87,,5336.5,,Confirmed planets
K2-294 b,0,,0.148,2.50387,,,,,,85.5,1425.0,,transit,2019.0,19/04/04,23 28 12.3956,-07 36 13.2953,377.04,0.99,1.2,0.194,5612.0,,Confirmed planets
HD 86950 b,0,3.6,,1270.0,2.72,0.17,243.0,,,,,,RV,2016.0,16/11/24,10 01 37.6089,-17 19 58.8869,169.0,1.66,8.8,0.04,4805.0,,Confirmed planets
WASP-98 b,0,0.83,1.1,2.96264,0.036,,,,,86.3,1180.0,,transit,2013.0,13/10/22,03 53 42.9206,-34 19 41.5855,284.1,0.69,0.7,-0.6,5525.0,,Confirmed planets
Kepler-26 b,0,0.016097,0.26792,12.282972,,,,,,,,,transit,2014.0,16/01/13,18 59 45.8407,+46 33 59.4380,482.39,0.634,0.571,,4486.0,,Confirmed planets
Kepler-26 c,0,0.019492,0.26792,17.251204,,,,,,,,,transit,2014.0,16/01/13,18 59 45.8407,+46 33 59.4380,482.39,0.634,0.571,,4486.0,,Confirmed planets
Kepler-26 d,0,,0.09751,3.543919,,,,,,,,,transit,2014.0,14/02/26,18 59 45.8407,+46 33 59.4380,482.39,0.634,0.571,,4486.0,,Confirmed planets
Kepler-26 e,0,,0.21962,46.827915,,,,,,,,,transit,2014.0,14/02/26,18 59 45.8407,+46 33 59.4380,482.39,0.634,0.571,,4486.0,,Confirmed planets
Kepler-1408 b,0,,0.079,2.99793191,,,,,,,,,transit,2016.0,16/05/10,18 50 47.9821,+45 25 32.8066,543.39,1.21,1.35,0.0,6170.0,,Confirmed planets
HD 14067 b,0,7.8,,1455.0,3.4,0.533,109.9,,,,,,RV,2014.0,14/09/25,02 17 10.4397,+23 46 04.1920,142.6,2.4,12.4,-0.1,4815.0,,Confirmed planets
Kepler-812 b,0,,0.317,10.11716531,,,,,,,,,transit,2016.0,16/05/10,19 15 25.2709,+48 12 30.7458,1549.19,1.45,1.71,0.02,6761.0,,Confirmed planets
Kepler-1545 b,0,,0.241,163.692349,,,,,,,,,transit,2016.0,16/05/10,19 55 35.7094,+47 27 47.1379,745.379,0.84,0.8,-0.06,5201.0,,Confirmed planets
Kepler-218 c,0,,0.28615,44.699576,,,,,,,,,transit,2014.0,14/02/26,19 41 39.0786,+46 15 59.3649,675.18,1.019,1.063,,5502.0,,Confirmed planets
Kepler-218 b,0,,0.13487,3.619337,,,,,,,,,transit,2014.0,14/02/26,19 41 39.0786,+46 15 59.3649,675.18,1.019,1.063,,5502.0,,Confirmed planets
Kepler-218 d,0,,0.237,124.5244647,,,,,,,,,transit,2016.0,16/05/10,19 41 39.0786,+46 15 59.3649,675.18,1.019,1.063,,5502.0,,Confirmed planets
OGLE-2016-BLG-0613L AB b,1,4.18,,,,,,,,,,,microlensing,2017.0,18/09/20,17 57 02.50,-28 06 58.2,3410.0,,,,,,"Confirmed planets, Planets in binary systems, P-type"
CoRoT-21 b,0,2.26,1.3,2.72474,0.0417,0.0,,,,86.8,1867.0,,transit,2011.0,11/12/13,06 44 12.6302,-00 17 56.9870,1398.8,1.29,1.945,,6200.0,,Confirmed planets
Kepler-239 b,0,,0.21233,11.763051,,,,,,,,,transit,2014.0,14/02/26,19 36 48.5078,+40 39 48.2729,684.6,0.757,0.763,,4914.0,,Confirmed planets
Kepler-239 c,0,,0.22874,56.228098,,,,,,,,,transit,2014.0,14/02/26,19 36 48.5078,+40 39 48.2729,684.6,0.757,0.763,,4914.0,,Confirmed planets
Kepler-1292 b,0,,0.162,3.27646405,,,,,,,,,transit,2016.0,16/05/10,18 59 37.3742,+43 56 56.8655,,0.95,0.93,0.08,5556.0,,Confirmed planets
HAT-P-13 b,0,0.85,1.28,2.916243,0.0426,0.0142,,,,83.3,1504.3,,transit,2009.0,12/04/08,08 39 31.8073,+47 21 07.2756,214.0,1.22,1.56,0.41,5638.0,,Confirmed planets
HAT-P-13 c,0,14.5,,448.2,1.186,0.666,,,,,276.2,,RV,2009.0,14/02/02,08 39 31.8073,+47 21 07.2756,214.0,1.22,1.56,0.41,5638.0,,Confirmed planets
HD 95127 b,0,5.01,,482.0,1.28,0.11,40.0,,,,,,RV,2015.0,15/11/23,10 59 35.08667,+43 48 52.0823,327.0,1.2,20.0,-0.18,4218.0,5.5,Confirmed planets
Gamma Leonis b,2,8.78,,428.5,1.19,0.144,206.7,,157.4,172.1,,,RV,2009.0,15/09/22,10 19 58.427,+19 50 28.53,38.5,1.23,31.88,-0.51,4330.0,,"Confirmed planets, Planets in binary systems, S-type"
WASP-133 b,0,1.16,1.21,2.176423,0.0345,,,,,87.0,1790.0,,transit,2016.0,16/02/04,20 58 18.0896,-35 47 47.7129,547.0,1.16,,0.29,5700.0,,Confirmed planets
Kepler-869 b,0,,0.322,40.4287755,,,,,,,,,transit,2016.0,16/05/10,19 17 41.9012,+50 59 38.7915,965.437,0.97,0.95,0.02,5664.0,,Confirmed planets
Kepler-378 b,0,,0.06835,16.092361,,,,,,,,,transit,2014.0,14/02/26,19 39 47.6677,+46 26 19.1437,154.57,0.666,0.671,,4661.0,,Confirmed planets
Kepler-378 c,0,,0.06379,28.906009,,,,,,,,,transit,2014.0,14/02/26,19 39 47.6677,+46 26 19.1437,154.57,0.666,0.671,,4661.0,,Confirmed planets
Kepler-476 b,0,,0.275,14.00640607,,,,,,,,,transit,2016.0,16/05/10,19 40 39.3094,+43 57 46.9591,,1.03,1.09,0.04,5837.0,,Confirmed planets
Kepler-874 b,0,,0.352,40.0686727,,,,,,,,,transit,2016.0,16/05/10,19 39 49.6484,+43 00 51.5699,1116.45,1.09,1.13,0.03,6020.0,,Confirmed planets
Kepler-1141 b,0,,0.073,2.34451194,,,,,,,,,transit,2016.0,16/05/10,19 22 10.4700,+47 43 33.1758,398.137,1.01,1.07,0.04,5791.0,,Confirmed planets
HD 30669 b,0,0.47,,1684.0,2.69,0.18,82.0,,,,,,RV,2014.0,15/11/21,04 48 28.48561,-28 25 09.4699,57.1,0.92,0.91,0.13,5400.0,4.8,Confirmed planets
Kepler-1003 b,0,,0.159,3.55485691,,,,,,,,,transit,2016.0,16/05/10,19 28 04.9073,+44 52 34.4033,968.054,1.11,1.17,0.01,6109.0,,Confirmed planets
Kepler-158 b,0,,0.1932,16.709184,,,,,,,,,transit,2014.0,14/02/26,18 56 07.7366,+39 46 52.8629,345.84,0.655,0.624,,4623.0,,Confirmed planets
Kepler-158 c,0,,0.17315,28.551383,,,,,,,,,transit,2014.0,14/02/26,18 56 07.7366,+39 46 52.8629,345.84,0.655,0.624,,4623.0,,Confirmed planets
Kepler-995 b,0,,0.241,28.26731672,,,,,,,,,transit,2016.0,16/05/10,18 58 27.7704,+39 07 51.6753,620.424,0.83,0.8,-0.07,5206.0,,Confirmed planets
Kepler-1065 b,0,,0.333,3.60930891,,,,,,,,,transit,2016.0,16/05/10,19 38 02.7170,+38 47 25.7102,1157.54,0.94,0.93,-0.01,5635.0,,Confirmed planets
Kepler-1065 c,0,,0.143,2.37030743,,,,,,,,,transit,2016.0,16/05/10,19 38 02.7170,+38 47 25.7102,1157.54,0.94,0.93,-0.01,5635.0,,Confirmed planets
HD 31253 b,0,0.5,,466.0,1.26,0.3,244.0,,,,,,RV,2010.0,15/11/03,04 54 43.65327,+12 21 07.9133,50.3,1.23,1.71,0.16,5960.0,3.0,Confirmed planets
HIP 97166 b,0,0.063,0.2444,10.28891,0.089,0.16,120.9,,,,757.0,,transit,2021.0,21/10/13,19 44 58.6388,+74 03 45.8533,66.08,0.898,0.836,0.27,5198.0,,Confirmed planets
HIP 97166 c,0,9.9,,16.84,0.124,,178.2,,,,642.0,,RV,2021.0,21/10/13,19 44 58.6388,+74 03 45.8533,66.08,0.898,0.836,0.27,5198.0,,Confirmed planets
Kepler-848 b,0,,0.152,6.91134416,,,,,,,,,transit,2016.0,16/05/10,19 33 09.1820,+48 48 41.8224,1435.54,1.01,1.2,0.15,5695.0,,Confirmed planets
HD 1502 b,0,3.1,,431.8,1.31,0.101,,,,,412.3,,RV,2011.0,12/07/24,00 19 17.0663,+14 03 17.1213,159.0,1.61,4.5,0.09,5049.0,,Confirmed planets
KMT-2019-BLG-0842L b,0,0.03234,,,3.31,,,,,,,,microlensing,2020.0,20/10/08,17 53 50,-29 52 39,3320.0,0.76,,,,,Confirmed planets
Kepler-1372 b,0,,0.113,1.31155557,,,,,,,,,transit,2016.0,16/05/10,19 15 32.7897,+44 50 22.3459,1353.36,0.98,0.97,0.05,5677.0,,Confirmed planets
TOI-2427 b,0,0.0129,0.161,1.3060011,0.0202,,,,,,1117.0,,transit,2022.0,22/01/30,03 29 10.00,-31 21 47.00,28.5,0.64,0.65,,4072.0,,Confirmed planets
HD 89744 A b,2,7.2,,256.0,0.88,0.7,,,,54.0,,,RV,2000.0,12/12/08,10 22 10,+41 13 46,40.0,1.4,2.14,0.18,,,"Confirmed planets, Planets in binary systems, S-type"
Kepler-631 b,0,,0.259,17.97979059,,,,,,,,,transit,2016.0,16/05/10,19 47 32.5802,+40 13 41.5902,778.938,1.24,1.33,0.23,6185.0,,Confirmed planets
Kepler-1555 b,0,,0.144,8.10501635,,,,,,,,,transit,2016.0,16/05/10,19 10 32.5146,+45 42 57.8142,,1.04,1.06,0.03,5866.0,,Confirmed planets
HATS-27 b,0,0.53,1.5,4.637038,0.0611,0.29,,,,87.3,,,transit,2016.0,16/07/28,12 54 12.6109,-46 24 44,840.0,1.415,1.74,0.09,6438.0,2.3,Confirmed planets
Kepler-284 b,0,,0.20413,12.699149,,,,,,,,,transit,2014.0,14/02/26,19 32 35.1575,+47 43 46.7509,1266.39,0.923,0.814,,5615.0,,Confirmed planets
Kepler-284 c,0,,0.23785,37.514456,,,,,,,,,transit,2014.0,14/02/26,19 32 35.1575,+47 43 46.7509,1266.39,0.923,0.814,,5615.0,,Confirmed planets
HD 42618 b,0,0.04531,,149.61,0.554,0.19,101.0,,,,,,RV,2016.0,17/11/27,06 12 00.5669,+06 46 59.0573,24.36,1.015,0.999,-0.09,5727.0,,Confirmed planets
KMT-2018-BLG-1976L b,0,1.96,,,2.04,,,,,,,,microlensing,2021.0,21/04/15,17 45 25.00,-35 42 01.00,5840.0,0.65,,,,,Confirmed planets
HD 184010 d,0,0.45,1.28,836.4,1.92,0.0,0.0,,,,,,RV,2022.0,23/02/22,19 31 22,+26 37 02,60.7993,1.35,4.86,-0.17,4971.0,,Confirmed planets
HD 184010 b,0,0.31,1.08,286.6,0.94,0.0,0.0,,,,,,RV,2022.0,23/02/22,19 31 22,+26 37 02,60.7993,1.35,4.86,-0.17,4971.0,,Confirmed planets
HD 184010 c,0,0.3,1.06,484.3,1.334,0.0,0.0,,,,,,RV,2022.0,23/02/22,19 31 22,+26 37 02,60.7993,1.35,4.86,-0.17,4971.0,,Confirmed planets
TOI-1670 b,0,0.0434,0.1838,10.98462,0.103,0.59,163.6,,,86.87,1062.0,,transit,2022.0,22/03/10,17 16 04.00,+72 09 40.00,165.72,1.21,1.316,0.09,6170.0,,Confirmed planets
TOI-1670 c,0,0.63,0.987,40.74976,0.249,0.09,105.5,,,88.84,684.0,,transit,2022.0,22/03/10,17 16 04.00,+72 09 40.00,165.72,1.21,1.316,0.09,6170.0,,Confirmed planets
Kepler-932 b,0,,0.122,1.9214374,,,,,,,,,transit,2016.0,16/05/10,19 47 48.4952,+43 16 19.0828,471.921,0.87,0.84,-0.01,5331.0,,Confirmed planets
HAT-P-26 b,0,0.059,0.565,4.234516,0.0479,0.124,,,,88.6,907.4,,transit,2010.0,13/05/29,14 12 37.5329,+04 03 36.1176,134.0,0.816,0.788,-0.04,5079.0,,Confirmed planets
WASP-74 b,0,0.95,1.56,2.13775,0.037,,,,,79.81,1910.0,,transit,2014.0,14/10/24,20 18 09.3209,-01 04 32.6103,120.0,1.48,1.64,0.39,5990.0,2.0,Confirmed planets
L 363-38 b,0,0.01469,0.179,8.781,0.048,,,,,,330.0,,RV,2023.0,23/10/15,00 43 25,-41 17 43,10.2295,0.21,0.27,,3129.0,,Confirmed planets
HD 82886 b,0,1.3,,705.0,1.65,0.0,,,,,382.7,,RV,2011.0,12/07/24,09 35 45.1827,+34 46 50.6728,125.0,1.06,4.8,-0.31,5112.0,,Confirmed planets
Kepler-109 b,0,,0.215979,6.48163,0.069,,,,,87.0,,,transit,2014.0,14/02/24,19 21 34.2535,+40 17 05.4976,468.1,1.04,1.32,-0.08,5952.0,5.73,Confirmed planets
Kepler-109 c,0,,0.229648,21.2227,0.152,0.03,,,,89.6,,,transit,2014.0,14/02/24,19 21 34.2535,+40 17 05.4976,468.1,1.04,1.32,-0.08,5952.0,5.73,Confirmed planets
Kepler-1598 b,0,,0.085,4.34195123,,,,,,,,,transit,2016.0,16/05/10,19 13 52.5833,+46 47 01.2658,631.114,1.07,1.09,0.04,5940.0,,Confirmed planets
TOI-269 b,0,0.0277,0.2471,3.6977104,0.0345,0.425,74.0,,,88.14,531.0,,transit,2021.0,21/05/03,05 03 23.00,-54 10 40.00,57.023,0.3917,0.398,-0.29,3514.0,,Confirmed planets
CoRoT-11 b,0,2.49,1.39,2.994325,0.04351,0.0,,,,81.41,1593.4,,transit,2010.0,12/07/02,18 42 44.9499,+05 56 15.6521,560.0,1.27,1.37,-0.03,6440.0,,Confirmed planets
WASP-32 b,0,3.6,1.19,2.718659,0.0394,0.018,,,,85.3,1427.6,,transit,2010.0,14/03/20,00 15 50.8077,+01 12 01.5868,278.2,1.1,1.09,-0.13,6100.0,2.42,Confirmed planets
Kepler-1644 b,0,,0.168,21.0907758,,,,,,,,,transit,2016.0,16/05/10,19 01 54.0173,+48 02 05.6714,,0.89,0.86,-0.1,5499.0,,Confirmed planets
TOI-206 b,0,0.0069,0.116,0.7363104,0.0112,,,,,,910.0,,transit,2022.0,22/01/30,04 54 56.93,-62 31 20.53,47.7,0.35,0.35,,3383.0,,Confirmed planets
Kepler-762 b,0,,1.131,3.7705521,,,,,,,,,transit,2016.0,16/05/10,19 25 06.1560,+47 19 46.2429,,1.06,1.08,0.02,5944.0,,Confirmed planets
Kepler-1453 b,0,,0.238,47.1611696,,,,,,,,,transit,2016.0,16/05/10,19 04 30.1267,+47 56 51.2269,1238.24,0.97,0.94,0.01,5665.0,,Confirmed planets
K2-121 b,0,,0.6816,5.185759,,,,,,89.03,,,transit,2018.0,18/07/24,08 27 44.8140,+17 34 45.8040,160.5,0.727,0.686,-0.14,,,Confirmed planets
GJ 15 A b,2,0.00953,,11.4407,0.072,0.094,55.0,,,,,,RV,2014.0,19/10/10,00 18 22.88532,+44 01 22.6282,3.587,0.375,0.3863,-0.32,3567.0,,"Confirmed planets, Planets in binary systems, S-type"
GJ 15 A c,2,0.11327,,7600.0,5.4,0.27,-58.4,,,,,,RV,2018.0,19/10/10,00 18 22.88532,+44 01 22.6282,3.587,0.375,0.3863,-0.32,3567.0,,"Confirmed planets, Planets in binary systems, S-type"
TOI-813 b,0,,0.599,83.8911,0.423,0.0,,,,89.64,610.0,,transit,2020.0,20/01/30,04 50 47,-60 54 20,265.15,1.32,1.94,0.1,5907.0,,Confirmed planets
Kepler-1358 b,0,,0.1,7.06317341,,,,,,,,,transit,2016.0,16/05/10,19 04 40.9319,+43 00 32.0633,555.71,0.82,0.79,-0.08,5181.0,,Confirmed planets
CoRoT-4 b,0,0.72,1.19,9.20205,0.09,0.0,,,,90.0,975.6,,transit,2008.0,08/11/27,06 48 46.7133,-00 40 21.9695,741.6,1.1,1.15,0.05,6190.0,,Confirmed planets
KOI-1194 b,0,,0.108,4.176,0.0446,,,,,,,,transit,2014.0,15/03/18,19 35 13.0601,+38 38 20.8121,538.387,0.674,0.643,,4523.0,,Confirmed planets
KOI-1194 c,0,,0.234,8.708,0.0727,,,,,,,,transit,2014.0,15/03/18,19 35 13.0601,+38 38 20.8121,538.387,0.674,0.643,,4523.0,,Confirmed planets
KOI-1194.02,0,,0.184,14.8622932,0.1038,,,,,,,,transit,2014.0,15/03/18,19 35 13.0601,+38 38 20.8121,538.387,0.674,0.643,,4523.0,,Kepler Objects of Interest
OGLE-2013-BLG-0341L B b,2,0.005223,,,,,,,,,,,microlensing,2014.0,18/09/18,17 52 07.49,-29 50 46.0,911.0,0.1127,,,,,"Confirmed planets, Planets in binary systems, S-type"
TOI-4463 A b,0,0.794,1.183,2.8807198,0.04036,0.0,,,,83.82,1395.0,,transit,2023.0,23/10/15,18 37 26,+18 43 48,173.117,1.06,1.06,0.25,5640.0,,Confirmed planets
HIP 41378 b,0,,0.26,15.5712,,,,,,88.4,,,transit,2016.0,16/06/29,08 26 28.00,+10 04 49.00,116.0,1.15,1.4,-0.11,6199.0,,Confirmed planets
HIP 41378 c,0,,0.228,31.6978,,,,,,89.58,,,transit,2016.0,16/06/29,08 26 28.00,+10 04 49.00,116.0,1.15,1.4,-0.11,6199.0,,Confirmed planets
HIP 41378 d,0,,0.353,156.0,,,,,,,,,transit,2016.0,21/03/31,08 26 28.00,+10 04 49.00,116.0,1.15,1.4,-0.11,6199.0,,Confirmed planets
HIP 41378 e,0,,0.4916,131.0,,,,,,,,,transit,2016.0,21/03/31,08 26 28.00,+10 04 49.00,116.0,1.15,1.4,-0.11,6199.0,,Confirmed planets
HIP 41378 f,0,,0.91,324.0,,,,,,,,,transit,2016.0,21/03/31,08 26 28.00,+10 04 49.00,116.0,1.15,1.4,-0.11,6199.0,,Confirmed planets
HIP 41378 g,0,0.022,,62.06,0.3227,0.06,,,,,605.0,,RV,2019.0,21/04/14,08 26 28.00,+10 04 49.00,116.0,1.15,1.4,-0.11,6199.0,,Controversial
K2-221 b,0,,0.1499,2.39909,,,,,,85.4,,,transit,2018.0,18/07/24,01 06 37.1952,+10 11 22.8507,344.1,1.011,0.948,0.13,,,Confirmed planets
Kepler-952 b,0,,0.682,130.3546919,,,,,,,,,transit,2016.0,16/05/10,19 01 29.2680,+41 59 38.0283,1354.83,1.0,0.99,0.06,5730.0,,Confirmed planets
Kepler-1139 b,0,,0.106,0.81316672,,,,,,,,,transit,2016.0,16/05/10,19 11 46.9470,+39 13 50.0008,502.285,0.94,0.91,0.05,5550.0,,Confirmed planets
Kepler-651 b,0,,0.211,21.38521506,,,,,,,,,transit,2016.0,16/05/10,19 09 19.8676,+46 12 12.6783,517.01,0.92,0.87,-0.04,5522.0,,Confirmed planets
Kepler-1934 b,0,0.00221,0.081,1.41975999,0.0245,0.0,,,,83.77,1700.0,,transit,2021.0,22/02/01,19 23 41,+37 17 14,428.514,0.97,1.04,-0.14,5925.0,,Confirmed planets
HD 202206 b,0,17.4,,255.87,0.83,0.435,,,,,277.6,,RV,2002.0,10/12/30,21 14 57.7684,-20 47 21.1623,46.34,1.13,1.02,0.37,5750.0,,Confirmed planets
HD 202206 c,0,2.44,,1383.4,2.55,0.267,,,,,159.6,,RV,2004.0,10/12/30,21 14 57.7684,-20 47 21.1623,46.34,1.13,1.02,0.37,5750.0,,Confirmed planets
WASP-178 b,0,1.66,1.81,3.3448285,0.0558,0.0,,,,85.7,2470.0,,transit,2019.0,19/10/10,15 09 04.8930,-42 42 17.7891,418.0,2.07,1.67,0.21,9360.0,,Confirmed planets
Kepler-206 c,0,,0.1613,13.137471,,,,,,,,,transit,2014.0,14/02/26,19 26 32.3159,+41 50 01.9187,661.32,1.021,1.185,,5764.0,,Confirmed planets
Kepler-206 b,0,,0.10936,7.781987,,,,,,,,,transit,2014.0,14/02/26,19 26 32.3159,+41 50 01.9187,661.32,1.021,1.185,,5764.0,,Confirmed planets
Kepler-206 d,0,,0.10845,23.44281,,,,,,,,,transit,2014.0,14/02/26,19 26 32.3159,+41 50 01.9187,661.32,1.021,1.185,,5764.0,,Confirmed planets
K2-233 c,0,,0.119,7.06142,0.06687,0.0,,,,88.95,728.0,,transit,2018.0,18/04/26,15 21 55.1981,-20 13 53.9874,67.64,0.8,0.74,0.07,4950.0,,Confirmed planets
K2-233 d,0,,0.236,24.3662,0.1527,0.0,,,,89.35,482.0,,transit,2018.0,18/04/26,15 21 55.1981,-20 13 53.9874,67.64,0.8,0.74,0.07,4950.0,,Confirmed planets
K2-233 b,0,,0.125,2.46746,0.03317,0.0,,,,88.79,1040.0,,transit,2018.0,18/04/26,15 21 55.1981,-20 13 53.9874,67.64,0.8,0.74,0.07,4950.0,,Confirmed planets
WASP-42 b,0,0.5,1.08,4.9816872,0.0548,0.06,,,,88.25,995.0,,transit,2011.0,12/05/15,12 51 55.5580,-42 04 25.0949,160.0,0.884,0.863,0.05,5200.0,,Confirmed planets
K2-393 b,0,0.0193,0.21,10.413181,,,,,,,,,transit,2022.0,22/03/01,23 14 04,-00 04 56,265.914,0.88,1.07,0.076,5678.0,,Confirmed planets
Kepler-1263 b,0,,0.102,4.55139967,,,,,,,,,transit,2016.0,16/05/10,19 05 56.0701,+46 45 09.4484,677.736,0.84,0.8,-0.03,5213.0,,Confirmed planets
Kepler-1680 b,0,,0.121,8.77424,,,,,,,,,transit,2020.0,20/09/03,19 48 18,+39 56 02,313.12,,0.7,,4975.5,,Confirmed planets
TOI-628 b,0,6.33,1.06,3.4095675,0.0486,0.07,286.0,,,88.4,1586.0,,transit,2021.0,21/01/07,06 37 03.00,+01 46 03.00,178.5,1.311,1.345,0.26,6250.0,,Confirmed planets
Kepler-962 b,0,,0.176,12.05707239,,,,,,,,,transit,2016.0,16/05/10,19 41 15.1561,+46 14 14.9841,416.441,0.93,0.86,0.01,5478.0,,Confirmed planets
CoRoT-23 b,0,2.8,1.05,3.6314,0.0477,0.16,,,,85.7,1508.9,,transit,2011.0,11/09/20,18 39 07.8405,+04 21 28.0346,600.0,1.14,1.61,0.05,5900.0,,Confirmed planets
Kepler-1543 b,0,,0.242,6.96710269,,,,,,,,,transit,2016.0,16/05/10,19 48 29.8375,+47 02 13.3411,946.79,1.39,1.65,0.07,6561.0,,Confirmed planets
2M 0746+20 b,0,30.0,0.97,4640.0,2.897,0.487,,,,138.2,,,imaging,2010.0,12/01/20,07 46 42.562,+20 00 32.18,12.21,0.12,0.089,,2205.0,,Confirmed planets
HD 199509 b,0,0.136,0.663,99.62167,0.426,0.373,316.962,,,,,,RV,2022.0,23/10/15,21 09 23,-82 01 39,24.3056,1.04,0.92,-0.308,5796.02,,Confirmed planets
HD 102329 b,0,5.9,,778.1,2.03,0.211,182.0,,,,,,RV,2011.0,17/12/10,11 46 46.6450,+03 28 27.4582,229.0,1.3,6.3,0.3,4830.0,,Confirmed planets
HD 102329 c,0,1.52,,1123.0,2.31,0.209,21.0,,,,,,RV,2016.0,17/12/10,11 46 46.6450,+03 28 27.4582,229.0,1.3,6.3,0.3,4830.0,,Confirmed planets
Kepler-885 b,0,,0.223,18.11472949,,,,,,,,,transit,2016.0,16/05/10,19 14 38.7788,+49 44 13.9345,663.702,1.21,1.35,0.11,6187.0,,Confirmed planets
Kepler-749 b,0,,0.277,17.31716585,,,,,,,,,transit,2016.0,16/05/10,19 59 35.3422,+43 54 14.0975,735.186,0.79,0.75,-0.11,5009.0,,Confirmed planets
Kepler-1341 b,0,,0.267,132.9968322,,,,,,,,,transit,2016.0,16/05/10,18 42 02.8133,+44 09 33.7016,483.582,0.79,0.72,0.19,4662.0,,Confirmed planets
HD 214823 b,0,19.2,,1877.0,3.18,0.154,125.9,,,,,,RV,2016.0,17/11/27,22 40 19.8703,+31 47 15.3456,94.43,1.22,,0.17,6215.0,2.7,Confirmed planets
HD 332231 b,0,0.244,0.867,18.71204,0.1436,0.032,47.0,,,89.68,876.0,,transit,2020.0,20/05/21,20 26 57.9179,+33 44 40.0246,80.85,1.13,1.28,0.036,6089.0,,Confirmed planets
Kepler-936 b,0,,0.129,10.56134221,,,,,,,,,transit,2016.0,16/05/10,19 34 18.6712,+46 44 10.7114,,0.92,0.89,0.05,5482.0,,Confirmed planets
Upsilon Andromedae A b,2,1.78,,4.61716,0.059408,0.011769,51.14,,7.28,22.99,1440.1,,RV,1996.0,15/03/16,01 36 48,+41 24 38,13.47,1.27,1.631,0.09,6212.0,3.1,"Confirmed planets, Planets in binary systems, S-type"
Upsilon Andromedae A c,2,10.78,,241.02,0.83158,0.247042,248.74,,256.34,10.09,375.6,,RV,1999.0,15/03/16,01 36 48,+41 24 38,13.47,1.27,1.631,0.09,6212.0,3.1,"Confirmed planets, Planets in binary systems, S-type"
Upsilon Andromedae A d,2,8.86,,1282.57,2.533539,0.24909,253.27,,9.97,28.3,218.0,,RV,1999.0,15/03/16,01 36 48,+41 24 38,13.47,1.27,1.631,0.09,6212.0,3.1,"Confirmed planets, Planets in binary systems, S-type"
Upsilon Andromedae A e,2,1.059,,3848.86,5.2456,0.00536,,,,,150.6,,RV,2010.0,15/03/16,01 36 48,+41 24 38,13.47,1.27,1.631,0.09,6212.0,3.1,"Controversial, Planets in binary systems, S-type"
Kepler-1525 b,0,,0.081,2.41660118,,,,,,,,,transit,2016.0,16/05/10,19 22 14.2805,+49 56 34.8625,387.252,1.07,1.04,0.27,5748.0,,Confirmed planets
Kepler-38 (AB) b,1,,0.39641678,105.595,0.4644,0.032,,,,90.182,,,transit,2012.0,12/08/24,19 07 19,+42 16 45,1215.8,,,,,,"Confirmed planets, Planets in binary systems, P-type"
HD 95544 b,0,6.84,,2172.0,3.386,0.043,179.0,,,,156.5,,RV,2021.0,21/07/13,11 05 18.9816,+81 02 21.0624,88.02,1.09,1.088,0.11,5722.0,,Confirmed planets
OGLE-2016-BLG-1227L b,0,0.79,,,3.4,,,,,,,,microlensing,2020.0,20/03/19,17 42 23,-33 45 35,,0.1,,,,,Confirmed planets
HD 49674 b,0,0.115,,4.9437,0.058,0.23,,,,,969.8,,RV,2002.0,10/12/22,06 51 30.5163,+40 52 03.9255,40.7,1.07,0.94,0.25,5482.0,,Confirmed planets
Kepler-1476 b,0,,0.149,10.35863224,,,,,,,,,transit,2016.0,16/05/10,18 58 07.7045,+43 59 23.7500,1032.1,0.98,0.96,0.06,5663.0,,Confirmed planets
HD 11977 b,0,6.5,,621.6,1.89,0.3,35.5,,,,,,RV,2005.0,15/05/24,01 54 56.1320,-67 38 50.2946,66.5,2.31,13.0,-0.16,4975.0,,Confirmed planets
KMT-2021-BLG-1391L b,0,0.01432,0.176,,2.29,,,,,,,,microlensing,2022.0,23/10/15,18 02 44,-28 03 38,5720.0,0.37,,,,,Confirmed planets
Kepler-93 b,0,0.0126,0.1319,4.72673978,0.053,0.0,,,,0.1765,,,transit,2014.0,15/01/06,19 25 40.3888,+38 40 20.4113,96.7,0.911,0.919,-0.18,5669.0,6.6,Confirmed planets
Kepler-93 c,0,,,,,,,,,,,,RV,2014.0,15/01/06,19 25 40.3888,+38 40 20.4113,96.7,0.911,0.919,-0.18,5669.0,6.6,Controversial
Epsilon Indi A b,2,2.71,,19205.51,12.82,0.01,88.56,,,,,,RV,2018.0,18/03/24,22 03 21.6542294981,-56 47 09.537018193,3.6389,0.762,0.732,-0.06,4568.0,,"Confirmed planets, Planets in binary systems, S-type"
HD 204941 b,0,0.266,,1733.0,2.56,0.37,,,,,117.2,,RV,2011.0,11/08/02,21 32 23.5099,-20 57 26.7196,27.0,0.74,0.72,-0.19,5056.0,,Confirmed planets
Kepler-388 b,0,,0.07382,3.173315,,,,,,,,,transit,2014.0,14/02/26,18 59 18.7297,+44 36 31.4127,399.01,0.635,0.586,,4498.0,,Confirmed planets
Kepler-388 c,0,,0.07837,13.297004,,,,,,,,,transit,2014.0,14/02/26,18 59 18.7297,+44 36 31.4127,399.01,0.635,0.586,,4498.0,,Confirmed planets
K2-277 b,0,,0.185,6.326763,0.0675,,,,,,958.0,,transit,2018.0,18/10/26,13 28 03.9915,-15 56 16.1503,113.53,1.02,0.97,0.11,5741.0,,Confirmed planets
WASP-82 b,0,1.24,1.67,2.705782,0.0447,,,,,87.9,2190.0,,transit,2013.0,13/10/22,04 50 38.5586,+01 53 38.1037,200.0,1.63,2.18,0.12,6490.0,,Confirmed planets
Kepler-1620 b,0,,0.144,101.951829,,,,,,,,,transit,2016.0,16/05/10,19 49 05.0158,+46 55 42.3310,,1.15,1.23,0.03,6157.0,,Confirmed planets
K2-192 b,0,,0.1401,4.16322,,,,,,88.4,,,transit,2018.0,18/07/24,13 46 19.7439,-11 33 22.5211,257.8,0.873,0.828,0.05,,,Confirmed planets
HD 134606 b,0,0.0292,,12.083,0.1023,0.15,,,,,817.0,,RV,2011.0,11/09/12,15 15 15.0442,-70 31 10.6439,26.5,,,,5940.0,,Confirmed planets
HD 134606 c,0,0.0382,,59.519,0.2962,0.29,,,,,478.2,,RV,2011.0,11/09/12,15 15 15.0442,-70 31 10.6439,26.5,,,,5940.0,,Confirmed planets
HD 134606 d,0,0.121,,459.26,1.1567,0.46,,,,,239.9,,RV,2011.0,11/09/12,15 15 15.0442,-70 31 10.6439,26.5,,,,5940.0,,Confirmed planets
Kepler-1348 b,0,,0.173,27.5722742,,,,,,,,,transit,2016.0,16/05/10,19 28 20.9881,+49 47 19.4462,1257.7,1.04,1.04,-0.01,5911.0,,Confirmed planets
Kepler-272 c,0,,0.16312,6.057342,,,,,,,,,transit,2014.0,14/02/26,19 56 30.6090,+47 35 37.8159,758.79,0.79,0.929,,5297.0,,Confirmed planets
Kepler-272 d,0,,0.20504,10.937304,,,,,,,,,transit,2014.0,14/02/26,19 56 30.6090,+47 35 37.8159,758.79,0.79,0.929,,5297.0,,Confirmed planets
Kepler-272 b,0,,0.13032,2.971353,,,,,,,,,transit,2014.0,14/02/26,19 56 30.6090,+47 35 37.8159,758.79,0.79,0.929,,5297.0,,Confirmed planets
HD 142 A b,2,1.25,,349.7,1.02,0.17,,,,,249.8,,RV,2001.0,12/12/04,00 06 19,-49 04 30,20.6,1.15,1.43,0.04,6249.0,4.3,"Confirmed planets, Planets in binary systems, S-type"
HD 142 A c,2,5.3,,6005.0,6.8,0.21,,,,,,,RV,2012.0,12/12/04,00 06 19,-49 04 30,20.6,1.15,1.43,0.04,6249.0,4.3,"Confirmed planets, Planets in binary systems, S-type"
Kepler-277 b,0,0.27619,0.2661,17.324,,,,,,,,,transit,2013.0,13/09/13,19 06 19.9577,+39 04 37.8616,951.43,1.19,1.65,,5946.0,5.0,Confirmed planets
Kepler-277 c,0,0.20856,0.3062,33.006,,,,,,,,,transit,2013.0,13/09/13,19 06 19.9577,+39 04 37.8616,951.43,1.19,1.65,,5946.0,5.0,Confirmed planets
Kepler-1536 b,0,,0.28,364.758031,,,,,,,,,transit,2016.0,16/05/10,19 26 20.4482,+45 42 56.7755,391.558,0.71,0.67,0.05,4434.0,,Confirmed planets
Kepler-464 b,0,,0.294,7.25696522,,,,,,,,,transit,2016.0,16/05/10,19 39 20.4364,+48 58 56.4926,680.596,1.21,1.59,0.19,5933.0,,Confirmed planets
KOI-7913 b,0,,0.1998,24.278571,,,,,,,,,transit,2022.0,22/05/04,19 07 00.00,+45 09 31.00,273.24,0.76,0.79,,,,Confirmed planets
Kepler-905 b,0,,0.126,5.08274652,,,,,,,,,transit,2016.0,16/05/10,19 20 12.2663,+46 42 48.1664,537.461,0.95,0.86,0.09,5461.0,,Confirmed planets
HD 13724 b,0,26.77,,14763.405,12.4,0.34,187.5,,,,,,RV,2019.0,19/04/11,02 12 20.6773,-46 48 58.9566,43.52,1.14,1.07,0.23,5868.0,,Confirmed planets
KOI-285 b,0,,0.326,13.748933,0.118,0.17,,,,,934.0,,transit,2013.0,15/06/09,19 16 20.6547,+41 33 46.6526,367.56,1.209,1.719,,5883.0,5.2,Confirmed planets
KOI-285 c,0,,0.219,26.72311,0.184,0.04,,,,,748.0,,transit,2013.0,15/06/09,19 16 20.6547,+41 33 46.6526,367.56,1.209,1.719,,5883.0,5.2,Confirmed planets
KOI-285 d,0,,0.1844,49.3568,0.278,0.07,,,,,608.0,,transit,2014.0,15/06/09,19 16 20.6547,+41 33 46.6526,367.56,1.209,1.719,,5883.0,5.2,Confirmed planets
Kepler-1572 b,0,,0.084,5.49548621,,,,,,,,,transit,2016.0,16/05/10,18 47 35.3570,+46 43 21.5465,973.141,0.97,0.95,0.08,5618.0,,Confirmed planets
Kepler-1280 b,0,,0.167,66.5579057,,,,,,,,,transit,2016.0,16/05/10,19 34 17.7341,+45 23 04.2912,1553.0362,1.2,1.32,0.04,6227.0,,Confirmed planets
HD 96127 b,0,4.0,,647.3,1.4,0.3,162.0,,,,,,RV,2011.0,15/11/17,11 05 45.94825,+44 18 05.6092,483.0,0.91,35.0,-0.24,4152.0,,Confirmed planets
WASP-185 b,0,0.98,1.25,9.38755,0.0904,0.24,-42.0,,,86.8,1160.0,,transit,2019.0,19/10/10,14 16 14.3136,-19 32 32.2084,275.0,1.12,1.5,-0.02,5900.0,,Confirmed planets
TOI-2411 b,0,0.0123,0.1499,0.7826942,0.0144,,,,,,1355.0,,transit,2022.0,22/01/30,01 23 42.00,-08 42 05.00,59.5,0.65,0.68,,4099.0,,Confirmed planets
WASP-147 b,0,0.275,1.115,4.60273,0.0549,0.0,,,,87.9,1404.0,,transit,2018.0,18/11/01,23 56 45.9687,-22 09 11.5256,426.0,1.04,1.43,0.092,5702.0,,Confirmed planets
Kepler-674 b,0,,0.151,2.24338185,,,,,,,,,transit,2016.0,16/05/10,19 00 42.2888,+50 08 59.2409,345.638,0.6,0.57,-0.27,4192.0,,Confirmed planets
Kepler-1300 b,0,,0.122,22.2419092,,,,,,,,,transit,2016.0,16/05/10,19 16 07.9257,+40 05 12.8003,794.597,1.29,1.79,0.05,6130.0,,Confirmed planets
TOI-122 b,0,0.0277,0.2427,5.07803,0.0392,,,,,88.4,431.0,,transit,2020.0,20/11/05,22 11 47.00,-58 56 42.00,62.23,0.312,0.334,,3403.0,,Confirmed planets
TOI-270 b,0,,0.111,3.36008,0.0306,0.0,,,,88.65,528.0,,transit,2019.0,19/08/01,04 33 40,-51 57 22,22.45,0.4,0.38,-0.17,3386.0,,Confirmed planets
TOI-270 c,0,,0.216,5.660172,0.0472,0.0,,,,89.53,424.0,,transit,2019.0,19/08/01,04 33 40,-51 57 22,22.45,0.4,0.38,-0.17,3386.0,,Confirmed planets
TOI-270 d,0,,0.19,11.38014,0.0733,0.0,,,,89.69,340.0,,transit,2019.0,19/08/01,04 33 40,-51 57 22,22.45,0.4,0.38,-0.17,3386.0,,Confirmed planets
TOI-2076 b,0,,0.2928,10.35566,0.0631,,,,,88.9,870.0,,transit,2021.0,21/07/13,14 29 34.2428,+39 47 25.5449,41.906,0.85,0.761,-0.032,5187.0,,Confirmed planets
TOI-2076 c,0,,4.438,,0.0885,,,,,88.84,734.0,,transit,2021.0,21/07/13,14 29 34.2428,+39 47 25.5449,41.906,0.85,0.761,-0.032,5187.0,,Confirmed planets
TOI-2076 d,0,,0.3693,,0.1138,,,,,88.607,648.0,,transit,2021.0,21/07/13,14 29 34.2428,+39 47 25.5449,41.906,0.85,0.761,-0.032,5187.0,,Confirmed planets
TOI-481 b,0,1.53,0.99,10.33111,0.097,0.153,64.8,,,89.2,1370.0,,transit,2020.0,20/12/17,07 22 02.9954,-57 23 05.5994,180.29,1.14,1.66,0.26,5735.0,,Confirmed planets
Kepler-603 b,0,,0.236,21.05358596,,,,,,,,,transit,2016.0,16/05/10,19 37 07.4362,+42 17 27.3926,,1.01,1.01,0.03,5808.0,,Confirmed planets
Kepler-603 c,0,,0.58,127.9075774,,,,,,,,,transit,2016.0,16/05/10,19 37 07.4362,+42 17 27.3926,,1.01,1.01,0.03,5808.0,,Confirmed planets
Kepler-603 d,0,,0.118,6.2171292,,,,,,,,,transit,2016.0,16/05/10,19 37 07.4362,+42 17 27.3926,,1.01,1.01,0.03,5808.0,,Confirmed planets
Kepler-766 b,0,,0.302,6.10027804,,,,,,,,,transit,2016.0,16/05/10,19 32 44.2857,+37 58 11.4005,,1.1,1.15,0.09,5992.0,,Confirmed planets
Kepler-144 b,0,,0.1212,5.885273,,,,,,,,,transit,2014.0,14/02/26,18 47 39.7572,+42 46 31.8438,385.13,1.154,1.235,,6075.0,,Confirmed planets
Kepler-144 c,0,,0.12303,10.104665,,,,,,,,,transit,2014.0,14/02/26,18 47 39.7572,+42 46 31.8438,385.13,1.154,1.235,,6075.0,,Confirmed planets
Kepler-765 b,0,,0.217,27.6655226,,,,,,,,,transit,2016.0,16/05/10,18 52 44.3158,+47 09 20.3795,1110.74,1.05,1.06,0.04,5901.0,,Confirmed planets
Kepler-1502 b,0,,0.284,41.7083629,,,,,,,,,transit,2016.0,16/05/10,19 44 25.9022,+39 19 11.7224,1581.53,1.44,1.72,0.05,6666.0,,Confirmed planets
Kepler-1384 b,0,,0.173,15.36262753,,,,,,,,,transit,2016.0,16/05/10,19 44 52,+39 31 37,,0.78,0.74,-0.06,4919.0,,Confirmed planets
FW Tau b,1,10.0,,,,,,,,,,,imaging,2013.0,13/12/02,04 29 30,+26 16 53,145.0,,,,,,"Confirmed planets, Planets in binary systems, P-type"
HD 148164 b,0,1.23,,328.55,0.993,0.587,141.5,,,,,,RV,2018.0,18/09/27,16 25 44.5337,+11 55 08.6382,77.37,1.21,1.34,0.24,6032.0,,Confirmed planets
HD 148164 c,0,5.16,,5062.0,6.15,0.125,152.0,,,,,,RV,2018.0,18/09/27,16 25 44.5337,+11 55 08.6382,77.37,1.21,1.34,0.24,6032.0,,Confirmed planets
HATS-11 b,0,0.85,1.51,3.6191613,0.04614,0.34,,,,88.31,,,transit,2016.0,16/05/01,19 17 36.1800,-22 23 23.7210,906.0,1.0,1.44,-0.39,6060.0,7.7,Confirmed planets
Kepler-1064 b,0,,0.138,16.54080322,,,,,,,,,transit,2016.0,16/05/10,19 26 57.9797,+37 41 19.7172,,0.85,0.79,0.0,5153.0,,Confirmed planets
WASP-193 b,0,0.139,1.464,6.2463345,0.0676,0.056,,,,88.49,1254.0,,transit,2023.0,23/10/15,10 57 24,-29 59 50,362.087,1.06,1.24,-0.06,6078.0,,Confirmed planets
Kepler-276 c,0,,0.30984,31.884362,,,,,,,,,transit,2014.0,14/02/26,19 34 16.3566,+39 02 10.7072,1559.37,1.05,1.046,,6105.0,,Confirmed planets
Kepler-276 b,0,,0.26154,14.12841,,,,,,,,,transit,2014.0,14/02/26,19 34 16.3566,+39 02 10.7072,1559.37,1.05,1.046,,6105.0,,Confirmed planets
Kepler-276 d,0,,0.25608,48.648869,,,,,,,,,transit,2014.0,14/02/26,19 34 16.3566,+39 02 10.7072,1559.37,1.05,1.046,,6105.0,,Confirmed planets
K2-141 b,0,0.01598,0.135,0.2803244,,0.0,90.0,,,86.3,,,transit,2018.0,18/01/18,23 23 39.9710,-01 11 21.4507,61.98,0.71,0.68,-0.06,4599.0,,Confirmed planets
K2-141 c,0,0.02328,0.624,7.7485,,0.0,90.0,,,87.2,,,transit,2018.0,18/01/18,23 23 39.9710,-01 11 21.4507,61.98,0.71,0.68,-0.06,4599.0,,Confirmed planets
Kepler-1015 b,0,,0.317,16.00494214,,,,,,,,,transit,2016.0,16/05/10,19 31 01.7543,+43 25 36.7574,755.173,1.49,1.81,0.06,6769.0,,Confirmed planets
HD 149143 b,0,1.36,,4.088,0.052,0.0,,,,,1389.4,,RV,2005.0,10/12/23,16 32 51.0508,+02 05 05.3814,63.0,1.1,,0.26,5730.0,,Confirmed planets
Kepler-669 b,0,,0.431,4.12554687,,,,,,,,,transit,2016.0,16/05/10,19 27 44.6816,+49 15 14.3440,,1.15,1.2,0.14,6038.0,,Confirmed planets
HD 185603 b,0,3.518,1.735,3.4741085,0.0542,,,3.4,,86.2,,,transit,2017.0,17/07/11,19 38 38.7352,+31 13 09.2157,137.0,2.0,1.561,-0.29,8981.0,0.3,Confirmed planets
HD 8673 b,2,14.2,,1634.0,3.02,0.723,,,,,194.3,,RV,2010.0,10/06/24,01 26 08,+34 34 46,36.1,1.312,1.54,,6413.0,,"Confirmed planets, Planets in binary systems, S-type"
Kepler-266 b,0,,0.226,6.61833,,,,,,,,,transit,2014.0,14/02/26,19 37 56.2536,+44 10 00.9914,1577.36,1.06,1.028,,5885.0,,Confirmed planets
Kepler-266 c,0,,0.3545,107.723601,,,,,,,,,transit,2014.0,14/02/26,19 37 56.2536,+44 10 00.9914,1577.36,1.06,1.028,,5885.0,,Confirmed planets
Kepler-944 b,0,,0.235,43.3167737,,,,,,,,,transit,2016.0,16/05/10,19 34 24.3086,+42 22 47.2932,1401.74,0.86,0.83,-0.11,5409.0,,Confirmed planets
Kepler-1287 b,0,,0.137,11.47685909,,,,,,,,,transit,2016.0,16/05/10,19 16 32.3121,+47 03 46.8506,1032.74,0.96,0.94,-0.05,5715.0,,Confirmed planets
KELT-18 b,0,1.18,1.57,2.8717518,0.0455,0.0,,,,88.86,,,transit,2017.0,17/02/07,14 26 05.7579,+59 26 39.2888,331.0,1.524,1.908,0.09,6670.0,1.9,Confirmed planets
HD 95086 b,0,4.4,1.32,,,,,,,,,,imaging,2013.0,17/12/04,10 57 03.0215,-68 40 02.4468,83.8,1.7,,,7609.0,0.017,Confirmed planets
Kepler-344 b,0,,0.23785,21.963945,,,,,,,,,transit,2014.0,14/02/26,19 29 59.9116,+46 19 27.8498,1307.52,0.93,0.976,,5774.0,,Confirmed planets
Kepler-344 c,0,,0.26883,125.596809,,,,,,,,,transit,2014.0,14/02/26,19 29 59.9116,+46 19 27.8498,1307.52,0.93,0.976,,5774.0,,Confirmed planets
K2-257 b,0,,0.074,1.60588,0.0216,,,,,,789.0,,transit,2018.0,18/07/12,12 33 06.8369,-01 57 11.3892,64.1,0.52,0.5,-0.03,3725.0,,Confirmed planets
CoRoT-26 b,0,0.52,1.26,4.20474,0.0526,0.0,,,,86.8,,,transit,2013.0,13/05/24,18 39 00.1185,+06 58 11.3304,1670.0,1.09,1.79,0.01,5590.0,,Confirmed planets
Kepler-229 c,0,,0.44836,16.068638,,,,,,,,,transit,2014.0,14/02/26,19 07 59.8762,+48 22 32.9167,949.11,0.794,0.728,,5120.0,,Confirmed planets
Kepler-229 d,0,,0.35085,41.194912,,,,,,,,,transit,2014.0,14/02/26,19 07 59.8762,+48 22 32.9167,949.11,0.794,0.728,,5120.0,,Confirmed planets
Kepler-229 b,0,,0.20049,6.252972,,,,,,,,,transit,2014.0,14/02/26,19 07 59.8762,+48 22 32.9167,949.11,0.794,0.728,,5120.0,,Confirmed planets
Kepler-1132 b,0,,0.21,62.8916228,,,,,,,,,transit,2016.0,16/05/10,19 05 28.2103,+48 25 26.1603,889.838,0.87,0.83,-0.01,5298.0,,Confirmed planets
Kepler-484 b,0,,0.203,10.04556931,,,,,,,,,transit,2016.0,16/05/10,18 57 34.6390,+46 14 56.8372,386.384,0.96,0.87,-0.1,5668.0,,Confirmed planets
HD 213240 A b,2,4.5,,951.0,2.03,0.45,,,,,,,RV,2001.0,12/12/08,22 31 00,-49 25 59,40.75,1.22,1.5,0.16,,3.6,"Confirmed planets, Planets in binary systems, S-type"
Kepler-1670 b,0,,0.299,20.4998,,,,,,,,,transit,2020.0,20/09/03,19 21 18,+43 07 19,2198.41,,1.57,,5766.0,,Confirmed planets
Kepler-1318 b,0,,0.277,213.257663,,,,,,,,,transit,2016.0,16/05/10,19 21 30.3095,+41 09 02.6865,481.788,0.73,0.7,-0.01,4598.0,,Confirmed planets
GJ 9689 b,0,0.03036,,18.27,0.1139,0.29,173.7,,,,450.0,,RV,2021.0,21/05/14,20 13 51.8072,+13 23 19.7141,30.686,0.59,0.57,0.05,3836.0,,Confirmed planets
Kepler-386 c,0,,0.14399,25.193458,,,,,,,,,transit,2014.0,14/02/26,19 19 26.1284,+48 41 37.8381,927.61,0.781,0.767,,5178.0,,Confirmed planets
Kepler-386 b,0,,0.12667,12.31043,,,,,,,,,transit,2014.0,14/02/26,19 19 26.1284,+48 41 37.8381,927.61,0.781,0.767,,5178.0,,Confirmed planets
Kepler-562 b,0,,0.465,18.00931444,,,,,,,,,transit,2016.0,16/05/10,19 20 28.7065,+46 16 25.6507,1021.76,0.93,0.9,-0.04,5575.0,,Confirmed planets
Kepler-1982 b,0,0.0012,0.077,3.82315697,0.0511,0.0,,,,89.7,1282.0,,transit,2023.0,23/10/15,19 09 38,+39 39 31,558.855,1.21,1.12,0.21,6202.0,,Confirmed planets
Kepler-268 b,0,,0.23238,25.934138,,,,,,,,,transit,2014.0,14/02/26,19 27 54.2839,+38 03 18.2101,875.31,1.13,1.274,,6081.0,,Confirmed planets
Kepler-268 c,0,,0.30802,83.446393,,,,,,,,,transit,2014.0,14/02/26,19 27 54.2839,+38 03 18.2101,875.31,1.13,1.274,,6081.0,,Confirmed planets
Kepler-575 b,0,,0.213,9.37891944,,,,,,,,,transit,2016.0,16/05/10,19 07 51.3325,+37 49 46.8968,875.35,0.97,0.95,0.0,5710.0,,Confirmed planets
TOI-1235 b,0,0.02174,0.155,3.444729,0.03845,0.15,,,,88.1,754.0,,transit,2020.0,20/06/04,10 08 52,+69 16 36,39.63,0.64,0.63,0.05,3872.0,,Confirmed planets
Kepler-544 b,0,,0.189,21.41616926,,,,,,,,,transit,2016.0,16/05/10,19 36 06.9841,+39 03 06.6075,990.589,1.16,1.22,0.02,6206.0,,Confirmed planets
HD 125271 b,0,11.05674,1.11,14901.99295308,10.780317,0.165353,164.7156,,,93.088,,,RV,2022.0,22/09/27,14 26 35,-81 27 15,39.3466,0.75,0.75,-0.22,4703.93,,Confirmed planets
Kepler-590 b,0,,0.359,5.85296257,,,,,,,,,transit,2016.0,16/05/10,19 45 32.5297,+48 14 00.3614,1482.36,1.1,1.15,0.07,6000.0,,Confirmed planets
HD 93963 A b,0,,0.1204,1.0391353,0.02085,,,,,86.21,2042.0,,transit,2022.0,22/07/29,10 51 07.00,+25 38 28.00,82.34,1.109,1.043,0.1,5987.0,,Confirmed planets
HD 93963 A c,0,,0.28799,3.6451398,0.04813,,,,,,1344.0,,transit,2022.0,22/07/29,10 51 07.00,+25 38 28.00,82.34,1.109,1.043,0.1,5987.0,,Confirmed planets
KMT-2017-BLG-0165L b,0,0.10698,,,3.45,,,,,,,,microlensing,2018.0,19/07/25,17 58 36,-28 08 01,4530.0,0.76,,,,,Confirmed planets
Kepler-337 c,0,,0.18682,9.693201,,,,,,,,,transit,2014.0,14/02/26,19 20 14.5173,+47 09 50.1943,674.39,1.021,1.761,,5684.0,,Confirmed planets
Kepler-337 b,0,,0.14034,3.292781,,,,,,,,,transit,2014.0,14/02/26,19 20 14.5173,+47 09 50.1943,674.39,1.021,1.761,,5684.0,,Confirmed planets
Kepler-226 c,0,,0.20687,5.349555,,,,,,,,,transit,2014.0,14/02/26,19 29 30.2722,+47 52 51.5795,1017.85,0.912,0.802,,5571.0,,Confirmed planets
Kepler-226 b,0,,0.14125,3.940997,,,,,,,,,transit,2014.0,14/02/26,19 29 30.2722,+47 52 51.5795,1017.85,0.912,0.802,,5571.0,,Confirmed planets
Kepler-226 d,0,,0.11118,8.109044,,,,,,,,,transit,2014.0,14/02/26,19 29 30.2722,+47 52 51.5795,1017.85,0.912,0.802,,5571.0,,Confirmed planets
Kepler-1389 b,0,,0.158,99.2530951,,,,,,,,,transit,2016.0,16/05/10,19 02 52.1837,+44 45 30.2644,504.312,0.81,0.74,-0.14,5078.0,,Confirmed planets
Kepler-1248 b,0,,0.105,7.46725407,,,,,,,,,transit,2016.0,16/05/10,19 12 14.2344,+51 21 16.0322,,1.21,1.21,0.24,6149.0,,Confirmed planets
HIP 79431 b,0,2.1,,111.7,0.36,0.29,,,,,146.8,,RV,2010.0,10/01/11,16 12 41.7802,-18 52 31.8112,14.4,0.49,,0.4,3191.0,,Confirmed planets
WASP-78 b,0,1.16,1.75,2.17517656,0.0415,0.0,,,,89.0,2006.7,,transit,2012.0,12/06/07,04 15 01.5043,-22 06 59.1039,550.0,2.02,2.31,-0.35,6100.0,,Confirmed planets
Kepler-1122 b,0,,0.182,42.1917357,,,,,,,,,transit,2016.0,16/05/10,19 13 07.3364,+46 20 27.1432,1275.35,0.92,0.89,-0.03,5544.0,,Confirmed planets
YBP1194 b,0,0.3334,,6.96,,0.31,109.16,,,,,,RV,2014.0,18/03/23,08 51 00.807,+11 48 52.76,843.0,1.01,0.99,0.023,5780.0,4.0,"Confirmed planets, Planets in open clusters"
K2-265 b,0,0.02058,0.153,2.369172,0.03376,0.084,,,,87.7,,,transit,2018.0,18/10/04,22 48 07.5636,-14 29 40.8423,139.22,0.92,0.98,0.078,5477.0,,Confirmed planets
Kepler-1237 b,0,,0.255,84.5733226,,,,,,,,,transit,2016.0,16/05/10,19 42 31.0279,+44 41 26.1857,1096.01,0.94,0.9,0.12,5472.0,,Confirmed planets
TOI-532 b,0,0.1935,0.5192,2.32666508,0.0296,0.0,,,,88.08,867.0,,transit,2021.0,21/07/30,05 40 19.21,+11 33 45.48,134.61,0.639,0.612,0.38,3957.0,,Confirmed planets
HD 167042 b,0,1.7,,420.77,1.32,0.089,85.7,,,,,,RV,2007.0,15/09/20,18 10 31.64008,+54 17 11.5922,50.23,1.72,4.3,0.05,5020.0,,Confirmed planets
Kepler-76 b,0,2.01,1.36,1.54492875,,,,,,78.0,,,transit,2013.0,15/12/03,19 36 46.1090,+39 37 08.3407,842.886,1.2,1.32,-0.1,6409.0,,Confirmed planets
K2-351 b,0,0.022,0.227,7.806164,,,,,,,934.0,,transit,2016.0,21/10/03,13 46 37,-11 48 18,694.734,1.02,1.05,0.08,5769.0,,Confirmed planets
HD 37124 b,0,0.675,,154.378,0.53364,0.054,,,,,306.6,,RV,1999.0,11/01/07,05 37 02.4866,+20 43 50.8346,33.0,0.83,0.82,-0.442,5610.0,,Confirmed planets
HD 37124 c,0,0.652,,885.5,1.71,0.125,,,,,171.1,,RV,2005.0,11/01/07,05 37 02.4866,+20 43 50.8346,33.0,0.83,0.82,-0.442,5610.0,,Confirmed planets
HD 37124 d,0,0.696,,1862.0,2.807,0.16,,,,,133.5,,RV,2003.0,11/01/07,05 37 02.4866,+20 43 50.8346,33.0,0.83,0.82,-0.442,5610.0,,Confirmed planets
Kepler-173 c,0,,0.22145,8.005777,,,,,,,,,transit,2014.0,14/02/26,19 38 35.1938,+41 53 02.8679,809.64,1.06,0.949,,6031.0,,Confirmed planets
Kepler-173 b,0,,0.11756,4.263742,,,,,,,,,transit,2014.0,14/02/26,19 38 35.1938,+41 53 02.8679,809.64,1.06,0.949,,6031.0,,Confirmed planets
HD 5891 b,0,7.6,,177.11,0.76,0.066,,,,,731.8,,RV,2011.0,11/08/23,01 00 33.1924,+20 17 32.9518,251.0,1.91,8.7,-0.02,4907.0,,Confirmed planets
K2-319 b,0,,0.249,26.68,0.1516,,,,,89.45,641.0,,transit,2020.0,20/09/03,11 07 12,+03 02 24,210.56,0.95,0.9,,5440.0,,Confirmed planets
TOI-2583 A b,0,0.25,1.29,4.5207265,0.0571,0.0,,,,88.16,1456.0,,transit,2023.0,23/10/15,18 09 04,+45 20 13,566.189,1.22,1.48,0.158,5936.0,,Confirmed planets
HD 22946 d,0,0.0836,0.233,47.42489,0.2958,,,,,,546.0,,transit,2023.0,23/10/15,03 39 17,-42 45 47,62.7792,1.1,1.12,-0.08,6169.0,,Confirmed planets
HD 22946 b,0,0.04314,0.122,4.040295,0.05727,0.126,-40.0,,,88.3,1241.0,,transit,2022.0,23/10/15,03 39 17,-42 45 47,62.7792,1.1,1.12,-0.08,6169.0,,Confirmed planets
HD 22946 c,0,0.03058,0.208,9.573083,0.1017,0.16,10.0,,,88.57,931.0,,transit,2022.0,23/10/15,03 39 17,-42 45 47,62.7792,1.1,1.12,-0.08,6169.0,,Confirmed planets
Kepler-119 b,0,,0.32807,2.422082,,,,,,,,,transit,2014.0,14/02/26,19 43 47.1425,+42 39 32.0629,623.74,0.918,0.839,,5595.0,,Confirmed planets
Kepler-119 c,0,,0.08384,4.125103,,,,,,,,,transit,2014.0,14/02/26,19 43 47.1425,+42 39 32.0629,623.74,0.918,0.839,,5595.0,,Confirmed planets
Kepler-1461 b,0,,0.181,29.3494775,,,,,,,,,transit,2016.0,16/05/10,19 03 19.3110,+43 11 54.2022,692.425,0.79,0.74,-0.04,4919.0,,Confirmed planets
Kepler-1254 b,0,,0.138,9.99113313,,,,,,,,,transit,2016.0,16/05/10,19 00 41.5974,+48 46 12.0607,634.115,0.78,0.75,-0.1,4985.0,,Confirmed planets
Kepler-1254 c,0,,0.116,3.60084276,,,,,,,,,transit,2016.0,16/05/10,19 00 41.5974,+48 46 12.0607,634.115,0.78,0.75,-0.1,4985.0,,Confirmed planets
Kepler-1254 d,0,,0.117,5.72717226,,,,,,,,,transit,2016.0,16/05/10,19 00 41.5974,+48 46 12.0607,634.115,0.78,0.75,-0.1,4985.0,,Confirmed planets
TOI-4308 b,0,0.0202,0.216,9.151201,,,,,,89.07,763.05,,transit,2023.0,23/10/15,21 51 01,-43 33 45,108.932,0.9,0.79,,5243.0,,Confirmed planets
HD 144899 b,0,0.064,0.425,40.43914,0.242,0.821,113.612,,,,,,RV,2022.0,23/10/15,16 10 17,-47 54 53,115.665,1.16,1.65,,6126.0,,Confirmed planets
OGLE-2018-BLG-0596L b,0,0.04383,,,0.97,,,,,,,,microlensing,2019.0,19/07/11,17 56 13,-29 11 57,5650.0,0.23,,,,,Confirmed planets
K2-53 b,0,,0.232,12.20772,0.098,,,,,89.32,665.0,,transit,2016.0,19/01/31,16 16 34.0354,-20 24 01.8616,139.1,0.85,0.81,-0.037,5263.0,,Confirmed planets
Kepler-1173 b,0,,0.079,0.7698536,,,,,,,,,transit,2016.0,16/05/10,19 32 31.4632,+45 39 48.7373,381.199,0.86,0.82,0.0,5252.0,,Confirmed planets
Kepler-1981 b,0,0.197,0.84,453.54212,1.3292,0.0,,,,89.78,390.0,,transit,2023.0,23/10/15,19 11 54,+38 44 25,659.395,1.52,3.01,0.12,5874.0,,Confirmed planets
Kepler-1361 b,0,,0.077,3.57554956,,,,,,,,,transit,2016.0,16/05/10,18 54 15.6742,+46 54 15.3359,393.561,0.83,0.79,0.0,5131.0,,Confirmed planets
Kepler-827 b,0,,0.502,51.92927591,,,,,,,,,transit,2016.0,16/05/10,19 39 51.8452,+42 42 30.8316,,0.93,0.91,-0.06,5602.0,,Confirmed planets
Kepler-849 b,0,,0.637,394.6244904,,,,,,,,,transit,2016.0,16/05/10,19 23 24.4340,+48 31 16.8609,841.893,1.23,1.64,0.12,6059.0,,Confirmed planets
K2-284 b,0,,0.248,4.795069,0.04771,0.078,180.2,,,89.0,653.0,,transit,2018.0,18/11/15,05 16 33.7637,+20 15 18.3644,107.6,0.63,0.61,0.0,4140.0,,Confirmed planets
K2-83 b,0,,0.111,2.74697,0.03014,,,,,,,,transit,2016.0,16/07/18,03 59 36.3741,+15 33 31.9690,125.98,0.48,0.42,,3910.0,,Confirmed planets
K2-83 c,0,,0.132,9.99767,0.07131,,,,,,,,transit,2016.0,16/07/18,03 59 36.3741,+15 33 31.9690,125.98,0.48,0.42,,3910.0,,Confirmed planets
L 98-59 b,0,0.0013,0.0758,2.2531136,0.02191,0.1,192.0,,,87.71,627.0,,transit,2018.0,21/08/06,08 10 08.00,-68 18 47.00,10.623,0.313,0.312,-0.5,3367.0,,Confirmed planets
L 98-59 c,0,0.00698,0.12356,3.6906777,0.0304,0.103,261.0,,,88.11,553.0,,transit,2018.0,21/08/06,08 10 08.00,-68 18 47.00,10.623,0.313,0.312,-0.5,3367.0,,Confirmed planets
L 98-59 d,0,0.0061,0.1357,7.4507245,0.0486,0.074,180.0,,,88.449,416.0,,transit,2018.0,21/08/06,08 10 08.00,-68 18 47.00,10.623,0.313,0.312,-0.5,3367.0,,Confirmed planets
L 98-59 e,0,0.00963,,12.796,0.0717,0.128,165.0,,,,432.0,,RV,2021.0,21/08/06,08 10 08.00,-68 18 47.00,10.623,0.313,0.312,-0.5,3367.0,,Confirmed planets
Kepler-137 c,0,,0.17132,18.735753,,,,,,,,,transit,2014.0,14/02/26,18 48 32.5207,+43 02 20.7368,288.7,0.908,0.802,,5187.0,,Confirmed planets
Kepler-137 b,0,,0.13396,8.436387,,,,,,,,,transit,2014.0,14/02/26,18 48 32.5207,+43 02 20.7368,288.7,0.908,0.802,,5187.0,,Confirmed planets
Kepler-1333 b,0,,0.251,109.6471842,,,,,,,,,transit,2016.0,16/05/10,19 34 06.6284,+41 06 41.1655,956.938,0.94,0.92,-0.04,5628.0,,Confirmed planets
K2-177 b,0,,0.1891,14.1552,,,,,,87.2,,,transit,2018.0,18/07/24,03 40 55.0950,+20 44 09.9058,459.1,1.211,1.214,0.41,,,Confirmed planets
Kepler-369 c,0,,0.12849,14.871572,,,,,,,,,transit,2014.0,14/02/26,19 34 41.8097,+47 54 30.2879,279.57,0.47,0.471,,3591.0,,Confirmed planets
Kepler-369 b,0,,0.10298,2.732756,,,,,,,,,transit,2014.0,14/02/26,19 34 41.8097,+47 54 30.2879,279.57,0.47,0.471,,3591.0,,Confirmed planets
HATS-14 b,0,1.07,1.04,2.766764,0.03815,,,,,89.0,1276.0,,transit,2015.0,15/11/01,20 52 51.7128,-25 41 14.3989,513.0,0.97,0.93,0.28,5408.0,4.9,Confirmed planets
TOI-954 b,0,0.174,0.852,3.6849729,0.04963,0.14,276.0,,,84.4,1526.0,,transit,2020.0,20/11/19,04 07 46,-25 12 32,235.74,1.2,1.89,0.215,5710.0,,Confirmed planets
WASP-145 A b,2,0.76,0.68,1.7690381,0.0261,,,,,83.3,1200.0,,transit,2018.0,18/03/06,21 29 00.90,-58 50 10.1,,0.76,0.68,0.04,4900.0,7.0,"Confirmed planets, Planets in binary systems, S-type"
WASP-109 b,0,0.91,1.443,3.3190233,0.0463,,,,,84.28,1695.0,,transit,2014.0,14/10/14,15 28 13.2214,-16 24 38.6606,330.0,0.91,1.346,-0.22,6520.0,2.6,Confirmed planets
Kepler-1144 b,0,,0.178,17.14647302,,,,,,,,,transit,2016.0,16/05/10,19 20 10.3876,+47 15 28.6739,1178.97,0.98,0.96,-0.03,5753.0,,Confirmed planets
K2-80 b,0,,0.1882,19.0999,,,,,,89.0,,,transit,2018.0,18/07/24,03 56 08.9997,+13 33 33.4392,210.0,0.913,0.841,0.07,,,Confirmed planets
K2-80 c,0,,0.1329,5.60531,,,,,,87.9,,,transit,2018.0,18/07/24,03 56 08.9997,+13 33 33.4392,210.0,0.913,0.841,0.07,,,Confirmed planets
K2-80 d,0,,0.2275,28.8673,,,,,,89.4,,,transit,2018.0,18/07/24,03 56 08.9997,+13 33 33.4392,210.0,0.913,0.841,0.07,,,Confirmed planets
Kepler-792 b,0,,0.175,11.30119217,,,,,,,,,transit,2016.0,16/05/10,19 28 01.6376,+38 49 14.5854,1484.78,1.09,1.12,0.08,5971.0,,Confirmed planets
HD 331093 b,0,1.5,1.21,621.62,1.44,0.59,165.77,,,0.37,,,RV,2021.0,21/06/11,19 42 28.8208,+31 44 25.4299,50.1928,1.03,1.11,0.17,5544.0,,Confirmed planets
Kepler-463 b,0,,0.272,8.98101683,,,,,,,,,transit,2016.0,16/05/10,19 55 44.8891,+44 51 28.4806,399.313,0.87,0.9,-0.28,5661.0,,Confirmed planets
HD 29985 b,0,5.91997,1.14,20608.14048834,13.283797,0.261318,89.414,,,52.658,,,RV,2022.0,22/09/27,04 42 05,-33 55 16,31.2707,0.75,0.57,-0.22,4678.0,,Confirmed planets
Kepler-986 b,0,,0.211,56.4349938,,,,,,,,,transit,2016.0,16/05/10,19 32 22.5591,+42 53 47.1695,557.134,0.96,0.98,0.04,5642.0,,Confirmed planets
K2-325 b,0,,0.196,6.93,0.0419,,,,,89.37,423.0,,transit,2020.0,20/09/03,23 35 40,-07 41 12,111.98,0.27,0.3,,3287.0,,Confirmed planets
K2-26 b,0,,0.2382,14.5665,0.0962,,,,,88.4,,,transit,2016.0,16/01/21,06 16 49.5753,+24 35 46.7931,93.0,0.56,0.52,-0.13,3785.0,,Confirmed planets
Kepler-442 b,0,,0.12,112.3053,0.409,,,,,89.94,,,transit,2015.0,15/01/28,19 01 27.9742,+39 16 48.2236,342.0,0.609,0.598,-0.37,4402.0,2.9,Confirmed planets
Kepler-1457 b,0,,0.178,51.1110243,,,,,,,,,transit,2016.0,16/05/10,18 55 04.9407,+42 01 37.9769,913.325,1.01,1.01,-0.05,5866.0,,Confirmed planets
UZ For (AB) d,0,7.7,,1900.0,2.8,0.05,,,,,127.9,,timing,2011.0,11/06/08,03 35 29,-25 44 22,239.6,0.84,,,5700.0,,Confirmed planets
Kepler-1503 b,0,,0.203,96.16987,,,,,,,,,transit,2016.0,16/05/10,19 34 54.5182,+42 48 24.3209,1267.75,0.77,0.74,-0.19,5069.0,,Confirmed planets
TOI-2285 b,0,,0.1552,27.26955,0.1363,0.3,56.0,,,89.66,284.0,,transit,2021.0,21/10/22,22 10 15.00,+58 42 22.00,42.409,0.454,0.464,-0.05,3491.0,,Confirmed planets
HD 154345 b,0,1.15,,3267.0,4.15,0.038,341.0,,,50.0,,,RV,2006.0,17/12/10,17 02 36.4037,+47 04 54.7626,18.262,0.893,,-0.105,5468.0,,Confirmed planets
K2-244 b,0,,0.156,21.06884,0.1418,,,,,,638.0,,transit,2018.0,18/07/12,12 13 52.5346,-03 49 54.8212,214.0,0.86,0.92,-0.29,5677.0,,Confirmed planets
Kepler-27 b,0,,0.364521,15.33,0.118,,,,,,532.4,,transit,2012.0,12/08/06,19 28 56.8195,+41 05 09.1405,991.22,0.65,0.59,0.41,5400.0,,Confirmed planets
Kepler-27 c,0,,0.44653,31.33,0.191,,,,,,418.5,,transit,2012.0,12/08/06,19 28 56.8195,+41 05 09.1405,991.22,0.65,0.59,0.41,5400.0,,Confirmed planets
Kepler-1978 b,0,0.0239,0.268,10.84969477,0.0914,0.0,,,,88.49,676.0,,transit,2023.0,23/10/15,19 04 02,+38 00 34,865.512,0.87,0.78,-0.04,5251.0,,Confirmed planets
EPIC 220504338 b,0,1.28,0.91,5.817712,0.0575,0.0,,,,86.44,,,transit,2016.0,16/11/24,01 17 47.8306,+06 42 08,553.4,1.007,1.047,0.18,5627.0,5.9,Confirmed planets
Gl 378 b,0,0.04097,,3.822,0.039435,0.109,210.6,,,,830.0,,RV,2019.0,19/03/05,10 02 21.7516,+48 05 19.6871,14.96,0.56,0.56,0.06,3879.0,,Confirmed planets
HD 173416 b,0,2.7,,323.6,1.16,0.21,,,,,702.5,,RV,2009.0,09/01/12,18 43 36.1094,+36 33 23.7814,135.0,2.0,13.5,,4683.0,,Confirmed planets
Kepler-1416 b,0,,0.079,1.49514952,,,,,,,,,transit,2016.0,16/05/10,19 54 39.2354,+43 53 38.6885,975.991,1.09,1.15,0.03,6019.0,,Confirmed planets
CoRoT-1 b,0,1.03,1.49,1.5089557,0.0254,0.0,,,,85.1,1898.0,,transit,2007.0,12/04/05,06 48 19.1724,-03 06 07.7104,460.0,0.95,1.11,-0.3,6298.0,,Confirmed planets
Kepler-1688 b,0,,0.113,5.62012,,,,,,,,,transit,2020.0,20/09/03,19 18 13,+41 17 52,567.45,,,,4936.24,,Confirmed planets
Kepler-873 b,0,,0.335,20.5533844,,,,,,,,,transit,2016.0,16/05/10,19 45 36.7598,+51 16 16.8001,1223.39,1.18,1.27,0.07,6163.0,,Confirmed planets
K2-61 b,0,,0.1722,2.57341,,,,,,86.0,,,transit,2018.0,18/07/24,22 38 41.9392,-13 33 36.0507,452.1,1.03,1.02,0.17,,,Confirmed planets
HATS-6 b,0,0.319,0.998,3.3252725,0.03623,,,,,88.21,712.8,,transit,2014.0,14/08/07,05 52 35.2366,-19 01 53.9705,172.6,0.574,0.57,0.2,3724.0,8.1,Confirmed planets
Kepler-1637 b,0,,0.079,6.10960324,,,,,,,,,transit,2016.0,16/05/10,18 48 56.8493,+48 09 15.2663,,1.02,1.02,0.07,5789.0,,Confirmed planets
WASP-21 b,0,0.276,1.162,4.3225186,0.0499,0.0,,,,86.97,1333.0,,transit,2010.0,14/11/05,23 09 58.2534,+18 23 45.8824,230.0,0.89,1.136,-0.46,5800.0,,Confirmed planets
K2-347 b,0,0.0201,0.215,7.187257,,,,,,,640.0,,transit,2016.0,21/10/03,08 25 29,+23 17 51,320.336,0.66,0.63,-0.26,4599.0,,Confirmed planets
Kepler-1225 b,0,,0.162,7.01075434,,,,,,,,,transit,2016.0,16/05/10,19 22 31.9910,+40 08 13.2003,1401.35,1.13,1.19,0.01,6140.0,,Confirmed planets
Kepler-157 c,0,,0.20413,13.5405,,,,,,,,,transit,2014.0,14/02/26,19 24 23.3283,+38 52 32.1428,742.16,1.028,1.044,,5774.0,,Confirmed planets
Kepler-157 b,0,,0.12029,1.732342,,,,,,,,,transit,2014.0,14/02/26,19 24 23.3283,+38 52 32.1428,742.16,1.028,1.044,,5774.0,,Confirmed planets
Kepler-157 d,0,,0.13,7.02573474,,,,,,,,,transit,2016.0,16/05/10,19 24 23.3283,+38 52 32.1428,742.16,1.028,1.044,,5774.0,,Confirmed planets
TOI-1728 b,0,0.08426,0.451,3.49151,0.0391,0.057,45.0,,,88.31,767.0,,transit,2020.0,20/07/09,08 02 27,+64 47 49,60.8,0.65,0.62,0.25,3980.0,,Confirmed planets
HD 101930 b,0,0.3,,70.46,0.302,0.11,,,,,385.4,,RV,2005.0,10/12/29,11 43 30.1133,-58 00 24.7768,30.49,0.74,,0.17,5079.0,,Confirmed planets
HD 176051 b,2,1.5,,1016.0,1.76,0.0,0.0,,69.0,115.8,,,astrometry,2010.0,18/08/31,18 57 01.60985,+32 54 04.5723,14.872,0.71,,,,,"Confirmed planets, Planets in binary systems, S-type"
WASP-22 b,0,0.588,1.158,3.5327313,0.04698,0.0,,,,88.26,1297.5,,transit,2010.0,11/07/01,03 31 16.3269,-23 49 10.8416,300.0,1.1,1.13,-0.05,6000.0,,Confirmed planets
Kepler-1490 b,0,,0.271,92.4362973,,,,,,,,,transit,2016.0,16/05/10,19 42 46.4559,+42 36 34.1985,884.173,0.9,0.87,-0.08,5515.0,,Confirmed planets
CoRoT-20 b,0,4.3,0.84,9.24285,0.09,0.59,60.1,,,88.21,1002.0,,transit,2011.0,18/08/31,06 30 52.9022405280,+00 13 36.858471822,864.0,1.14,1.02,0.14,5880.0,0.1,Confirmed planets
CoRoT-20 c,0,17.0,,1675.0,2.9,0.6,65.0,,,,,,RV,2018.0,18/08/31,06 30 52.9022405280,+00 13 36.858471822,864.0,1.14,1.02,0.14,5880.0,0.1,Confirmed planets
KOI-523 b,0,0.01837,0.312,35.8601,,0.0,,,,,,,transit,2013.0,20/05/07,19 04 11.3086,+45 03 11.5497,1387.37,0.92,1.32,-0.11,5732.0,,Confirmed planets
KOI-523 c,0,0.04625,0.779,49.40926,,0.0,,,,88.795,,,transit,2013.0,20/05/07,19 04 11.3086,+45 03 11.5497,1387.37,0.92,1.32,-0.11,5732.0,,Confirmed planets
Kepler-1404 b,0,,0.179,15.9314739,,,,,,,,,transit,2016.0,16/05/10,19 44 02.2672,+50 29 54.1398,987.849,0.84,0.8,-0.09,5261.0,,Confirmed planets
HIP 54373 b,0,0.02712,,7.76,0.063,0.2,72.34,,,,,,RV,2019.0,19/05/23,11 07 27.7020,-19 17 29.3556,18.73,0.57,,,4021.0,,Confirmed planets
HIP 54373 c,0,0.03914,,15.144,0.099,0.2,122.37,,,,,,RV,2019.0,19/05/23,11 07 27.7020,-19 17 29.3556,18.73,0.57,,,4021.0,,Confirmed planets
Kepler-1561 b,0,,0.097,1.00520701,,,,,,,,,transit,2016.0,16/05/10,19 47 41.6604,+43 33 59.2448,859.328,1.07,1.11,0.04,5957.0,,Confirmed planets
HD 32518 b,0,3.04,,157.54,0.59,0.01,306.11,,,,,,RV,2009.0,15/09/20,05 09 36.71904,+69 38 21.8510,120.6,1.13,10.22,-0.15,4580.0,,Confirmed planets
K2-252 b,0,,0.155,13.81513,0.1041,,,,,,639.0,,transit,2018.0,18/07/12,12 09 27.9281,-08 18 34.2591,229.9,0.79,0.82,-0.09,5152.0,,Confirmed planets
Kepler-605 b,0,,0.128,3.38353807,,,,,,,,,transit,2016.0,16/05/10,19 09 10.9001,+43 16 47.5413,565.643,0.91,0.88,0.02,5462.0,,Confirmed planets
Kepler-605 c,0,,0.077,2.35895152,,,,,,,,,transit,2016.0,16/05/10,19 09 10.9001,+43 16 47.5413,565.643,0.91,0.88,0.02,5462.0,,Confirmed planets
WASP-94 A b,2,0.452,1.72,3.9501907,0.055,,,,,88.7,,,transit,2014.0,14/09/29,20 55 08,-34 08 08,180.0,1.29,1.36,0.26,6170.0,,"Confirmed planets, Planets in binary systems, S-type"
WASP-94 B b,2,0.618,,2.00839,0.0335,0.0,,,,,,,RV,2014.0,14/09/29,20 55 08,-34 08 08,180.0,1.24,1.35,0.23,6040.0,,"Confirmed planets, Planets in binary systems, S-type"
Kepler-546 b,0,,0.624,4.14702026,,,,,,,,,transit,2016.0,16/05/10,18 53 01.8233,+40 59 25.6963,1050.42,1.11,1.15,0.14,5967.0,,Confirmed planets
HD 114613 b,0,0.48,,3827.0,5.16,0.25,244.0,,,,,,RV,2014.0,14/01/25,13 12 03.18502,-37 48 10.8901,20.67,1.364,,0.19,5729.0,,Confirmed planets
Kepler-922 b,0,,0.127,0.93846683,,,,,,,,,transit,2016.0,16/05/10,18 58 55.5557,+49 31 59.4510,544.751,0.95,0.93,-0.05,5671.0,,Confirmed planets
HD 4760 b,0,13.9,,434.0,1.14,0.23,265.0,,,,,,RV,2021.0,21/01/28,00 49 39.9018,+06 24 25.7108,969.5,1.05,42.4,-0.91,4076.0,,Confirmed planets
Kepler-343 b,0,,0.21962,8.96855,,,,,,,,,transit,2014.0,14/02/26,19 27 50.5650,+42 25 58.7624,1091.93,,1.433,,5807.0,,Confirmed planets
Kepler-343 c,0,,0.18408,23.22182,,,,,,,,,transit,2014.0,14/02/26,19 27 50.5650,+42 25 58.7624,1091.93,,1.433,,5807.0,,Confirmed planets
CoRoT-22 b,0,0.0383853003178,0.435365216104,9.75598,0.092,0.077,210.0,,,89.749,885.0,,transit,2014.0,14/08/28,18 42 40.1113,+06 13 08.9834,592.0,1.099,1.136,0.17,5939.0,3.3,Confirmed planets
Kepler-1711 b,0,0.0137,0.172,21.06080055,0.1463,0.0,,,,89.67,669.0,,transit,2021.0,22/02/01,19 52 43,+42 14 13,590.268,0.94,1.03,0.0,5706.0,,Confirmed planets
EPIC 216468514 b,0,0.84,1.44,3.31392,0.048,,,,,81.9,,,transit,2016.0,17/02/21,18 59 56.4921,-22 17 36.2448,698.1,1.3,1.78,0.1,6030.0,4.25,Confirmed planets
HR 5183 b,0,3.23,,27000.0,18.0,0.84,-20.0,,,,171.0,,RV,2019.0,19/09/26,13 46 57.1225,+06 21 01.3461,31.49,1.07,1.53,0.1,5794.0,,Confirmed planets
Kepler-687 b,0,,0.314,20.50586978,,,,,,,,,transit,2016.0,16/05/10,19 17 15.7060,+39 09 11.7769,645.245,0.77,0.73,-0.04,4841.0,,Confirmed planets
Kepler-94 b,0,0.034099,0.319867,2.50806,,,,,,,,,transit,2014.0,14/02/24,18 44 46.7441,+47 29 49.7467,223.0,0.81,0.76,0.34,4781.0,1.41,Confirmed planets
Kepler-94 c,0,9.83346,,820.3,,,,,,,,,RV,2014.0,14/02/24,18 44 46.7441,+47 29 49.7467,223.0,0.81,0.76,0.34,4781.0,1.41,Confirmed planets
Kepler-892 b,0,,0.251,13.7521072,,,,,,,,,transit,2016.0,16/05/10,18 52 31.1195,+43 53 17.5873,580.046,0.75,0.72,-0.04,4747.0,,Confirmed planets
Kepler-1409 b,0,,0.093,0.76486493,,,,,,,,,transit,2016.0,16/05/10,19 20 20.3424,+51 12 30.9890,709.019,0.83,0.79,-0.03,5160.0,,Confirmed planets
Gliese 785 b,0,0.05316,,74.72,0.32,0.13,,,,,331.7,,RV,2010.0,11/08/18,20 15 17.3916,-27 01 58.7135,8.82,0.8,,-0.04,5166.0,,Confirmed planets
Gliese 785 c,0,0.0754,,525.8,1.18,0.32,,,,,171.8,,RV,2011.0,11/08/18,20 15 17.3916,-27 01 58.7135,8.82,0.8,,-0.04,5166.0,,Confirmed planets
Kepler-778 b,0,,0.15,3.75574426,,,,,,,,,transit,2016.0,16/05/10,19 09 54.5878,+44 14 14.9877,963.67,0.81,0.77,-0.09,5102.0,,Confirmed planets
Kepler-768 b,0,,0.16,11.3910025,,,,,,,,,transit,2016.0,16/05/10,19 36 27.7599,+38 23 36.4224,802.053,0.82,0.78,-0.03,5108.0,,Confirmed planets
K2-48 b,0,,0.2,20.5065,0.1344,,,,,,,,transit,2016.0,16/07/18,11 44 29.6456,+03 16 20.7355,316.61,0.77,0.73,,4899.0,,Confirmed planets
HD 21693 b,0,0.0322,,22.656,0.1484,0.26,,,,,581.9,,RV,2011.0,11/09/12,03 27 12.4819,-58 19 25.2482,32.4,,,,5940.0,,Confirmed planets
HD 21693 c,0,0.06472,,53.881,0.2644,0.24,,,,,436.2,,RV,2011.0,11/09/12,03 27 12.4819,-58 19 25.2482,32.4,,,,5940.0,,Confirmed planets
2MASS J0951-8023,0,15.0,1.45,,,,,,,,1463.0,,imaging,2022.0,22/01/23,09 51 26.90,-80 23 55.30,,,,,,,Confirmed planets
Kepler-1405 b,0,,0.353,28.2274184,,,,,,,,,transit,2016.0,16/05/10,19 42 44.3671,+39 15 22.0810,1595.41,1.05,1.07,0.03,5925.0,,Confirmed planets
TOI-2257 b,0,0.0179,0.19574,35.189346,0.145,0.496,258.0,,,89.786,256.0,,transit,2021.0,21/11/03,12 58 58.00,+77 39 42.00,57.7911,0.33,0.311,-0.27,3430.0,,Confirmed planets
HD 10975 b,0,0.45,,283.8,0.95,0.442,135.0,,,,,,RV,2021.0,21/12/15,01 48 39.00,+37 57 10.00,,,,,,,Confirmed planets
PSR B0329+54 b,0,0.0062,,10140.0,10.26,0.236,,,,,,,timing,2017.0,19/12/05,03 32 59.3462,+54 34 45.0479,504.93,1.44,,,,,Confirmed planets
K2-175 b,0,,0.182,9.526,,,,,,87.5,,,transit,2018.0,18/07/24,03 30 00.8487,+17 35 03.1291,224.7,1.095,1.42,0.05,,,Confirmed planets
Kepler-1049 b,0,,0.085,3.27346074,,,,,,,,,transit,2016.0,16/05/10,19 09 23.2262,+47 46 22.5461,162.768,0.51,0.49,-0.33,3864.0,,Confirmed planets
Kepler-568 b,0,,0.202,11.02347475,,,,,,,,,transit,2016.0,16/05/10,19 52 25.3813,+48 24 04.2678,131.139,0.55,0.53,0.11,3768.0,,Confirmed planets
HD 231701 b,0,1.08,,141.6,0.53,0.1,,,,,436.6,,RV,2007.0,09/10/06,19 32 04.1610,+16 28 27.4411,108.4,1.14,1.35,0.07,6208.0,,Confirmed planets
83 Leonis B b,2,0.079,,17.054,0.123,0.07,240.7,,,,,,RV,2004.0,17/11/28,11 26 45.32180,+03 00 47.1551,17.79,0.85,0.78,0.3,4929.0,4.8,"Confirmed planets, Planets in binary systems, S-type"
83 Leonis B c,2,0.36,,4970.0,5.4,0.1,38.0,,,,,,RV,2010.0,17/11/28,11 26 45.32180,+03 00 47.1551,17.79,0.85,0.78,0.3,4929.0,4.8,"Retracted planet candidate, Planets in binary systems, S-type"
HD 145457 b,0,2.9,,176.3,0.76,0.112,,,,,756.4,,RV,2010.0,10/05/18,16 10 03.9143,+26 44 33.8937,126.0,1.9,9.9,-0.14,4757.0,,Confirmed planets
HD 109749 A b,2,0.28,,5.24,0.0635,0.01,,,,,1161.9,,RV,2005.0,10/12/23,12 37 16,-40 48 43,59.0,1.2,,0.25,5610.0,,"Confirmed planets, Planets in binary systems, S-type"
EPIC 201238110 b,0,,0.167,28.1656,,,,,,,,,transit,2019.0,19/06/13,11 58 49.4307,-03 23 21.8679,159.98,0.41,,,,,Confirmed planets
Kepler-345 c,0,,0.10936,9.387427,,,,,,,,,transit,2014.0,14/02/26,19 40 54.9102,+45 58 15.6660,272.73,0.61,0.623,,4504.0,,Confirmed planets
Kepler-345 b,0,,0.06744,7.415563,,,,,,,,,transit,2014.0,14/02/26,19 40 54.9102,+45 58 15.6660,272.73,0.61,0.623,,4504.0,,Confirmed planets
HIP 948 b,0,20.6,1.08,24955.45756,15.037,0.23,117.432,,,110.998,,,RV,2022.0,23/10/15,00 11 43,-39 13 50,34.8523,0.71,0.69,,4497.0,,Confirmed planets
K2-105 b,0,0.094,0.32,8.266902,,,,,,88.95,,,transit,2017.0,18/07/24,08 21 40.8642,+13 29 51.1194,220.0,1.01,0.95,0.26,5434.0,0.6,Confirmed planets
HD 77338 b,0,0.0487583,,5.7361,0.0611,0.0,,,,,896.4,,RV,2012.0,12/07/06,09 01 12.4937,-25 31 37.4333,40.75,0.93,0.88,0.35,5370.0,,Confirmed planets
EPIC 212297394 b,0,,0.118,2.28943,,,,,,,,,transit,2019.0,19/06/13,13 48 49.4948,-17 36 35.6309,423.35,0.83,,,,,Confirmed planets
HD 6718 b,0,1.56,,2496.0,3.56,0.1,,,,,135.5,,RV,2009.0,10/09/08,01 07 48.6629,-08 14 01.3306,55.9,0.96,1.02,-0.06,5745.0,,Confirmed planets
BD+49 828 b,0,1.6,,2590.0,4.2,0.35,170.0,,,,,,RV,2015.0,15/11/23,03 02 33.7362,+49 43 47.9632,447.6,1.52,7.6,-0.19,4943.0,2.3,Confirmed planets
Kepler-1738 b,0,0.0263,0.252,7.67463016,0.0781,0.0,,,,85.69,957.0,,transit,2021.0,22/02/01,19 44 32,+47 26 20,1302.87,1.08,1.0,-0.02,6063.0,,Confirmed planets
Kepler-1672 b,0,,0.265,150.878,,,,,,,,,transit,2020.0,20/09/03,19 51 46,+40 16 43,395.58,,1.08,,5899.25,,Confirmed planets
K2-249 b,0,,0.249,12.409,0.1151,,,,,,1061.0,,transit,2018.0,18/07/12,12 13 28.0066,-08 59 42.7247,528.3,1.32,1.57,0.04,6504.0,,Confirmed planets
HD 163296 b,0,0.3,,,105.0,,,,,,,,disk kinematics,2016.0,16/12/16,17 56 21.2882,-21 57 21.8723,122.0,2.3,,,,0.005,Confirmed planets
HD 163296 c,0,0.3,,,160.0,,,,,,,,disk kinematics,2016.0,16/12/16,17 56 21.2882,-21 57 21.8723,122.0,2.3,,,,0.005,Confirmed planets
Kepler-443 b,0,,0.208,177.6693,0.495,,,,,89.94,,,transit,2015.0,15/01/28,19 14 26.5362,+49 58 07.0794,779.0,0.738,0.706,-0.01,4723.0,3.2,Confirmed planets
Kepler-1969 b,0,0.0109,0.15,6.64752007,0.0717,0.0,,,,89.47,999.0,,transit,2021.0,22/02/01,19 39 08,+49 29 31,1204.54,1.11,1.01,0.07,6046.0,,Confirmed planets
Kepler-65 b,0,,0.127,2.15491,0.035,,,,,,,,transit,2012.0,14/05/14,19 14 45,+41 09 04,306.39,1.25,1.41,0.17,6211.0,,Confirmed planets
Kepler-65 c,0,,0.23,5.859944,0.068,,,,,,,,transit,2012.0,14/05/14,19 14 45,+41 09 04,306.39,1.25,1.41,0.17,6211.0,,Confirmed planets
Kepler-65 d,0,,0.136,8.13123,0.084,,,,,,,,transit,2012.0,14/05/14,19 14 45,+41 09 04,306.39,1.25,1.41,0.17,6211.0,,Confirmed planets
Kepler-65 e,0,0.82,,258.8,,0.283,,,,127.0,,,RV,2019.0,19/06/13,19 14 45,+41 09 04,306.39,1.25,1.41,0.17,6211.0,,Confirmed planets
Kepler-1593 b,0,,0.283,174.509835,,,,,,,,,transit,2016.0,16/05/10,20 01 57.1656,+44 27 38.3739,649.815,0.81,0.77,0.02,4995.0,,Confirmed planets
GJ 725 B b,2,0.00378,,2.7,,,,,,,,,RV,2016.0,17/12/01,18 42 46.69,+59 37 49.4,3.52,0.248,0.273,-0.3,3345.0,,"Controversial, Planets in binary systems, S-type"
NGC 2423 3 b,0,10.6,,714.3,2.1,0.21,18.0,,,,,,RV,2007.0,18/03/23,07 37 09.2328,-13 54 23.9543,766.0,2.4,,0.14,,0.74,"Confirmed planets, Planets in open clusters"
HIP 65 A b,0,3.213,2.03,0.9809734,0.01782,0.0,,,,77.18,1411.0,,transit,2020.0,20/07/23,00 00 45,-54 49 51,61.89,0.78,0.72,0.18,4590.0,,Confirmed planets
Kepler-395 c,0,,0.12029,34.989262,,,,,,,,,transit,2014.0,14/02/26,19 34 02.6663,+45 08 11.7419,537.21,0.547,0.556,,4262.0,,Confirmed planets
Kepler-395 b,0,,0.09386,7.054346,,,,,,,,,transit,2014.0,14/02/26,19 34 02.6663,+45 08 11.7419,537.21,0.547,0.556,,4262.0,,Confirmed planets
HATS-55 b,0,0.921,1.251,4.2042001,0.05412,0.0,,,,86.32,1367.0,,transit,2018.0,18/12/18,07 37 08.0193,-32 45 19.5157,620.7,1.1955,1.126,0.108,6214.0,0.4,Confirmed planets
Kepler-279 c,0,,0.48664,35.740844,,,,,,,,,transit,2014.0,14/02/26,19 09 33.9052,+42 11 41.3572,1287.1,1.31,1.746,,6363.0,,Confirmed planets
Kepler-279 b,0,,0.32989,12.309681,,,,,,,,,transit,2014.0,14/02/26,19 09 33.9052,+42 11 41.3572,1287.1,1.31,1.746,,6363.0,,Confirmed planets
Kepler-279 d,0,,0.45201,54.399606,,,,,,,,,transit,2014.0,14/02/26,19 09 33.9052,+42 11 41.3572,1287.1,1.31,1.746,,6363.0,,Confirmed planets
HD 152581 b,0,1.5,,689.0,1.48,0.0,,,,,408.1,,RV,2011.0,12/07/24,16 53 43.5825,+11 58 25.4919,186.0,0.927,2.8,-0.46,5155.0,,Confirmed planets
Kepler-424 b,0,1.03,0.89,3.3118644,0.044,,,,,,1143.0,,transit,2014.0,15/12/03,19 54 29.9854,+48 34 38.8019,661.72,1.01,0.94,0.44,5460.0,12.2,Confirmed planets
Kepler-424 c,0,6.97,,223.3,0.73,0.3185,,,,,,,RV,2014.0,14/09/30,19 54 29.9854,+48 34 38.8019,661.72,1.01,0.94,0.44,5460.0,12.2,Confirmed planets
Gliese 179 b,0,0.82,,2288.0,2.41,0.21,153.0,,,,,,RV,2010.0,16/03/09,04 52 05.7323,+06 28 35.5895,12.29,0.357,0.38,0.3,3370.0,,Confirmed planets
Kepler-243 b,0,,0.22327,5.715442,,,,,,,,,transit,2014.0,14/02/26,19 00 26.5198,+42 02 02.2047,808.4,0.789,0.842,,5228.0,,Confirmed planets
Kepler-243 c,0,,0.18135,20.026218,,,,,,,,,transit,2014.0,14/02/26,19 00 26.5198,+42 02 02.2047,808.4,0.789,0.842,,5228.0,,Confirmed planets
Kepler-495 b,0,,0.467,3.41303622,,,,,,,,,transit,2016.0,16/05/10,19 03 43.3699,+39 05 53.2812,671.592,0.86,0.83,-0.07,5346.0,,Confirmed planets
Kepler-375 c,0,,0.2415,19.986326,,,,,,,,,transit,2014.0,14/02/26,19 14 28.2907,+48 05 54.1979,1323.46,0.985,0.837,,5826.0,,Confirmed planets
Kepler-375 b,0,,0.13214,12.125934,,,,,,,,,transit,2014.0,14/02/26,19 14 28.2907,+48 05 54.1979,1323.46,0.985,0.837,,5826.0,,Confirmed planets
K2-49 b,0,,0.172,2.77065,0.0309,,,,,,,,transit,2016.0,16/07/18,11 49 16.8555,+03 28 32.0360,463.06,0.51,0.45,,4175.0,,Confirmed planets
HAT-P-53 b,0,1.484,1.318,1.9616241,0.03159,,,,,86.2,1778.0,,transit,2015.0,15/03/13,01 27 29.0645,+38 58 05.2594,719.0,1.093,1.209,0.0,5956.0,4.67,Confirmed planets
WASP-36 b,0,2.279,1.269,1.5373653,0.02624,0.0,,,,83.65,1554.5,,transit,2010.0,11/10/25,08 46 19.2977,-08 01 37.0126,450.0,1.02,0.943,-0.31,5881.0,,Confirmed planets
Kepler-1954 b,0,0.0123,0.161,5.88343,0.0625,0.0,,,,88.75,949.0,,transit,2021.0,22/02/01,19 52 01,+43 21 17,1373.83,0.94,0.85,-0.24,5840.0,,Confirmed planets
24 Sex b,0,1.99,,452.8,1.333,0.09,9.2,,,,,,RV,2010.0,15/09/23,10 23 28.3693,-00 54 08.0771,74.8,1.54,4.9,-0.03,5098.0,2.7,Confirmed planets
24 Sex c,0,0.86,,883.0,2.08,0.29,220.5,,,,,,RV,2010.0,15/09/23,10 23 28.3693,-00 54 08.0771,74.8,1.54,4.9,-0.03,5098.0,2.7,Confirmed planets
Kepler-445 b,0,,0.143986,2.984151,0.102,,,,,89.74,,,transit,2015.0,15/01/06,19 54 56.6591,+46 29 54.7963,90.0,0.18,0.21,0.27,3157.0,,Confirmed planets
Kepler-445 c,0,,0.228737,4.871229,0.141,,,,,89.91,,,transit,2015.0,15/01/06,19 54 56.6591,+46 29 54.7963,90.0,0.18,0.21,0.27,3157.0,,Confirmed planets
Kepler-445 d,0,,0.113913,8.15275,0.2,,,,,89.61,,,transit,2015.0,15/01/06,19 54 56.6591,+46 29 54.7963,90.0,0.18,0.21,0.27,3157.0,,Confirmed planets
HD 108874 b,0,1.36,,395.4,1.051,0.07,,,,,256.8,,RV,2003.0,10/12/29,12 30 26.8817,+22 52 47.3806,68.5,1.0,1.22,0.14,5407.0,,Confirmed planets
HD 108874 c,0,1.018,,1605.8,2.68,0.25,,,,,160.2,,RV,2005.0,10/12/29,12 30 26.8817,+22 52 47.3806,68.5,1.0,1.22,0.14,5407.0,,Confirmed planets
Kepler-1388 b,0,,0.231,12.2854603,,,,,,,,,transit,2016.0,16/05/10,18 53 20.6548,+47 10 28.2564,459.664,0.63,0.61,0.02,4098.0,,Confirmed planets
Kepler-1388 c,0,,0.202,5.53608151,,,,,,,,,transit,2016.0,16/05/10,18 53 20.6548,+47 10 28.2564,459.664,0.63,0.61,0.02,4098.0,,Confirmed planets
Kepler-1388 d,0,,0.255,20.9568158,,,,,,,,,transit,2016.0,16/05/10,18 53 20.6548,+47 10 28.2564,459.664,0.63,0.61,0.02,4098.0,,Confirmed planets
Kepler-1388 e,0,,0.219,37.6327084,,,,,,,,,transit,2016.0,16/05/10,18 53 20.6548,+47 10 28.2564,459.664,0.63,0.61,0.02,4098.0,,Confirmed planets
Kepler-1314 b,0,,0.456,5.42474928,,,,,,,,,transit,2016.0,16/05/10,19 36 57.0940,+45 11 50.2650,141.987,0.6,0.59,-0.22,4188.0,,Confirmed planets
Lupus-TR 3b,0,0.81,0.89,3.91405,0.0464,0.0,,,,88.3,,,transit,2007.0,14/05/23,15 30 18.7,-42 58 41.5,2000.0,0.87,0.82,0.02,5000.0,,Confirmed planets
Kepler-171 b,0,,0.21324,4.166972,,,,,,,,,transit,2014.0,14/02/26,19 47 05.2538,+41 45 19.9900,854.42,0.931,0.839,,5642.0,,Confirmed planets
Kepler-171 c,0,,0.23329,11.463462,,,,,,,,,transit,2014.0,14/02/26,19 47 05.2538,+41 45 19.9900,854.42,0.931,0.839,,5642.0,,Confirmed planets
Kepler-171 d,0,,0.17224,39.595519,,,,,,,,,transit,2014.0,14/02/26,19 47 05.2538,+41 45 19.9900,854.42,0.931,0.839,,5642.0,,Confirmed planets
HD 55696 b,0,3.87,,1827.0,3.18,0.705,137.0,,,,,,RV,2018.0,18/09/27,07 12 14.9701,-38 10 28.3441,78.15,1.29,1.52,0.37,6012.0,,Confirmed planets
Kepler-1884 b,0,0.0124,0.162,8.98832035,0.0845,0.0,,,,81.14,864.0,,transit,2021.0,22/02/01,19 46 59,+43 02 44,1443.09,0.99,0.91,-0.2,5984.0,,Confirmed planets
Kepler-1107 b,0,,0.12,0.57103852,,,,,,,,,transit,2016.0,16/05/10,19 24 11.9792,+39 08 29.9390,434.122,0.86,0.82,0.01,5268.0,,Confirmed planets
Kepler-1031 b,0,,0.078,1.22621732,,,,,,,,,transit,2016.0,16/05/10,19 44 21.5414,+48 57 19.4000,,1.09,1.12,0.03,6011.0,,Confirmed planets
KIC 7177553 A(ab) b,1,5.0,,529.0,1.576,0.46,201.0,,,,,,timing,2015.0,17/12/09,18 52 02.914,+42 43 16.52,406.0,,,,,,"Controversial, Planets in binary systems, P-type"
WASP-114 b,0,1.769,1.339,1.5487743,0.02851,0.012,289.0,,,83.96,,,transit,2016.0,16/07/11,21 50 39.7729,+10 27 46.7111,460.0,1.289,1.43,0.14,5940.0,,Confirmed planets
GJ 1132 b,0,0.00522,0.101,1.628931,0.0153,0.22,,,,,529.0,,transit,2015.0,20/06/04,10 14 51.7783,-47 09 24.1897,12.62,0.18,0.21,,3270.0,,Confirmed planets
GJ 1132 c,0,0.00831,,8.929,0.0476,0.27,,,,,300.0,,RV,2018.0,18/06/21,10 14 51.7783,-47 09 24.1897,12.62,0.18,0.21,,3270.0,,Confirmed planets
K2-369 b,0,0.00717,0.117,5.761612,,,,,,88.337,,,transit,2022.0,22/03/01,21 58 54,-10 52 30,185.55,0.73,0.88,-0.234,5682.0,,Confirmed planets
Kepler-771 b,0,,0.162,8.73485836,,,,,,,,,transit,2016.0,16/05/10,19 09 46.5810,+38 05 18.3470,1451.8,1.03,1.05,0.01,5906.0,,Confirmed planets
Kepler-1532 b,0,,0.12,1.09366356,,,,,,,,,transit,2016.0,16/05/10,19 47 36.6693,+41 11 53.4394,816.727,0.91,0.88,-0.1,5559.0,,Confirmed planets
Kepler-1618 b,0,,0.112,6.10826019,,,,,,,,,transit,2016.0,16/05/10,19 40 42.0887,+45 55 51.2088,1274.05,1.41,1.65,0.04,6620.0,,Confirmed planets
Kepler-1234 b,0,,0.251,11.94014029,,,,,,,,,transit,2016.0,16/05/10,19 10 05.2927,+51 22 33.1776,940.822,0.8,0.76,0.01,4967.0,,Confirmed planets
Kepler-1021 b,0,,0.208,13.47469571,,,,,,,,,transit,2016.0,16/05/10,19 40 49.1773,+42 33 34.8149,828.844,0.89,0.86,-0.05,5431.0,,Confirmed planets
Kepler-255 c,0,,0.27248,9.946047,,,,,,,,,transit,2014.0,14/02/26,19 44 15.4217,+45 58 36.6041,1287.37,0.878,0.933,,5573.0,,Confirmed planets
Kepler-255 b,0,,0.14125,5.714606,,,,,,,,,transit,2014.0,14/02/26,19 44 15.4217,+45 58 36.6041,1287.37,0.878,0.933,,5573.0,,Confirmed planets
Kepler-255 d,0,,0.118,1.04562266,,,,,,,,,transit,2016.0,16/05/10,19 44 15.4217,+45 58 36.6041,1287.37,0.878,0.933,,5573.0,,Confirmed planets
2MASS J0459-2853,0,8.0,1.32,,,,,,,,1152.0,,imaging,2019.0,22/01/23,00 59 00.35,-28 53 39.65,38.0,,,,,,Confirmed planets
Kepler-1710 b,0,0.0325,0.285,14.91110039,0.1159,0.0,,,,89.98,694.0,,transit,2021.0,22/02/01,19 26 44,+37 45 05,305.193,0.93,0.9,-0.04,5650.0,,Confirmed planets
HATS-71 b,0,0.45,1.08,3.7955213,0.03946,0.0,,,,88.85,567.9,,transit,2018.0,18/12/21,01 02 12.2812,-61 45 21.6598,140.8,0.569,0.5161,0.237,3254.0,,Confirmed planets
BD+45 564 b,0,1.36,1.21,307.88,0.83,0.12,70.31,,,2.579,,,RV,2021.0,21/06/13,02 11 46.8786,+45 55 27.2985,53.622,0.81,0.81,-0.09,5004.0,,Confirmed planets
KELT-4A b,2,0.902,1.699,2.9895936,,,,,,,,,transit,2015.0,15/09/30,10 28 15.011,+25 34 23.5,210.0,1.201,1.61,-0.116,6206.0,,"Confirmed planets, Planets in binary systems, S-type"
Kepler-1191 b,0,,0.135,5.60014851,,,,,,,,,transit,2016.0,16/05/10,19 26 37.8603,+48 00 33.4584,982.125,0.85,0.81,-0.08,5308.0,,Confirmed planets
Kepler-1035 b,0,,0.104,2.71407755,,,,,,,,,transit,2016.0,16/05/10,19 16 10.1265,+42 52 57.1245,570.451,0.98,0.97,-0.03,5763.0,,Confirmed planets
WASP-84 b,0,0.7,0.975,8.5234865,0.0775,0.018,,,,88.275,832.0,,transit,2013.0,14/09/22,08 44 25.7032,+01 51 36.1065,125.0,0.854,0.768,0.09,5280.0,1.0,Confirmed planets
TOI-2046 b,0,2.3,1.44,1.4971842,,,,,,83.6,,,transit,2022.0,22/05/05,01 04 44.00,+74 19 53.00,,1.153,1.237,0.04,6160.0,,Confirmed planets
K2-266 b,0,0.0343,0.294,0.658524,0.01306,,,,,75.32,1515.0,,transit,2018.0,18/10/26,10 31 44.5057,+00 56 15.2683,77.16,0.69,0.7,-0.12,4285.0,,Confirmed planets
K2-266 c,0,0.00091,0.063,7.814,0.0679,0.042,87.0,,,88.28,665.0,,transit,2018.0,18/10/26,10 31 44.5057,+00 56 15.2683,77.16,0.69,0.7,-0.12,4285.0,,Confirmed planets
K2-266 d,0,0.028,0.261,14.697,0.1035,0.047,87.0,,,89.46,538.0,,transit,2018.0,19/07/25,10 31 44.5057,+00 56 15.2683,77.16,0.69,0.7,-0.12,4285.0,,Confirmed planets
K2-266 e,0,0.04499,0.244,19.482,0.1249,0.043,89.0,,,89.45,490.0,,transit,2018.0,19/07/25,10 31 44.5057,+00 56 15.2683,77.16,0.69,0.7,-0.12,4285.0,,Confirmed planets
EPIC 206024342 b,0,,0.152,4.50756,,,,,,,,,transit,2019.0,19/06/13,22 05 06.5341,-14 07 18.0134,373.81,0.93,,,,,Confirmed planets
OGLE-2014-BLG-0124L b,0,0.51,,,,,,,,,,,microlensing,2014.0,,18 02 29.21,-28 23 46.5,4100.0,0.71,,,,,Confirmed planets
K2-184 b,0,,0.1374,16.99344,,,,,,89.47,,,transit,2018.0,18/07/24,08 36 33.6295,+14 27 42.9697,72.71,0.819,0.764,-0.22,,,Confirmed planets
SAND364 b,0,1.57,,120.951,,0.35,254.62,,,,,,RV,2014.0,14/01/14,08 49 56.5208,+11 41 32.989,843.0,1.35,21.8,-0.02,4284.0,4.0,"Confirmed planets, Planets in open clusters"
KOI-1612.01,0,,0.073,2.46502,,,,,,,,,transit,2014.0,14/01/16,18 59 08.6846,+48 25 23.5989,89.0,1.08,1.23,-0.2,6104.0,,Confirmed planets
Kepler-1427 b,0,,0.098,0.96897238,,,,,,,,,transit,2016.0,16/05/10,19 41 23.9316,+45 06 52.3905,,1.01,1.01,0.06,5793.0,,Confirmed planets
HD 220689 b,0,1.06,,2209.0,3.36,0.16,137.0,,,,149.6,,RV,2011.0,12/11/29,23 25 52.9921,-20 36 57.7012,44.6,1.01,1.07,0.0,5940.0,3.5,Confirmed planets
KMT-2021-BLG-1931 b,0,0.01432,,,2.29,,,,,,,,microlensing,2022.0,22/02/08,18 02 44.00,-23 03 38.00,5720.0,0.37,,,,,Confirmed planets
Kepler-505 b,0,,0.232,27.52197994,,,,,,,,,transit,2016.0,16/05/10,19 11 25.9418,+42 32 33.4489,285.739,0.55,0.53,-0.19,3931.0,,Confirmed planets
HD 195689 b,0,,,1.48,,,,,,,,,transit,2017.0,17/07/13,20 31 26.3534,+39 56 19.7651,205.7,,,,10170.0,,Confirmed planets
GJ 1265 b,0,0.02328,,3.6511,0.026,0.04,282.0,,,,,,RV,2018.0,18/12/06,22 13 42.8628,-17 41 08.6764,10.26,0.18,0.19,-0.04,3236.0,,Confirmed planets
HD 137496 b,0,0.01271,0.1169,1.62116,0.02732,0.0,,,,85.8,2130.0,,transit,2021.0,21/11/30,15 26 58.0708,-16 30 31.6785,155.9843,,,,,,Confirmed planets
HD 137496 c,0,7.66,,479.9,1.2163,0.477,321.0,,,,370.0,,RV,2021.0,21/11/30,15 26 58.0708,-16 30 31.6785,155.9843,,,,,,Confirmed planets
UKIRT-2017-BLG-001L b,0,1.28,,,,,,,,,,,microlensing,2018.0,18/09/20,17 46 36.98,-29 12 40.9,6300.0,0.81,,,,,Confirmed planets
Kepler-639 b,0,,0.212,10.21420496,,,,,,,,,transit,2016.0,16/05/10,19 28 44.8456,+41 43 37.3521,871.536,1.14,1.29,0.23,5896.0,,Confirmed planets
HD 16141 A b,2,0.215,,75.82,0.35,0.28,,,,,410.3,,RV,2000.0,12/12/04,02 35 19,-03 33 38,35.9,1.01,1.0,0.02,5533.0,,"Confirmed planets, Planets in binary systems, S-type"
HD 72490 b,0,1.768,,858.0,1.88,0.124,145.0,,,,,,RV,2018.0,18/12/06,08 33 36.6520,+13 33 02.8405,126.79,1.21,4.96,,4934.0,,Confirmed planets
Kepler-1166 b,0,,0.151,33.2406882,,,,,,,,,transit,2016.0,16/05/10,19 21 23.6387,+50 54 10.2208,646.705,0.9,0.86,-0.02,5446.0,,Confirmed planets
K2-383 b,0,0.00965,0.14,1.865962,,,,,,85.255,,,transit,2022.0,22/03/01,18 48 02,-18 22 46,203.788,1.06,0.8,0.187,5129.0,,Confirmed planets
Kepler-608 b,0,,0.325,6.41251504,,,,,,,,,transit,2016.0,16/05/10,19 35 31.8973,+44 38 17.1300,972.952,1.0,1.01,-0.02,5820.0,,Confirmed planets
Kepler-524 b,0,,0.17,7.97419807,,,,,,,,,transit,2016.0,16/05/10,19 47 26.2061,+49 09 43.2916,1091.46,1.09,1.1,0.02,6014.0,,Confirmed planets
Kepler-524 c,0,,0.086,1.88897906,,,,,,,,,transit,2016.0,16/05/10,19 47 26.2061,+49 09 43.2916,1091.46,1.09,1.1,0.02,6014.0,,Confirmed planets
HD 10180 b,0,0.00409,,1.17766,0.0222,0.05,155.0,,,,,,RV,2010.0,17/12/15,01 37 53.5771,-60 30 41.4854,38.87,1.06,1.109,0.08,5911.0,,Controversial
HD 10180 c,0,0.0416,,5.75969,0.06412,0.073,328.0,,,,,,RV,2010.0,17/12/15,01 37 53.5771,-60 30 41.4854,38.87,1.06,1.109,0.08,5911.0,,Confirmed planets
HD 10180 i,0,0.00598,,9.655,0.0904,0.05,138.0,,,,,,RV,2012.0,17/12/15,01 37 53.5771,-60 30 41.4854,38.87,1.06,1.109,0.08,5911.0,,Controversial
HD 10180 d,0,0.0378,,16.357,0.12859,0.131,325.0,,,,,,RV,2010.0,17/12/15,01 37 53.5771,-60 30 41.4854,38.87,1.06,1.109,0.08,5911.0,,Confirmed planets
HD 10180 e,0,0.0805,,49.748,0.2699,0.051,147.0,,,,,,RV,2010.0,17/12/15,01 37 53.5771,-60 30 41.4854,38.87,1.06,1.109,0.08,5911.0,,Confirmed planets
HD 10180 j,0,0.016,,67.55,0.33,0.07,92.0,,,,,,RV,2012.0,17/12/15,01 37 53.5771,-60 30 41.4854,38.87,1.06,1.109,0.08,5911.0,,Controversial
HD 10180 f,0,0.0722,,122.744,0.4929,0.119,327.0,,,,,,RV,2010.0,17/12/15,01 37 53.5771,-60 30 41.4854,38.87,1.06,1.109,0.08,5911.0,,Confirmed planets
HD 10180 g,0,0.0732,,604.67,1.427,0.263,327.0,,,,,,RV,2010.0,17/12/15,01 37 53.5771,-60 30 41.4854,38.87,1.06,1.109,0.08,5911.0,,Confirmed planets
HD 10180 h,0,0.2066,,2205.0,3.381,0.095,142.0,,,,,,RV,2010.0,17/12/15,01 37 53.5771,-60 30 41.4854,38.87,1.06,1.109,0.08,5911.0,,Confirmed planets
OGLE-2019-BLG-1492 b,0,0.1167,,,2.7,,,,,,,,microlensing,2021.0,21/06/16,18 00 23.00,-28 37 52.00,5600.0,0.68,,,,,Confirmed planets
Kepler-1282 b,0,,0.138,2.13194651,,,,,,,,,transit,2016.0,16/05/10,19 20 42.2767,+46 41 53.9751,1138.95,0.92,0.89,0.01,5504.0,,Confirmed planets
75 Cet b,0,3.0,,691.9,2.1,0.117,165.0,,,,,,RV,2012.0,15/11/02,02 32 09.42200,-01 02 05.6236,81.4,2.49,10.5,0.0,4846.0,,Confirmed planets
Kepler-1599 b,0,,0.145,122.363553,,,,,,,,,transit,2016.0,16/05/10,19 04 53.0126,+41 09 04.3975,1380.83,0.99,0.99,0.02,5767.0,,Confirmed planets
EPIC 206042996 b,0,,0.145,5.29711,,,,,,,,,transit,2019.0,19/06/13,22 30 03.2609,-13 36 36.4158,457.27,0.56,,,,,Confirmed planets
EPIC 228735255 b,0,1.019,1.095,6.5693,0.0591,0.12,98.88,,,88.51,,,transit,2017.0,17/06/25,12 32 32.9632,-09 36 27.4958,340.24,1.005,0.987,0.12,5654.0,4.22,Confirmed planets
Kepler-1617 b,0,,0.107,27.4785572,,,,,,,,,transit,2016.0,16/05/10,19 11 44.9309,+46 25 06.5541,922.169,1.15,1.22,0.01,6167.0,,Confirmed planets
K2-381 c,0,0.0147,0.178,16.034656,,,,,,88.798,,,transit,2022.0,22/03/01,19 12 06,-21 00 27,145.701,0.75,0.68,-0.244,4473.0,,Confirmed planets
K2-381 d,0,0.011,0.151,26.803023,,,,,,89.478,,,transit,2022.0,22/03/01,19 12 06,-21 00 27,145.701,0.75,0.68,-0.244,4473.0,,Confirmed planets
K2-381 b,0,0.00396,0.096,7.9389334,,,,,,88.863,,,transit,2022.0,22/03/01,19 12 06,-21 00 27,145.701,0.75,0.68,-0.244,4473.0,,Confirmed planets
Kepler-1470 b,0,,0.095,16.2950903,,,,,,,,,transit,2016.0,16/05/10,19 14 46.8083,+39 52 59.5010,600.709,0.8,0.76,-0.01,4961.0,,Confirmed planets
Kepler-162 c,0,,0.27612,19.446355,,,,,,,,,transit,2014.0,14/02/26,19 49 06.9402,+43 43 26.4311,773.85,0.953,0.958,,5816.0,,Confirmed planets
Kepler-162 b,0,,0.11482,6.919798,,,,,,,,,transit,2014.0,14/02/26,19 49 06.9402,+43 43 26.4311,773.85,0.953,0.958,,5816.0,,Confirmed planets
HD 181433 b,0,0.0238,,9.3743,0.08,0.396,,,,,660.5,,RV,2008.0,09/01/13,19 25 09.5672,-66 28 07.6762,26.15,0.78,,0.33,4962.0,,Confirmed planets
HD 181433 c,0,0.64,,962.0,1.76,0.28,,,,,141.6,,RV,2008.0,09/01/13,19 25 09.5672,-66 28 07.6762,26.15,0.78,,0.33,4962.0,,Confirmed planets
HD 181433 d,0,0.54,,2172.0,3.0,0.48,,,,,107.3,,RV,2008.0,09/01/13,19 25 09.5672,-66 28 07.6762,26.15,0.78,,0.33,4962.0,,Confirmed planets
Kepler-637 b,0,,0.424,23.20584623,,,,,,,,,transit,2016.0,16/05/10,19 29 40.1378,+41 25 00.6919,804.246,1.64,2.56,0.38,6096.0,,Confirmed planets
Kepler-732 b,0,,0.194,9.46781405,,,,,,,,,transit,2016.0,16/05/10,18 54 55.6757,+45 57 31.5197,175.71,0.49,0.46,-0.01,3631.0,,Confirmed planets
Kepler-732 c,0,,0.113,0.89304124,,,,,,,,,transit,2016.0,16/05/10,18 54 55.6757,+45 57 31.5197,175.71,0.49,0.46,-0.01,3631.0,,Confirmed planets
Kepler-269 b,0,,0.22509,5.326718,,,,,,,,,transit,2014.0,14/02/26,19 20 51.6390,+41 46 33.4812,1605.94,1.04,0.959,,5847.0,,Confirmed planets
Kepler-269 c,0,,0.15401,8.127899,,,,,,,,,transit,2014.0,14/02/26,19 20 51.6390,+41 46 33.4812,1605.94,1.04,0.959,,5847.0,,Confirmed planets
Kepler-312 c,0,,0.28706,19.747412,,,,,,,,,transit,2014.0,14/02/26,19 53 34.9794,+42 27 35.1260,720.22,,1.467,,6115.0,,Confirmed planets
Kepler-312 b,0,,0.11756,1.772419,,,,,,,,,transit,2014.0,14/02/26,19 53 34.9794,+42 27 35.1260,720.22,,1.467,,6115.0,,Confirmed planets
OGLE-TR-113 b,0,1.26,1.051,1.43247506,0.02288,0.0,,,,87.8,,,transit,2004.0,15/11/16,10 52 24.2808,-61 26 48.8458,1500.0,0.779,0.774,0.09,4790.0,13.2,Confirmed planets
K2-405 b,0,0.0596,0.408,3.435471,,,,,,,969.0,,transit,2022.0,22/03/01,10 57 30,+12 32 08,197.234,1.03,0.77,0.132,4927.0,,Confirmed planets
Kepler-169 e,0,,0.20049,13.767102,,,,,,,,,transit,2014.0,14/02/26,19 03 59.9741,+40 55 09.6111,443.8,0.918,0.763,,4997.0,,Confirmed planets
Kepler-169 c,0,,0.11027,6.195469,,,,,,,,,transit,2014.0,14/02/26,19 03 59.9741,+40 55 09.6111,443.8,0.918,0.763,,4997.0,,Confirmed planets
Kepler-169 b,0,,0.10298,3.250619,,,,,,,,,transit,2014.0,14/02/26,19 03 59.9741,+40 55 09.6111,443.8,0.918,0.763,,4997.0,,Confirmed planets
Kepler-169 d,0,,0.11391,8.348125,,,,,,,,,transit,2014.0,14/02/26,19 03 59.9741,+40 55 09.6111,443.8,0.918,0.763,,4997.0,,Confirmed planets
Kepler-169 f,0,,0.23512,87.090195,,,,,,,,,transit,2014.0,14/02/26,19 03 59.9741,+40 55 09.6111,443.8,0.918,0.763,,4997.0,,Confirmed planets
Kepler-1541 b,0,,0.103,8.40691199,,,,,,,,,transit,2016.0,16/05/10,18 55 08.8788,+48 01 46.5038,421.763,0.86,0.81,-0.04,5282.0,,Confirmed planets
Kepler-1042 b,0,,0.195,10.13202575,,,,,,,,,transit,2016.0,16/05/10,19 14 40.5500,+39 49 26.4862,,0.75,0.72,-0.1,4815.0,,Confirmed planets
KMT-2019-BLG-1216L b,0,0.094,0.533,,2.44,,,,,,,,microlensing,2023.0,23/10/15,17 53 55,-35 08 12,2740.0,0.39,,,,,Confirmed planets
Kepler-469 b,0,,1.597,33.80367628,,,,,,,,,transit,2016.0,16/05/10,19 49 54,+41 06 51,,1.14,1.53,0.14,5892.0,,Confirmed planets
HD 56957 b,0,5.95712,1.14,5859.089924,6.431189,0.272564,38.2553,,,170.006,,,RV,2022.0,22/09/27,07 17 18,-40 39 22,61.4925,1.03,1.78,,5743.0,,Confirmed planets
HD 203473 b,0,7.8,,1552.9,2.73,0.289,18.0,,,,,,RV,2018.0,18/09/27,21 22 18.8740,+05 01 24.9166,72.79,1.12,1.33,0.19,5780.0,,Confirmed planets
Kepler-859 b,0,,0.276,20.38177573,,,,,,,,,transit,2016.0,16/05/10,19 06 58.0432,+43 11 24.3519,859.919,0.81,0.77,-0.02,5020.0,,Confirmed planets
Kepler-13 A b,2,9.28,1.51,1.76358799,0.03423,,,,,86.6,2750.0,,transit,2011.0,15/12/03,19 07 53.1072,+46 52 05.953,530.0,1.72,1.74,0.2,7650.0,0.708,"Confirmed planets, Planets in binary systems, S-type"
HAT-P-34 b,0,3.328,1.197,5.4527,0.0677,0.441,,,,87.1,1335.3,,transit,2012.0,13/05/29,20 12 46.8867,+18 06 17.3999,257.0,1.392,1.535,0.22,6442.0,,Confirmed planets
Kepler-1467 b,0,,0.294,47.0569043,,,,,,,,,transit,2016.0,16/05/10,19 40 11.6489,+45 20 33.6631,873.82,0.86,0.82,-0.07,5332.0,,Confirmed planets
HD 224538 b,0,5.97,,1189.1,2.28,0.464,24.0,,,,,,RV,2016.0,16/04/02,23 58 51.7634,-61 24 48,77.76,1.54,1.34,0.27,6097.0,2.0,Confirmed planets
Kepler-1424 b,0,,0.103,29.6091744,,,,,,,,,transit,2016.0,16/05/10,19 23 58.0000,+40 13 45.5455,828.363,1.02,1.07,0.01,5838.0,,Confirmed planets
NGTS-15 b,0,0.751,1.1,3.27623,0.0441,0.0,,,,,1146.0,,transit,2021.0,21/03/19,04 53 25.00,-32 48 01.00,791.0,0.995,0.954,0.15,5600.0,,Confirmed planets
K2-384 b,0,0.00398,0.096,2.231527,,,,,,,,,transit,2022.0,22/09/15,01 21 60,+00 45 03,82.6603,0.33,0.35,0.068,3623.0,,Confirmed planets
K2-384 c,0,0.00572,0.106,4.194766,,,,,,,,,transit,2022.0,22/09/15,01 21 60,+00 45 03,82.6603,0.33,0.35,0.068,3623.0,,Confirmed planets
K2-384 e,0,0.00747,0.12,9.715043,,,,,,,,,transit,2022.0,22/09/15,01 21 60,+00 45 03,82.6603,0.33,0.35,0.068,3623.0,,Confirmed planets
K2-384 f,0,0.0175,0.198,13.62749,,,,,,,,,transit,2022.0,22/09/15,01 21 60,+00 45 03,82.6603,0.33,0.35,0.068,3623.0,,Confirmed planets
K2-384 d,0,0.00792,0.124,6.679582,,,,,,,,,transit,2022.0,22/09/15,01 21 60,+00 45 03,82.6603,0.33,0.35,0.068,3623.0,,Confirmed planets
Kepler-805 b,0,,0.258,30.8638931,,,,,,,,,transit,2016.0,16/05/10,19 32 55.1879,+45 03 11.9778,650.322,1.19,1.65,-0.06,6112.0,,Confirmed planets
HD 73583 b,0,0.031,0.2525,6.3980416,0.0601,0.105,262.0,,,88.26,721.0,,transit,2021.0,21/10/26,08 38 45.2604,-13 15 24.0909,31.6,0.66,0.71,0.0,4511.0,,Confirmed planets
HD 73583 c,0,0.0302,0.2114,18.8797,0.1236,0.068,234.8,,,89.7,503.0,,transit,2021.0,21/10/26,08 38 45.2604,-13 15 24.0909,31.6,0.66,0.71,0.0,4511.0,,Confirmed planets
K2-189 b,0,,0.1347,5.1763,,,,,,88.1,,,transit,2018.0,18/07/24,13 34 29.1154,-15 02 10.6339,259.5,0.928,0.862,-0.01,,,Confirmed planets
K2-189 c,0,,0.2213,6.67934,,,,,,88.2,,,transit,2018.0,18/07/24,13 34 29.1154,-15 02 10.6339,259.5,0.928,0.862,-0.01,,,Confirmed planets
Kepler-8 b,0,0.59,1.42,3.52254,0.0483,0.0,,,,84.07,1519.5,,transit,2010.0,15/12/03,18 45 09.1489,+42 27 03.8915,1330.0,1.13,1.45,0.05,6251.0,,Confirmed planets
OGLE-2016-BLG-1067L b,0,0.43,,,1.7,,,,,,,,microlensing,2019.0,19/09/12,18 12 49,-27 00 46,3730.0,0.3,,,,,Confirmed planets
Kepler-701 b,0,,0.253,10.35533177,,,,,,,,,transit,2016.0,16/05/10,19 15 58.5966,+41 37 59.8412,791.64,0.88,0.84,0.0,5343.0,,Confirmed planets
HD 106252 b,0,7.56,,1600.0,2.7,0.47,,,,166.7,158.8,,RV,2002.0,11/01/11,12 13 29.5100,+10 02 29.8888,37.44,0.96,1.09,-0.078,5754.0,,Confirmed planets
Kepler-128 b,0,0.00409,0.10298,15.09,,,,,,,,,transit,2013.0,16/01/13,18 49 58.1343,+43 58 48.6938,368.14,1.17,1.55,,6090.0,4.2,Confirmed planets
Kepler-128 c,0,0.00472,0.10298,22.804,,,,,,,,,transit,2013.0,16/01/13,18 49 58.1343,+43 58 48.6938,368.14,1.17,1.55,,6090.0,4.2,Confirmed planets
HD 20794 b,0,0.0085,,18.315,0.1207,0.0,0.0,,,90.0,660.0,,RV,2011.0,15/08/27,03 19 55.6509,-43 04 11.2174,6.0,0.7,,-0.4,5401.0,,Confirmed planets
HD 20794 c,0,0.00755,,40.114,0.2036,0.0,0.0,,,90.0,508.0,,RV,2011.0,15/08/27,03 19 55.6509,-43 04 11.2174,6.0,0.7,,-0.4,5401.0,,Confirmed planets
HD 20794 d,0,0.0151,,90.309,0.3499,0.0,0.0,,,90.0,388.0,,RV,2011.0,15/08/27,03 19 55.6509,-43 04 11.2174,6.0,0.7,,-0.4,5401.0,,Confirmed planets
HD 20794 e,0,0.01501,,147.02,0.509,0.29,268.14,,,,,,RV,2017.0,17/06/08,03 19 55.6509,-43 04 11.2174,6.0,0.7,,-0.4,5401.0,,Confirmed planets
Kepler-1697 b,0,,0.112,33.4969,,,,,,,,,transit,2020.0,20/09/03,19 10 39,+43 28 17,249.56,,0.64,,5017.0,,Confirmed planets
HAT-P-52 b,0,0.818,1.009,2.7535953,0.03694,,,,,87.02,1218.0,,transit,2015.0,15/03/13,02 50 53.2003,+29 01 20.5226,364.9,0.887,0.893,0.28,5131.0,9.4,Confirmed planets
HIP 68468 b,0,0.011,,1.8372,0.029743,0.41,,,,,,,RV,2016.0,16/11/02,14 01 03.6087,-32 45 25.0201,99.9,1.05,,0.065,5857.0,5.9,Confirmed planets
HIP 68468 c,0,0.094,,194.0,0.665,0.04,,,,,,,RV,2016.0,16/11/02,14 01 03.6087,-32 45 25.0201,99.9,1.05,,0.065,5857.0,5.9,Confirmed planets
HATS-39 b,0,0.63,1.57,4.5776348,0.06007,0.275,,,,84.98,1645.0,,transit,2018.0,18/04/12,07 29 40.6108,-29 56 16.4207,773.0,1.38,1.62,0.0,6572.0,,Confirmed planets
Kepler-953 b,0,,0.376,88.40655258,,,,,,,,,transit,2016.0,18/02/17,19 15 53.1929,+44 37 28.3440,240.0,0.95,0.99,0.26,5416.0,8.71,Confirmed planets
Kepler-953 c,0,,0.106,9.10967112,,,,,,,,,transit,2016.0,18/02/17,19 15 53.1929,+44 37 28.3440,240.0,0.95,0.99,0.26,5416.0,8.71,Confirmed planets
TOI-5205 b,0,1.08,1.03,1.630757,0.0199,0.02,-42.0,,,88.21,737.0,,transit,2023.0,23/10/15,20 55 05,+24 21 40,86.4493,0.39,0.39,0.0,3430.0,,Confirmed planets
TOI-1075 b,0,0.013,0.1534,0.6047328,0.0118,,,,,,1336.0,,transit,2022.0,22/01/30,20 39 53.00,-65 26 58.00,61.5,0.6,0.58,,3921.0,,Confirmed planets
Kepler-1429 b,0,,0.115,4.48487493,,,,,,,,,transit,2016.0,16/05/10,19 01 27.9097,+49 02 41.5134,1258.02,1.05,1.07,0.04,5902.0,,Confirmed planets
Kepler-24 c,0,,0.36179,12.33336,,,,,,,,,transit,2014.0,14/02/26,19 21 39.1858,+38 20 37.4502,1462.04,1.02,1.289,,5897.0,,Confirmed planets
Kepler-24 b,0,,0.31258,8.145207,,,,,,,,,transit,2014.0,14/02/26,19 21 39.1858,+38 20 37.4502,1462.04,1.02,1.289,,5897.0,,Confirmed planets
Kepler-24 e,0,,0.25334,18.998355,,,,,,,,,transit,2014.0,14/02/26,19 21 39.1858,+38 20 37.4502,1462.04,1.02,1.289,,5897.0,,Confirmed planets
Kepler-24 d,0,,0.15219,4.244384,,,,,,,,,transit,2014.0,14/02/26,19 21 39.1858,+38 20 37.4502,1462.04,1.02,1.289,,5897.0,,Confirmed planets
EPIC 201338508 c,0,,0.202,10.93241,0.0818,,,,,86.95,,,transit,2015.0,15/12/06,11 17 12.8418,-01 52 40.6879,181.0,0.61,0.57,-0.33,3930.0,,Confirmed planets
EPIC 201338508 b,0,,0.17,5.73594,0.0532,,,,,87.35,,,transit,2015.0,15/12/06,11 17 12.8418,-01 52 40.6879,181.0,0.61,0.57,-0.33,3930.0,,Confirmed planets
Kepler-1140 b,0,,0.247,24.0862707,,,,,,,,,transit,2016.0,16/05/10,18 46 46.5602,+46 56 47.2934,668.986,0.76,0.73,-0.08,4850.0,,Confirmed planets
HAT-P-12 b,0,0.211,0.959,3.2130598,0.0384,0.0,,,,,875.4,,transit,2009.0,09/05/04,13 57 33.4668,+43 29 36.6025,142.5,0.73,0.7,-0.29,4650.0,,Confirmed planets
HD 147379 b,2,0.07771,,86.54,0.3193,0.01,93.0,,,,,,RV,2017.0,17/12/22,16 16 42.7462,+67 14 19.832,10.735,0.58,0.57,0.16,4090.0,,"Confirmed planets, Planets in binary systems, S-type"
EPIC 201505350 c,0,0.05,0.434,11.90715,0.0971,0.095,237.0,,173.1,87.99,,,transit,2015.0,15/12/06,11 39 50.4804,+00 36 12.8773,291.0,0.93,0.86,0.1,5430.0,,Confirmed planets
EPIC 201505350 b,0,0.138,0.691,7.9194,0.074,0.119,179.0,,180.0,89.47,,,transit,2015.0,15/12/06,11 39 50.4804,+00 36 12.8773,291.0,0.93,0.86,0.1,5430.0,,Confirmed planets
EPIC 201505350 d,0,,0.102,2.50856,0.0344,,,,,85.83,,,transit,2015.0,18/07/24,11 39 50.4804,+00 36 12.8773,291.0,0.93,0.86,0.1,5430.0,,Confirmed planets
Kepler-1303 b,0,,0.127,7.56127224,,,,,,,,,transit,2016.0,16/05/10,18 57 08.9163,+42 21 20.1837,921.234,1.01,1.0,0.04,5771.0,,Confirmed planets
2MASS J02495639-0557352 c,1,11.6,,,,,,,,,,,imaging,2018.0,18/07/28,02 49 56.3884942122,-05 57 35.410808361,48.9,,,,,,"Confirmed planets, Planets in binary systems, P-type"
Kepler-950 b,0,,0.801,98.7180406,,,,,,,,,transit,2016.0,16/05/10,19 11 49.5819,+41 07 49.1155,,1.02,1.02,0.02,5857.0,,Confirmed planets
K2-71 b,0,,0.192,6.98541,0.0559,,,,,,,,transit,2016.0,16/07/18,22 46 53.8591,-09 52 53.8084,153.86,0.48,0.43,,4006.0,,Confirmed planets
CoRoT-30 b,0,2.9,1.009,9.06005,0.0844,0.007,178.1,,,90.0,,,transit,2020.0,20/04/16,18 30 24.2837,+06 50 09.3654,960.0,0.98,0.91,0.02,5650.0,,Confirmed planets
Kepler-1285 b,0,,0.087,14.7967458,,,,,,,,,transit,2016.0,16/05/10,18 47 20.4822,+44 09 21.3257,427.46,1.2,1.28,0.16,6170.0,,Confirmed planets
Ross 128 b,0,0.004405,,9.8658,0.0496,0.116,,,,,,,RV,2017.0,17/12/09,11 47 44.3974,+00 48 16.4049,3.3807,0.168,0.1967,,3192.0,,Confirmed planets
OGLE-2018-BLG-1544 b,0,11.2,,,6.21,,,,,,,,microlensing,2022.0,22/04/12,17 56 31.00,-30 24 10.00,6300.0,0.62,,,,,Confirmed planets
Kepler-1687 b,0,,0.148,5.77954,,,,,,,,,transit,2020.0,20/09/03,19 18 58,+50 47 13,422.02,,0.65,,4249.0,,Confirmed planets
Kepler-607 c,0,0.0253,0.246,39.67679977,0.2122,0.0,,,,89.24,473.0,,transit,2021.0,22/09/15,19 24 14,+44 37 56,519.122,0.81,0.89,0.02,5244.0,,Confirmed planets
Kepler-607 b,0,0.00186,0.078,0.6381632,0.0135,0.0,,,,88.69,1874.0,,transit,2016.0,22/09/15,19 24 14,+44 37 56,519.122,0.81,0.89,0.02,5244.0,,Confirmed planets
Kepler-969 b,0,,0.185,34.1731714,,,,,,,,,transit,2016.0,16/05/10,19 13 29.3968,+47 56 00.8084,394.804,0.92,0.82,0.22,5214.0,,Confirmed planets
Kepler-969 c,0,,0.088,1.6829346,,,,,,,,,transit,2016.0,16/05/10,19 13 29.3968,+47 56 00.8084,394.804,0.92,0.82,0.22,5214.0,,Confirmed planets
HAT-P-16 b,2,4.193,1.19,2.7759712,0.0413,0.036,,,,87.74,1567.0,,transit,2010.0,14/11/05,00 38 18,+42 27 47,235.0,1.216,1.158,0.12,6140.0,,"Confirmed planets, Planets in binary systems, S-type"
OGLE-TR-132 b,0,1.17,1.227,1.689868,0.03,0.0,,,,83.4,1812.0,,transit,2004.0,10/12/16,10 50 34.5945,-61 57 26.1402,1500.0,1.19,1.35,0.37,6210.0,,Confirmed planets
Kepler-1330 b,0,,0.147,10.10769068,,,,,,,,,transit,2016.0,16/05/10,19 22 18.4117,+39 57 24.8345,1809.63,0.97,0.94,0.08,5608.0,,Confirmed planets
Kepler-439 b,0,,0.2,178.1396,0.563,,,,,89.95,,,transit,2015.0,15/01/28,18 43 12.3733,+44 02 02.2704,693.0,0.884,0.866,0.02,5431.0,7.2,Confirmed planets
WASP-140 b,0,2.44,1.44,2.2359835,0.0323,0.047,356.0,,,83.3,,,transit,2016.0,16/07/11,04 01 32.5498,-20 27 03.9108,180.0,0.9,0.87,0.12,5260.0,1.6,Confirmed planets
WASP-183 b,0,0.502,1.47,4.1117771,0.04632,0.0,,,,85.37,1111.0,,transit,2019.0,19/03/15,10 55 09.3535,-00 44 13.8112,328.4,0.784,0.871,-0.31,5313.0,14.9,Confirmed planets
K2-371 b,0,,1.162,3.114905,,,,,,,956.834111041,,transit,2022.0,22/03/01,08 32 16,+11 37 51,442.813,0.96,0.74,-0.107,4925.0,,Confirmed planets
Kepler-563 b,0,,0.276,22.18432708,,,,,,,,,transit,2016.0,16/05/10,19 29 47.1013,+46 17 23.1230,574.482,0.8,0.77,-0.08,5066.0,,Confirmed planets
Kepler-281 c,0,,0.4839,36.337373,,,,,,,,,transit,2014.0,14/02/26,19 36 25.9645,+44 46 14.4925,1419.23,0.943,0.899,,5723.0,,Confirmed planets
Kepler-281 b,0,,0.25699,14.646008,,,,,,,,,transit,2014.0,14/02/26,19 36 25.9645,+44 46 14.4925,1419.23,0.943,0.899,,5723.0,,Confirmed planets
Kepler-221 c,0,,0.26701,5.690586,,,,,,,,,transit,2014.0,14/02/26,19 46 37.1435,+46 50 06.8410,428.3,0.816,0.821,,5243.0,,Confirmed planets
Kepler-221 d,0,,0.24879,10.04156,,,,,,,,,transit,2014.0,14/02/26,19 46 37.1435,+46 50 06.8410,428.3,0.816,0.821,,5243.0,,Confirmed planets
Kepler-221 e,0,,0.23967,18.369917,,,,,,,,,transit,2014.0,14/02/26,19 46 37.1435,+46 50 06.8410,428.3,0.816,0.821,,5243.0,,Confirmed planets
Kepler-221 b,0,,0.15583,2.795906,,,,,,,,,transit,2014.0,14/02/26,19 46 37.1435,+46 50 06.8410,428.3,0.816,0.821,,5243.0,,Confirmed planets
Kappa And b,0,22.0,,,,,,,,,2040.0,,imaging,2012.0,17/12/04,23 40 24.50763,+44 20 02.1566,51.6,2.768,2.109,0.0,11327.0,0.047,Confirmed planets
TOI-824 b,0,0.0581,0.261,1.392978,0.02177,,,,,83.65,1253.0,,transit,2020.0,20/09/24,14 48 40,-57 35 20,63.71,0.71,0.69,-0.092,4600.0,,Confirmed planets
Kepler-1227 b,0,,0.204,94.2887577,,,,,,,,,transit,2016.0,16/05/10,19 08 15.9289,+41 52 29.7412,635.122,0.97,0.95,-0.04,5747.0,,Confirmed planets
Kepler-263 b,0,,0.24332,16.568087,,,,,,,,,transit,2014.0,14/02/26,19 29 52.7450,+37 34 04.0517,879.65,0.801,0.785,,5265.0,,Confirmed planets
Kepler-263 c,0,,0.22509,47.332773,,,,,,,,,transit,2014.0,14/02/26,19 29 52.7450,+37 34 04.0517,879.65,0.801,0.785,,5265.0,,Confirmed planets
HD 68988 b,0,1.97,1.2,6.27711,0.07,0.12,31.4,,,,,,RV,2001.0,21/06/17,08 18 22,+61 27 39,60.8447,1.28,1.19,0.35,5932.0,,Confirmed planets
HD 68988 c,0,15.0,1.09,16000.0,13.2,0.45,-7.4485,,,,,,RV,2021.0,21/06/17,08 18 22,+61 27 39,60.8447,1.28,1.19,0.35,5932.0,,Confirmed planets
Kepler-372 c,0,,0.19046,20.053763,,,,,,,,,transit,2014.0,14/02/26,19 25 01.4897,+49 15 32.2934,1539.69,1.202,1.137,,6509.0,,Confirmed planets
Kepler-372 d,0,,0.15401,30.092568,,,,,,,,,transit,2014.0,14/02/26,19 25 01.4897,+49 15 32.2934,1539.69,1.202,1.137,,6509.0,,Confirmed planets
Kepler-372 b,0,,0.12394,6.849692,,,,,,,,,transit,2014.0,14/02/26,19 25 01.4897,+49 15 32.2934,1539.69,1.202,1.137,,6509.0,,Confirmed planets
EPIC 211969807 b,0,,0.17,1.97419,,0.18,0.0,,,88.0,,,transit,2016.0,18/03/23,08 38 32.8360,+19 46 25.5913,181.5,0.51,0.48,0.14,3660.0,0.79,"Confirmed planets, Planets in open clusters"
Kepler-963 b,0,,0.237,9.97683705,,,,,,,,,transit,2016.0,16/05/10,19 47 00.7132,+45 02 28.0180,788.83,0.91,0.87,-0.02,5461.0,,Confirmed planets
KOI-1257 b,2,1.45,0.94,86.647661,0.382,0.772,141.3,,,89.66,511.0,,transit,2014.0,14/06/25,19 24 54,+44 55 38,900.0,0.99,1.13,0.27,5520.0,9.3,"Confirmed planets, Planets in binary systems, S-type"
HAT-P-1 b,0,0.524,1.217,4.4652934,0.05535,0.067,,,,86.28,1182.1,,transit,2006.0,11/02/07,22 57 46.8443,+38 40 30.3553,139.0,1.133,1.115,0.13,5975.0,,Confirmed planets
KIC 5951458 b,0,,0.589,1320.1,,,,,,89.799,,,transit,2015.0,16/01/09,19 15 57.9791,+41 13 22.9093,758.783,0.98,1.52,-0.5,6258.0,,Confirmed planets
HD 219134 b,0,0.01491,0.14292,3.092926,0.03876,0.0,0.0,,,85.05,,,RV,2015.0,17/12/14,23 13 16.97632,+57 10 06.0823,6.546,0.81,0.778,0.11,4699.0,12.9,Confirmed planets
HD 219134 c,0,0.01372,0.1348,6.76458,0.0653,0.062,70.0,,,87.28,,,RV,2015.0,17/12/14,23 13 16.97632,+57 10 06.0823,6.546,0.81,0.778,0.11,4699.0,12.9,Confirmed planets
HD 219134 f,0,0.02297,,22.717,0.1463,0.148,81.0,,,,,,RV,2015.0,17/12/14,23 13 16.97632,+57 10 06.0823,6.546,0.81,0.778,0.11,4699.0,12.9,Confirmed planets
HD 219134 d,0,0.050877,,46.859,0.237,0.138,173.0,,,,,,RV,2015.0,17/12/14,23 13 16.97632,+57 10 06.0823,6.546,0.81,0.778,0.11,4699.0,12.9,Confirmed planets
HD 219134 g,0,0.034,,94.2,0.3753,0.0,0.0,,,,,,RV,2015.0,17/12/14,23 13 16.97632,+57 10 06.0823,6.546,0.81,0.778,0.11,4699.0,12.9,Confirmed planets
HD 219134 e,0,0.223,,1842.0,2.56,0.34,-14.58,,,,,,RV,2015.0,17/12/14,23 13 16.97632,+57 10 06.0823,6.546,0.81,0.778,0.11,4699.0,12.9,Retracted planet candidate
HD 219134 h,0,0.281,,2198.0,3.064,0.37,180.0,,,,,,RV,2015.0,17/12/14,23 13 16.97632,+57 10 06.0823,6.546,0.81,0.778,0.11,4699.0,12.9,Confirmed planets
GJ 3090 b,0,0.01051,0.19,2.8531054,0.03165,0.18,137.0,,,87.14,692.0,,transit,2022.0,22/07/29,01 21 45.00,-46 42 52.00,22.444,0.519,0.516,-0.06,3556.0,,Confirmed planets
Kepler-91 b,0,0.66,1.4,6.24668005,0.0726,0.0519,302.8,,,67.37,,,transit,2013.0,15/01/27,19 02 41.4979,+44 07 00.2397,1030.0,1.31,6.3,0.11,4550.0,,Confirmed planets
Kepler-91 b Trojan,0,0.025,0.26,6.24668005,0.0726,,,,,67.37,,,transit,2015.0,17/11/29,19 02 41.4979,+44 07 00.2397,1030.0,1.31,6.3,0.11,4550.0,,Controversial
Kepler-1775 b,0,0.0406,0.325,85.65399933,0.3986,0.0,,,,89.99,522.0,,transit,2021.0,22/09/15,19 05 37,+38 44 19,657.023,1.15,1.65,0.24,5818.0,,Confirmed planets
K2-179 b,0,,0.2239,5.17219,,,,,,88.8,,,transit,2018.0,18/07/24,03 55 11.2554,+23 45 24.4755,210.4,0.824,0.768,0.03,,,Confirmed planets
Kepler-166 b,0,,0.20687,7.650254,,,,,,,,,transit,2014.0,14/02/26,19 32 38.4338,+48 52 52.3891,639.62,0.879,0.742,,5413.0,,Confirmed planets
Kepler-166 c,0,,0.21689,34.260281,,,,,,,,,transit,2014.0,14/02/26,19 32 38.4338,+48 52 52.3891,639.62,0.879,0.742,,5413.0,,Confirmed planets
Kepler-166 d,0,,0.154,1.55400393,,,,,,,,,transit,2016.0,16/05/10,19 32 38.4338,+48 52 52.3891,639.62,0.879,0.742,,5413.0,,Confirmed planets
HAT-P-62 b,0,0.761,1.073,2.6453235,0.03772,0.101,,,,87.93,1512.0,,transit,2021.0,21/08/02,04 58 01.0287,+48 18 03.7569,348.815,1.02,1.17,0.414,5629.0,,Confirmed planets
BD+20 2457 b,0,21.42,,379.63,1.45,0.15,207.64,,,,,,RV,2009.0,15/11/26,10 16 44.8635,+19 53 29.0096,,2.8,,-1.0,4137.0,,Controversial
BD+20 2457 c,0,12.47,,621.99,2.01,0.18,126.02,,,,,,RV,2009.0,15/11/26,10 16 44.8635,+19 53 29.0096,,2.8,,-1.0,4137.0,,Controversial
Kepler-398 b,0,,0.08475,4.081423,,,,,,,,,transit,2014.0,14/02/26,19 25 52.4829,+40 20 37.8181,187.15,0.649,0.613,,4493.0,,Confirmed planets
Kepler-398 c,0,,0.09204,11.419412,,,,,,,,,transit,2014.0,14/02/26,19 25 52.4829,+40 20 37.8181,187.15,0.649,0.613,,4493.0,,Confirmed planets
Kepler-398 d,0,,0.079,6.83437001,,,,,,,,,transit,2016.0,16/05/10,19 25 52.4829,+40 20 37.8181,187.15,0.649,0.613,,4493.0,,Confirmed planets
LSPM J2116+0234 b,0,0.04185,,14.4399,0.0876,0.183,,,,,,,RV,2019.0,19/06/13,21 16 27.2842,+02 34 51.3908,17.64,0.43,0.43,-0.05,3475.0,,Confirmed planets
Kepler-1808 b,0,0.0296,0.27,23.3404007,0.1467,0.0,,,,89.83,601.0,,transit,2021.0,22/02/01,19 09 10,+39 22 60,1022.01,0.77,0.89,-0.34,5530.0,,Confirmed planets
TOI-1221 b,0,3.5,0.26,91.68278,0.387,0.21,,,,89.75,440.0,,transit,2023.0,23/10/15,07 11 41,-65 30 32,138.411,0.93,1.03,0.06,5592.0,,Confirmed planets
Kepler-1156 b,0,,0.118,11.89520511,,,,,,,,,transit,2016.0,16/05/10,19 15 41.7727,+46 03 27.4450,705.368,1.0,1.0,0.02,5778.0,,Confirmed planets
HD 86081 b,0,1.5,,2.1375,0.039,0.008,,,,,1486.6,,RV,2006.0,10/12/22,09 56 05.9185,-03 48 30.3233,91.0,1.21,1.22,0.257,6028.0,,Confirmed planets
HATS-50 b,0,0.39,1.13,3.8297015,0.05046,0.0,,,,87.54,1348.0,,transit,2017.0,17/12/12,20 01 42.7298,-26 04 39.2919,773.2,1.168,1.117,0.3,5990.0,1.2,Confirmed planets
Kepler-1363 b,0,,0.112,2.94194094,,,,,,,,,transit,2016.0,16/05/10,19 47 59.1726,+49 15 23.1102,550.237,0.76,0.72,-0.09,4839.0,,Confirmed planets
Kepler-1257 b,0,,0.136,2.66831376,,,,,,,,,transit,2016.0,16/05/10,19 44 18.1634,+45 37 37.3962,1140.51,0.9,0.87,-0.09,5502.0,,Confirmed planets
Gliese 163 b,0,0.0311,,8.6312,0.06,0.02,74.73,,,,,,RV,2012.0,19/06/14,04 09 16.01,-53 22 24.96,15.0,0.4,,,,,Confirmed planets
Gliese 163 c,0,0.0239,,25.637,0.124,0.03,235.4,,,,,,RV,2012.0,19/06/14,04 09 16.01,-53 22 24.96,15.0,0.4,,,,,Confirmed planets
Gliese 163 d,0,0.0636,,604.0,1.021,0.02,126.915,,,,,,RV,2013.0,19/06/14,04 09 16.01,-53 22 24.96,15.0,0.4,,,,,Confirmed planets
Gliese 163 e,0,0.0428,,349.0,0.7,0.03,,,,,,,RV,2019.0,21/04/10,04 09 16.01,-53 22 24.96,15.0,0.4,,,,,Confirmed planets
Gliese 163 f,0,0.0214,,109.5,0.326,0.04,,,,,,,RV,2019.0,21/04/10,04 09 16.01,-53 22 24.96,15.0,0.4,,,,,Confirmed planets
Kepler-697 b,0,,0.368,3.70987065,,,,,,,,,transit,2016.0,16/05/10,18 55 27.4505,+41 20 47.1473,1325.38,0.92,0.88,-0.01,5513.0,,Confirmed planets
WASP-72 b,0,1.41,1.01,2.21672,0.03655,0.0,,,,86.8,2210.0,,transit,2012.0,12/10/17,02 44 09.6097,-30 10 08.5614,340.0,1.23,1.37,-0.06,6250.0,,Confirmed planets
WASP-144 b,0,0.44,0.85,2.2783152,0.0316,,,,,86.9,1260.0,,transit,2018.0,18/03/06,21 23 03.0947,-40 02 53.7639,358.719,0.81,0.81,0.18,4950.0,8.0,Confirmed planets
Kepler-1103 b,0,,0.203,19.79191978,,,,,,,,,transit,2016.0,16/05/10,19 09 31.7090,+49 27 08.6228,1385.23,1.11,1.15,-0.01,6092.0,,Confirmed planets
HIP 70849 b,2,9.0,,10000.0,10.0,0.6,,,,,,,RV,2009.0,11/07/05,14 29 19,-46 27 50,24.0,0.63,,,4105.0,,"Confirmed planets, Planets in binary systems, S-type"
Kepler-1497 b,0,,0.148,8.74199772,,,,,,,,,transit,2016.0,16/05/10,19 44 47.0759,+45 38 03.5916,,0.96,0.95,0.01,5675.0,,Confirmed planets
Kepler-1492 b,0,,0.133,16.75255007,,,,,,,,,transit,2016.0,16/05/10,19 14 23.3098,+41 02 11.2077,334.75,0.77,0.72,0.06,4712.0,,Confirmed planets
Kepler-334 c,0,,0.13032,12.758005,,,,,,,,,transit,2014.0,14/02/26,19 08 33.7575,+47 06 54.7206,439.8,1.06,1.068,,5828.0,,Confirmed planets
Kepler-334 b,0,,0.10207,5.470319,,,,,,,,,transit,2014.0,14/02/26,19 08 33.7575,+47 06 54.7206,439.8,1.06,1.068,,5828.0,,Confirmed planets
Kepler-334 d,0,,0.12849,25.09849,,,,,,,,,transit,2014.0,14/02/26,19 08 33.7575,+47 06 54.7206,439.8,1.06,1.068,,5828.0,,Confirmed planets
HD 18015 b,0,3.18,,2278.0,3.87,0.148,265.0,,,,,,RV,2018.0,18/12/06,02 53 27.2062,-08 50 52.8734,124.24,1.49,3.13,,5603.0,,Confirmed planets
Kepler-1162 b,0,,0.197,32.5637069,,,,,,,,,transit,2016.0,16/05/10,18 53 10.1065,+45 26 02.7095,965.904,0.89,0.84,-0.03,5390.0,,Confirmed planets
GJ 9404 b,0,0.03744,0.31,13.4586,0.0943,0.49,109.0,,,,,,RV,2023.0,23/10/15,12 19 23,+28 22 58,23.8839,0.62,0.63,,3811.0,,Confirmed planets
HD 5319 b,0,1.76,,641.0,1.6697,0.02,,,,,303.8,,RV,2007.0,14/11/19,00 55 01.3998,+00 47 22.4012,114.0,1.51,3.26,0.15,5052.0,,Confirmed planets
HD 5319 c,0,1.15,,886.0,2.071,0.15,,,,,,,RV,2014.0,14/11/19,00 55 01.3998,+00 47 22.4012,114.0,1.51,3.26,0.15,5052.0,,Confirmed planets
Kepler-658 b,0,,0.145,1.28707676,,,,,,,,,transit,2016.0,16/05/10,18 51 56.1057,+47 34 42.9075,392.711,0.63,0.6,-0.04,4103.0,,Confirmed planets
Kepler-1518 b,0,,0.272,5.11177904,,,,,,,,,transit,2016.0,16/05/10,20 01 19.7713,+44 59 10.1142,927.558,1.54,1.88,0.06,6846.0,,Confirmed planets
Kepler-924 b,0,,0.274,61.0370117,,,,,,,,,transit,2016.0,16/05/10,19 22 40.4457,+40 23 51.7499,1085.78,1.14,1.23,0.01,6167.0,,Confirmed planets
Kepler-282 d,0,,0.20778,24.805787,,,,,,,,,transit,2014.0,14/02/26,18 58 42.5472,+44 47 51.5971,1052.2,1.082,0.904,,5602.0,,Confirmed planets
Kepler-282 e,0,,0.2342,44.346937,,,,,,,,,transit,2014.0,14/02/26,18 58 42.5472,+44 47 51.5971,1052.2,1.082,0.904,,5602.0,,Confirmed planets
Kepler-282 b,0,,0.09204,9.220524,,,,,,,,,transit,2014.0,14/02/26,18 58 42.5472,+44 47 51.5971,1052.2,1.082,0.904,,5602.0,,Confirmed planets
Kepler-282 c,0,,0.10936,13.638723,,,,,,,,,transit,2014.0,14/02/26,18 58 42.5472,+44 47 51.5971,1052.2,1.082,0.904,,5602.0,,Confirmed planets
Kepler-671 b,0,,0.24,4.28095859,,,,,,,,,transit,2016.0,16/05/10,19 37 03.7822,+49 18 50.8497,1207.88,0.97,0.95,0.08,5624.0,,Confirmed planets
HIP 65891 b,0,6.0,,1084.5,2.81,0.13,,,,,,,RV,2015.0,15/05/25,13 30 25.27310,-58 39 51.6746,136.0,2.5,8.93,0.16,5000.0,,Confirmed planets
Kepler-799 b,0,0.119,0.614,133.4605235,0.5167,0.0,,,,89.84,433.0,,transit,2016.0,22/09/15,19 08 42,+44 52 43,1509.084,0.95,0.93,-0.07,5681.0,,Confirmed planets
Kepler-799 c,0,0.0256,0.248,15.19419956,0.1214,0.0,,,,87.06,893.0,,transit,2021.0,22/09/15,19 08 42,+44 52 43,1509.084,0.95,0.93,-0.07,5681.0,,Confirmed planets
Kepler-273 b,0,,0.1367,2.936532,,,,,,,,,transit,2014.0,14/02/26,19 25 12.5268,+47 41 51.9383,858.23,0.916,0.815,,5626.0,,Confirmed planets
Kepler-273 c,0,,0.18044,8.014927,,,,,,,,,transit,2014.0,14/02/26,19 25 12.5268,+47 41 51.9383,858.23,0.916,0.815,,5626.0,,Confirmed planets
Kepler-1168 b,0,,0.223,55.8226539,,,,,,,,,transit,2016.0,16/05/10,19 09 11.4514,+47 27 19.5931,769.112,0.87,0.82,0.13,5157.0,,Confirmed planets
Kepler-1522 b,0,,0.154,1.84788917,,,,,,,,,transit,2016.0,16/05/10,19 19 22.3799,+52 04 12.5716,833.681,0.96,0.93,-0.07,5706.0,,Confirmed planets
WASP-52 b,0,0.46,1.27,1.7497798,,0.0,,,,85.35,1315.0,,transit,2011.0,11/09/13,23 13 58.7575,+08 45 40.5713,140.0,0.87,0.79,0.03,5000.0,,Confirmed planets
K2-263 b,0,0.04657,0.215,50.818947,0.2573,0.14,,,,89.24,470.0,,transit,2018.0,18/09/27,08 38 43.7695,+15 40 50.2491,163.23,0.88,0.85,-0.08,5368.0,,Confirmed planets
K2-156 b,0,,0.1017,0.813149,,,,,,84.0,,,transit,2018.0,18/07/24,12 10 48.0492,-06 17 39.1580,74.95,0.642,0.616,-0.33,,,Confirmed planets
HD 64121 b,0,2.56,,623.0,1.51,0.11,2.7,,,,,,RV,2022.0,22/01/06,07 49 28.00,-54 48 44.00,130.0,1.64,5.44,-0.21,5966.0,,Confirmed planets
KMT-2019-BLG-2974 b,0,0.28,,,2.0,,,,,,,,microlensing,2022.0,22/04/06,17 51 25.00,-29 25 23.00,6100.0,0.47,,,,,Confirmed planets
Kepler-955 b,0,,0.279,14.53244172,,,,,,,,,transit,2016.0,16/05/10,19 13 53.1511,+40 16 11.2571,559.19,0.89,0.84,0.02,5350.0,,Confirmed planets
K2-340 b,0,0.0354,0.3,29.740451,,,,,,,606.0,,transit,2016.0,21/10/03,08 31 45,+19 04 29,738.136,0.93,1.13,0.08,5532.0,,Confirmed planets
KOI-370.02,0,,0.228,22.95102,0.178,,,,,,,,transit,2013.0,13/09/13,19 25 33.0615,+44 31 44.7509,589.92,1.419,1.98,,6022.0,4.21,Confirmed planets
KOI-370.01,0,,0.35,42.88254,0.269,0.11,,,,,,,transit,2013.0,13/09/13,19 25 33.0615,+44 31 44.7509,589.92,1.419,1.98,,6022.0,4.21,Confirmed planets
Kepler-629 b,0,,0.123,7.2385854,,,,,,,,,transit,2016.0,16/05/10,19 17 40.2822,+39 56 42.1095,376.095,0.93,0.84,0.01,5444.0,,Confirmed planets
TOI-1842 b,0,0.214,1.04,9.5739,0.1,,,,,88.4,,,transit,2021.0,21/12/03,13 27 51.00,+09 01 50.00,223.47,1.46,2.02,0.22,6230.0,,Confirmed planets
EPIC 211990866 b,0,,0.312,1.673916,,0.24,29.0,,,85.1,,,transit,2016.0,18/03/23,08 38 24.3004,+20 06 21.8283,181.5,1.18,1.19,0.14,6120.0,0.79,"Confirmed planets, Planets in open clusters"
TOI-4406 b,0,0.3,1.0,30.08364,0.201,0.15,39.0,,,88.48,904.0,,transit,2023.0,23/10/15,01 12 12,-56 55 31,261.834,1.19,1.29,0.1,6219.0,,Confirmed planets
Kepler-1109 b,0,,0.195,37.6467384,,,,,,,,,transit,2016.0,16/05/10,19 26 35.0969,+39 23 47.8631,698.763,1.05,1.06,0.04,5893.0,,Confirmed planets
OGLE-2017-BLG-1140L b,0,1.6,,,,,,,,,,,microlensing,2018.0,18/09/20,17 47 31.93,-24 31 21.6,7100.0,0.21,,,,,Confirmed planets
HD 185269 b,2,0.94,,6.838,0.077,0.3,173.0,,,,,,RV,2006.0,16/01/22,19 37 11.74092,+28 29 59.5055,50.28,1.28,1.88,0.11,5980.0,4.2,"Confirmed planets, Planets in binary systems, S-type"
K2-380 b,0,0.0248,0.243,9.401312,,,,,,,,,transit,2022.0,22/03/01,18 53 44,-26 32 19,249.303,0.99,1.32,-0.049,5911.0,,Confirmed planets
Kepler-1393 b,0,,0.071,2.44357812,,,,,,,,,transit,2016.0,16/05/10,18 57 50.2692,+40 08 33.1952,,0.95,0.92,-0.09,5697.0,,Confirmed planets
KMT-2018-BLG-2602 b,0,1.15,,,3.81,,,,,,,,microlensing,2022.0,22/06/24,17 49 35.00,-21 58 34.00,4310.0,0.66,,,,,Confirmed planets
HD 30856 b,0,1.8,,912.0,2.0,0.0,,,,,317.2,,RV,2011.0,12/07/24,04 50 17.8615,-24 21 36,118.0,1.35,4.2,-0.06,4982.0,,Confirmed planets
TOI-1634 b,0,0.01545,0.1597,0.989343,0.01545,,,,,88.2,924.0,,transit,2021.0,21/03/26,03 45 34.00,+37 06 44.00,35.274,0.502,0.45,0.23,3550.0,,Confirmed planets
K2-289 b,0,,0.812,13.156969,0.107,,,,,88.48,753.0,,transit,2019.0,19/01/31,16 26 34.3299,-15 47 32.5647,270.7,0.95,1.02,0.162,5529.0,,Confirmed planets
K2-331 b,0,0.0121,0.16,9.398977,,,,,,,909.0,,transit,2021.0,21/10/03,08 50 57,+13 10 13,211.43,1.1,1.06,0.08,5994.0,,Confirmed planets
K2-331 c,0,0.0247,0.243,22.996591,,,,,,,673.0,,transit,2018.0,21/10/03,08 50 57,+13 10 13,211.43,1.1,1.06,0.08,5994.0,,Confirmed planets
HD 11964 A b,2,0.583,,1956.0,3.14,0.073,158.0,,,,,,RV,2005.0,17/12/10,01 57 09.60763,-10 14 32.7336,32.85,1.08,2.18,0.17,,13.1,"Confirmed planets, Planets in binary systems, S-type"
HD 11964 A c,2,0.0788,,37.91,0.229,0.3,102.0,,,,,,RV,2005.0,17/12/10,01 57 09.60763,-10 14 32.7336,32.85,1.08,2.18,0.17,,13.1,"Confirmed planets, Planets in binary systems, S-type"
WASP-33 b,0,2.093,1.593,1.21987,0.0239,,,,,86.63,2782.0,,transit,2010.0,19/07/11,02 26 51.0582,+37 33 01.7377,122.36,1.5,1.44,,7430.0,,Confirmed planets
Kepler-411 c,0,0.08306,0.394,7.834435,0.0739,0.108,103.0,,,88.61,838.0,,transit,2016.0,19/07/25,19 10 25.3471,+49 31 23.7119,153.59,0.87,0.82,,,,Confirmed planets
Kepler-411 b,0,0.08055,0.214,3.005156,0.0375,0.146,41.5,,,87.4,1138.0,,transit,2013.0,19/07/11,19 10 25.3471,+49 31 23.7119,153.59,0.87,0.82,,,,Confirmed planets
Kepler-411 d,0,0.04782,0.296,58.02035,0.279,0.128,30.5,,,89.43,410.0,,transit,2018.0,19/07/25,19 10 25.3471,+49 31 23.7119,153.59,0.87,0.82,,,,Confirmed planets
Kepler-411 e,0,0.03398,,31.509728,0.186,0.016,-103.3,,,88.04,503.0,,timing,2018.0,19/07/11,19 10 25.3471,+49 31 23.7119,153.59,0.87,0.82,,,,Confirmed planets
Kepler-911 b,0,,0.232,20.310501,,,,,,,,,transit,2016.0,16/05/10,19 54 21.4048,+40 45 02.5134,565.068,1.34,1.99,0.03,6112.0,,Confirmed planets
WASP-135 b,0,1.9,1.3,1.4013794,0.0243,0.0,,,,82.0,,,transit,2015.0,15/11/21,17 49 08.3939,+29 52 44.7415,300.0,0.98,0.96,0.02,5675.0,0.6,Confirmed planets
Kepler-1170 b,0,,0.215,9.98969327,,,,,,,,,transit,2016.0,16/05/10,19 28 40.4573,+43 46 46.7867,1082.02,0.8,0.76,-0.09,5069.0,,Confirmed planets
HD 27442 A b,2,1.35,,415.2,1.16,0.058,,,,,,,RV,2000.0,12/12/07,04 16 29,-59 18 07,18.1,1.2,6.6,0.22,,,"Confirmed planets, Planets in binary systems, S-type"
GJ 1061 b,0,0.00431,,3.204,0.021,0.31,145.0,,,,,,RV,2020.0,20/02/27,03 35 59.6996,-44 30 45.7252,3.67,0.12,0.16,-0.08,2953.0,,Confirmed planets
GJ 1061 c,0,0.00547,,6.689,0.035,0.29,88.0,,,,,,RV,2020.0,20/02/27,03 35 59.6996,-44 30 45.7252,3.67,0.12,0.16,-0.08,2953.0,,Confirmed planets
GJ 1061 d,0,0.00516,,13.031,0.054,0.53,157.0,,,,,,RV,2020.0,20/02/27,03 35 59.6996,-44 30 45.7252,3.67,0.12,0.16,-0.08,2953.0,,Confirmed planets
Kepler-894 b,0,,0.248,9.803224,,,,,,,,,transit,2016.0,16/05/10,19 14 56.1794,+46 56 21.7863,1202.65,0.87,0.85,-0.25,5603.0,,Confirmed planets
Gliese 876 b,0,2.6697,,61.087,0.218589,0.034,112.27,-174.64,0.0,52.82,,,RV,2000.0,15/06/08,22 53 16.7323,-14 15 49.3034,4.69,0.37,0.3761,0.19,3129.0,,Confirmed planets
Gliese 876 c,0,0.8429,,30.0766,0.135985,0.2539,117.12,-104.6,-1.29,53.06,,,RV,2000.0,15/06/08,22 53 16.7323,-14 15 49.3034,4.69,0.37,0.3761,0.19,3129.0,,Confirmed planets
Gliese 876 d,0,0.0217,,1.93787,0.0218393,0.108,162.52,162.28,,88.26,,,RV,2005.0,15/06/08,22 53 16.7323,-14 15 49.3034,4.69,0.37,0.3761,0.19,3129.0,,Confirmed planets
Gliese 876 e,0,0.05399,,124.72,0.3343,0.031,-54.2,-42.46,-1.29,53.29,,,RV,2010.0,15/06/08,22 53 16.7323,-14 15 49.3034,4.69,0.37,0.3761,0.19,3129.0,,Confirmed planets
HD 238914 b,0,6.0,,4100.0,5.7,0.56,318.0,,,,,,RV,2018.0,18/01/25,18 38 20.2183,+59 15 13.8951,527.24,1.47,12.73,-0.25,4769.0,,Confirmed planets
Kepler-479 b,0,,0.189,12.49341307,,,,,,,,,transit,2016.0,16/05/10,19 24 05.2417,+37 46 11.2501,348.371,0.86,0.81,-0.02,5247.0,,Confirmed planets
HD 164922 e,0,0.0331,0.288,41.763,0.2292,0.086,-17.1887,,,,,,RV,2021.0,21/06/17,18 02 31,+26 18 37,22.0016,0.92,1.0,0.197,5393.43,,Confirmed planets
HD 164922 c,0,0.0409,0.327,75.74,0.341,0.12,-29.0,,,,400.5,,RV,2016.0,21/06/17,18 02 31,+26 18 37,22.0016,0.92,1.0,0.197,5393.43,,Confirmed planets
HD 164922 b,0,0.36497,1.19,1207.0,2.16,0.08,116.0,,,,159.4,,RV,2005.0,21/06/17,18 02 31,+26 18 37,22.0016,0.92,1.0,0.197,5393.43,,Confirmed planets
HD 164922 d,0,0.01259,0.163,12.458,0.103,0.12,-48.0,,,,,,RV,2020.0,21/06/17,18 02 31,+26 18 37,22.0016,0.92,1.0,0.197,5393.43,,Confirmed planets
TOI-4184 b,0,0.0204,0.217,4.9019804,0.0336,,,,,89.43,412.0,,transit,2023.0,23/10/15,02 55 19,-79 24 53,69.3649,0.21,0.23,-0.27,3238.0,,Confirmed planets
HD 105779 b,0,0.64,,2412.0,3.38,0.0,,,,,,,RV,2021.0,21/12/17,12 10 38.69,-17 36 05.00,55.1,0.89,0.94,-0.25,5792.0,,Confirmed planets
TOI-3693 b,0,1.02,1.124,8.088516,0.081,0.0,,,,89.6,801.0,,transit,2022.0,22/05/25,01 02 37.00,+51 18 14.00,176.8,,0.85,,5246.0,,Confirmed planets
HAT-P-2 b,0,8.74,0.951,5.6334729,0.0674,0.5171,,,,90.0,1343.6,,transit,2007.0,13/05/29,16 20 36.3579,+41 02 53.1090,118.0,1.36,1.64,0.14,6290.0,,Confirmed planets
11 Com b,0,19.4,,326.03,1.29,0.231,94.8,,,,,,RV,2008.0,15/09/20,12 20 43.0255,+17 47 34.3392,88.9,2.7,19.0,-0.35,4742.0,,Confirmed planets
LP 890-9 c,0,0.0796,0.122,8.457463,0.03984,,,,,89.287,272.0,,transit,2022.0,23/10/15,04 16 31,-28 18 57,32.4298,0.12,0.16,-0.028,2850.0,,Confirmed planets
LP 890-9 b,0,0.04153,0.118,2.7299025,0.01875,,,,,89.67,396.0,,transit,2022.0,23/10/15,04 16 31,-28 18 57,32.4298,0.12,0.16,-0.028,2850.0,,Confirmed planets
Kepler-581 b,0,,0.235,40.6069821,,,,,,,,,transit,2016.0,16/05/10,19 41 43.8663,+40 38 53.6750,717.978,1.0,1.0,0.03,5772.0,,Confirmed planets
Kepler-1728 b,0,0.0284,0.264,4.78299999,0.0535,0.0,,,,89.99,886.0,,transit,2021.0,22/02/01,19 08 23,+39 03 39,651.783,0.89,0.81,0.18,5170.0,,Confirmed planets
Kepler-1645 b,0,,0.159,16.1779561,,,,,,,,,transit,2016.0,16/05/10,19 49 55.0754,+48 25 06.8849,1245.1749,1.02,1.02,0.04,5812.0,,Confirmed planets
HD 175167 b,0,7.8,,1290.0,2.4,0.54,,,,,154.0,,RV,2010.0,10/01/26,19 00 00.8345,-69 56 39.2704,67.02,1.102,,0.19,5940.0,,Confirmed planets
WTS-1 b,0,4.01,1.49,3.35,0.047,0.0,,,,85.5,1362.3,,transit,2012.0,12/10/04,19 35 56.4099,+36 17 46.7962,2481.4,1.2,1.15,,6250.0,,Confirmed planets
HD 63433 b,0,,0.192,7.10793,0.0719,0.0,,,,89.38,,,transit,2020.0,20/09/24,07 49 55.0604,+27 21 47.4585,22.42,0.99,0.91,,5640.0,,Confirmed planets
HD 63433 c,0,,0.238,20.5453,0.1458,0.0,,,,89.147,,,transit,2020.0,20/09/24,07 49 55.0604,+27 21 47.4585,22.42,0.99,0.91,,5640.0,,Confirmed planets
HIP 57274 b,0,0.036,,8.1352,0.07,0.187,,,,,636.3,,RV,2011.0,11/09/15,11 44 40.9643,+30 57 33.4508,25.92,0.73,0.68,0.09,4640.0,,Confirmed planets
HIP 57274 c,0,0.41,,32.03,0.178,0.05,,,,,399.8,,RV,2011.0,11/09/15,11 44 40.9643,+30 57 33.4508,25.92,0.73,0.68,0.09,4640.0,,Confirmed planets
HIP 57274 d,0,0.527,,431.7,1.01,0.27,,,,,167.1,,RV,2011.0,11/09/15,11 44 40.9643,+30 57 33.4508,25.92,0.73,0.68,0.09,4640.0,,Confirmed planets
Kepler-1135 b,0,,0.165,76.957857,,,,,,,,,transit,2016.0,16/05/10,19 04 00.7120,+44 45 23.7126,1366.49,0.96,0.94,0.02,5656.0,,Confirmed planets
Kepler-990 b,0,,0.232,9.91723428,,,,,,,,,transit,2016.0,16/05/10,19 51 45.1757,+46 52 53.0218,820.951,1.05,1.08,0.01,5948.0,,Confirmed planets
Kepler-990 c,0,,0.136,0.53835431,,,,,,,,,transit,2016.0,16/05/10,19 51 45.1757,+46 52 53.0218,820.951,1.05,1.08,0.01,5948.0,,Confirmed planets
Kepler-647 b,0,,0.104,16.2254649,,,,,,,,,transit,2016.0,16/05/10,18 59 09,+44 35 30,789.0,1.03,1.07,-0.14,6020.0,,Confirmed planets
Kepler-647 c,0,,0.357,29.6663,,,,,,,,,transit,2020.0,20/09/03,18 59 09,+44 35 30,789.0,1.03,1.07,-0.14,6020.0,,Confirmed planets
Kepler-1387 b,0,,0.083,2.27952666,,,,,,,,,transit,2016.0,16/05/10,19 29 45.6871,+43 12 33.9198,461.382,0.82,0.77,0.02,5046.0,,Confirmed planets
HATS-20 b,0,0.273,0.776,3.7992969,0.04619,0.5,,,,87.16,,,transit,2016.0,16/07/11,13 12 31.9019,-45 24 34,454.0,0.91,0.892,0.03,5406.0,6.4,Confirmed planets
Kepler-250 c,0,,0.20778,7.156804,,,,,,,,,transit,2014.0,14/02/26,19 18 22.7423,+44 08 30.9623,894.42,0.753,0.805,,5160.0,,Confirmed planets
Kepler-250 d,0,,0.19866,17.648312,,,,,,,,,transit,2014.0,14/02/26,19 18 22.7423,+44 08 30.9623,894.42,0.753,0.805,,5160.0,,Confirmed planets
Kepler-250 b,0,,0.10298,4.148141,,,,,,,,,transit,2014.0,14/02/26,19 18 22.7423,+44 08 30.9623,894.42,0.753,0.805,,5160.0,,Confirmed planets
LkCa 15 b,0,0.5,,,14.7,,,,150.0,50.0,,,imaging,2015.0,17/12/15,04 39 17.7912,+22 21 03.3876,145.0,0.97,,,4350.0,0.002,Confirmed planets
LkCa 15 c,0,0.5,,,18.6,,,,150.0,50.0,,,imaging,2011.0,17/12/15,04 39 17.7912,+22 21 03.3876,145.0,0.97,,,4350.0,0.002,Confirmed planets
LkCa 15 d,0,0.5,,,24.7,,,,150.0,50.0,,,imaging,2015.0,17/12/15,04 39 17.7912,+22 21 03.3876,145.0,0.97,,,4350.0,0.002,Controversial
Kepler-1273 b,0,,0.222,28.625653,,,,,,,,,transit,2016.0,16/05/10,19 03 12.7730,+44 52 24.3602,1149.95,0.94,0.91,0.03,5566.0,,Confirmed planets
WASP-50 b,0,1.47,1.15,1.955096,0.02945,0.009,,,,84.74,1289.9,,transit,2011.0,11/08/15,02 54 45.1342,-10 53 53.0260,230.0,0.89,0.84,-0.12,5400.0,,Confirmed planets
Kepler-1298 b,0,,0.117,7.12811928,,,,,,,,,transit,2016.0,16/05/10,18 57 41.4593,+49 06 22.3869,552.761,1.45,2.0,0.13,6339.0,,Confirmed planets
HD 106515 A b,0,9.61,,3630.0,4.59,0.572,123.8,,,,,,RV,2011.0,12/11/29,12 15 06.5668,-07 15 26.3522,35.2,0.97,1.62,0.03,,11.7,Confirmed planets
HATS-35 b,0,1.222,1.464,1.8209933,0.03199,0.0,,,,86.9,,,transit,2016.0,16/07/11,19 46 45.1810,-63 26 04,557.0,1.317,1.433,0.21,6300.0,2.13,Confirmed planets
TAP 26 b,0,1.73,,10.91,0.0975,,,,,,,,RV,2017.0,17/01/09,04 18 51.7034,+17 23 16.5798,121.8,1.04,1.36,,,0.017,Confirmed planets
EPIC 201635569 b,0,,0.443,8.36802,0.0627,,,,,,488.0,,transit,2015.0,15/07/07,11 52 13.6904,+02 35 39.2372,219.0,0.47,0.45,-0.37,3789.0,,Confirmed planets
K2-407 c,0,0.00761,0.121,9.22453,,,,,,,,,transit,2022.0,22/03/01,15 30 13,-23 00 24,218.376,0.88,0.93,0.014,5563.0,,Confirmed planets
K2-407 b,0,0.0069,0.114,4.941907,,,,,,,,,transit,2022.0,22/03/01,15 30 13,-23 00 24,218.376,0.88,0.93,0.014,5563.0,,Confirmed planets
Kepler-656 b,0,,0.278,1.26025909,,,,,,,,,transit,2016.0,16/05/10,19 13 18.6941,+47 22 53.5999,913.492,0.86,0.82,-0.04,5281.0,,Confirmed planets
KIC 10068024 b,0,2.0,,2.073549,,,,,,,,,transit,2021.0,21/08/05,19 15 23.2931,+47 01 22.4329,,1.22,1.574,0.01,6118.0,,Confirmed planets
Kepler-1375 b,0,,0.155,3.3004192,,,,,,,,,transit,2016.0,16/05/10,19 45 10.4500,+43 24 11.7473,1491.87,1.47,1.78,0.09,6704.0,,Confirmed planets
NGTS-13 b,0,4.84,1.142,4.119027,0.0549,0.086,213.6,,,88.7,1605.0,,transit,2021.0,21/01/13,11 44 58.00,-38 08 23.00,657.0,1.3,1.788,0.25,5918.0,,Confirmed planets
KMT-2021-BLG-1303 b,0,0.38,,,2.89,,,,,,,,microlensing,2022.0,22/05/26,18 07 27.00,-29 16 54.00,6280.0,0.57,,,,,Confirmed planets
Kepler-114 c,0,,0.1367,8.041348,,,,,,,,,transit,2014.0,14/02/26,19 36 29.1357,+48 20 58.2910,267.07,0.709,0.667,,4605.0,,Confirmed planets
Kepler-114 b,0,,0.11482,5.188549,,,,,,,,,transit,2014.0,14/02/26,19 36 29.1357,+48 20 58.2910,267.07,0.709,0.667,,4605.0,,Confirmed planets
Kepler-114 d,0,,0.22054,11.776134,,,,,,,,,transit,2014.0,14/02/26,19 36 29.1357,+48 20 58.2910,267.07,0.709,0.667,,4605.0,,Confirmed planets
Kepler-1632 b,0,,0.22,448.303558,,,,,,,,,transit,2016.0,16/05/10,19 37 58.7624,+43 54 49.0491,731.904,1.12,1.19,0.0,6137.0,,Confirmed planets
TOI-1130 b,0,,0.326,4.066499,0.04394,0.22,,,,87.98,810.0,,transit,2020.0,20/04/02,19 05 30,-41 26 15,58.36,0.68,0.69,0.2,4250.0,,Confirmed planets
TOI-1130 c,0,0.974,1.5,8.350381,0.07098,0.047,-28.0,,,87.43,637.0,,transit,2020.0,20/04/02,19 05 30,-41 26 15,58.36,0.68,0.69,0.2,4250.0,,Confirmed planets
K2-84 b,0,,0.215,6.4215,0.0665,,,,,,,,transit,2016.0,16/07/18,03 43 14.2224,+16 38 04.3730,287.23,0.95,0.93,,5652.0,,Confirmed planets
K2-84 c,0,,0.181,27.86,0.1768,,,,,,,,transit,2016.0,16/07/18,03 43 14.2224,+16 38 04.3730,287.23,0.95,0.93,,5652.0,,Confirmed planets
TOI-1694 b,0,0.08212,0.485,3.77015,,0.0,,,,,953.419593194,,transit,2023.0,23/02/22,06 30 60,+66 21 38,124.68,0.84,0.82,0.12,5066.4,,Confirmed planets
TOI-1694 c,0,1.05,1.23,389.2,,0.18,,,,,,,RV,2023.0,23/02/22,06 30 60,+66 21 38,124.68,0.84,0.82,0.12,5066.4,,Confirmed planets
Kepler-1630 b,0,,0.195,509.997402,,,,,,,,,transit,2016.0,16/05/10,19 50 02.0006,+43 42 39.3946,334.403,0.66,0.63,-0.46,4736.0,,Confirmed planets
OGLE-2017-BLG-1806L b,0,0.01658,0.192,,1.75,,,,,,,,microlensing,2023.0,23/10/15,17 46 30,-24 16 20,6400.0,0.38,,,,,Confirmed planets
Kepler-1373 b,0,,0.103,1.29123275,,,,,,,,,transit,2016.0,16/05/10,19 03 00.4919,+39 14 57.1164,,1.22,1.33,0.03,6299.0,,Confirmed planets
Kepler-293 b,0,,0.27977,19.254196,,,,,,,,,transit,2014.0,14/02/26,19 05 25.9357,+42 24 23.3726,1289.47,0.953,0.957,,5804.0,,Confirmed planets
Kepler-293 c,0,,0.34903,54.155743,,,,,,,,,transit,2014.0,14/02/26,19 05 25.9357,+42 24 23.3726,1289.47,0.953,0.957,,5804.0,,Confirmed planets
KIC 10024862 b,0,,0.49,567.0445,,,,,,89.868,,,transit,2015.0,16/05/23,19 47 13,+46 56 04,,1.07,1.11,0.07,6616.0,,Confirmed planets
Kepler-965 b,0,,0.302,134.2527298,,,,,,,,,transit,2016.0,16/05/10,19 54 03.6766,+41 53 28.3224,592.733,1.05,1.15,0.03,5886.0,,Confirmed planets
HAT-P-59 b,0,1.54,1.123,4.1419771,0.05064,0.03,,,,85.18,1277.8,,transit,2021.0,21/08/02,19 29 50.0701,+62 31 45.1750,265.471,1.01,1.1,0.217,5678.0,,Confirmed planets
K2-315 b,0,,0.085,3.1443189,,,,,,88.74,460.0,,transit,2020.0,20/08/13,15 12 05,-20 06 31,56.8,0.17,0.2,-0.24,3300.0,,Confirmed planets
Kepler-1556 b,0,,0.175,8.82713457,,,,,,,,,transit,2016.0,16/05/10,19 13 35.2766,+40 12 47.4717,970.497,0.97,0.95,0.08,5608.0,,Confirmed planets
Kepler-1352 b,0,,0.079,1.87788275,,,,,,,,,transit,2016.0,16/05/10,19 22 46.4951,+48 42 05.3228,684.088,1.11,1.16,0.0,6118.0,,Confirmed planets
PSR J1311-3430 b,0,12.0,,0.065115,,,,,,,,,RV,2012.0,21/06/26,13 11 48.00,-34 30 35.00,,,,,,,Confirmed planets
Kepler-854 b,0,,1.492,2.14463285,,,,,,,,,transit,2016.0,16/05/10,19 33 24.3099,+43 08 04.8323,1455.39,1.17,1.27,0.04,6179.0,,Confirmed planets
Kepler-695 b,0,,0.822,3.04033042,,,,,,,,,transit,2016.0,16/05/10,19 57 15.8565,+40 49 20.5751,863.1852,0.84,0.8,-0.01,5181.0,,Confirmed planets
K2-395 c,0,0.036,0.303,8.491282,,,,,,,,,transit,2022.0,22/03/01,04 41 47,+16 40 28,286.727,0.95,0.78,-0.033,5007.0,,Confirmed planets
K2-395 b,0,0.0228,0.232,4.803352,,,,,,,,,transit,2022.0,22/03/01,04 41 47,+16 40 28,286.727,0.95,0.78,-0.033,5007.0,,Confirmed planets
HD 130322 b,0,1.02,,10.72,0.088,0.044,,,,76.0,721.7,,RV,1999.0,10/12/08,14 47 32.7265,-00 16 53.3059,30.0,0.79,0.83,-0.02,5330.0,,Confirmed planets
K2-385 b,0,0.00939,0.137,2.380867,,,,,,,,,transit,2022.0,22/03/01,00 50 27,+05 52 17,420.819,0.93,0.76,-0.224,4844.0,,Confirmed planets
K2-402 b,0,0.0241,0.239,17.27474,,,,,,,,,transit,2022.0,22/03/01,10 45 48,+06 25 10,523.055,0.94,1.28,-0.378,5716.0,,Confirmed planets
HD 93083 b,0,0.37,,143.58,0.477,0.14,,,,,292.3,,RV,2005.0,10/12/31,10 44 20.9151,-33 34 37.2862,28.9,0.7,,0.15,4995.0,,Confirmed planets
TOI-1408 b,0,1.69,1.5,4.424711,0.05804,0.259,305.2,,,84.801,1011.0,,transit,2023.0,23/10/15,20 54 03,+72 34 50,139.484,1.33,1.27,7.79,6306.0,,Confirmed planets
Kepler-108 b,2,0.308,0.585,49.18351,,0.13,-154.0,,0.0,90.59,,,transit,2014.0,17/11/27,19 38 14.139,+46 03 44.98,313.0,0.96,0.97,,,,"Confirmed planets, Planets in binary systems, S-type"
Kepler-108 c,2,0.17,0.513,190.339,,0.14,-60.0,,30.0,90.416,,,transit,2014.0,17/11/27,19 38 14.139,+46 03 44.98,313.0,0.96,0.97,,,,"Confirmed planets, Planets in binary systems, S-type"
WASP-139 b,0,0.117,0.8,5.924262,0.062,0.0,,,,88.9,,,transit,2016.0,16/07/11,03 18 14.9435,-41 41 52,230.0,0.92,0.8,0.2,5310.0,0.5,Confirmed planets
Kepler-488 b,0,,1.409,3.12082923,,,,,,,,,transit,2016.0,16/05/10,18 51 51.8892,+48 20 42.1804,1184.13,1.07,1.09,0.03,5970.0,,Confirmed planets
HD 183579 b,0,0.06198,0.317,17.471278,0.1334,0.28,,,,89.33,769.0,,transit,2021.0,21/03/04,19 33 08.5944,-54 31 56.5412,57.06,1.03,0.98,-0.023,5788.0,,Confirmed planets
Kepler-502 b,0,,0.426,4.28686431,,,,,,,,,transit,2016.0,16/05/10,19 24 19.2326,+43 51 36.7059,1667.22,1.15,1.22,0.05,6125.0,,Confirmed planets
Qatar-10 b,0,0.736,1.543,1.645321,0.0286,0.0,,,,85.87,1955.0,,transit,2019.0,19/05/02,18 57 47,+69 34 15,539.0,1.16,1.25,0.016,6124.0,,Confirmed planets
HD 216770 b,0,0.65,,118.45,0.46,0.37,,,,,338.2,,RV,2003.0,10/12/30,22 55 53.7082,-26 39 31.5480,38.0,0.9,1.0,0.23,5248.0,,Confirmed planets
NGTS-24 b,0,0.52,1.214,3.4678796,0.0479,0.0,,,,82.61,1499.0,,transit,2022.0,23/01/12,11 14 15,-37 54 36,683.062,1.26,1.64,0.27,5820.0,,Confirmed planets
Kepler-29 b,0,0.01573,0.227,10.33974,,0.0,,,,89.13,,,transit,2011.0,20/05/07,19 53 23.6020,+47 29 28.4361,851.9,0.76,0.73,-0.44,5378.0,,Confirmed planets
Kepler-29 c,0,0.01416,0.209,13.28613,,0.0,,,,,,,transit,2011.0,20/05/07,19 53 23.6020,+47 29 28.4361,851.9,0.76,0.73,-0.44,5378.0,,Confirmed planets
TOI-2207 b,0,0.64,0.995,8.001968,0.0854,0.174,,,,88.84,1259.0,,transit,2022.0,22/05/24,20 30 23.00,-44 53 15.00,380.6,1.296,1.564,0.18,6101.0,,Confirmed planets
HD 5583 b,0,5.78,,139.35,0.53,0.076,12.0,,,,,,RV,2016.0,17/12/09,00 57 56.7154,+34 59 07.8994,222.0,1.01,9.09,-0.5,4830.0,7.4,Confirmed planets
CoRoT-29 b,0,0.85,0.97,2.8505615,0.0357,,,,,85.8,,,transit,2015.0,17/11/29,18 35 36.5004,+06 28 46.6756,765.0,0.97,0.9,0.2,5260.0,4.5,Confirmed planets
Kepler-942 b,0,,0.19,44.96417488,,,,,,,,,transit,2016.0,16/05/10,19 39 49.2211,+44 08 59.4368,217.718,0.81,0.75,0.09,4861.0,,Confirmed planets
WASP-75 b,0,1.07,1.27,2.484193,0.0375,0.0,,,,82.0,1710.0,,transit,2013.0,13/07/25,22 49 32.5677,-10 40 31.9274,260.0,1.14,1.26,0.07,6100.0,,Confirmed planets
HD 6434 b,0,0.44,,22.017,0.148,0.146,163.2,,,,,,RV,2000.0,15/10/16,01 04 40.15077,-39 29 17.5822,41.4,0.89,1.14,-0.48,5690.0,11.27,Confirmed planets
Kepler-688 b,0,,0.871,3.89593684,,,,,,,,,transit,2016.0,16/05/10,19 38 37.2539,+39 18 30.0565,1409.84,0.98,0.96,0.02,5715.0,,Confirmed planets
HD 145934 b,0,2.28,,2730.0,4.6,0.053,215.0,,,,,,RV,2015.0,15/08/15,16 13 09.8843,+13 14 22.0524,229.4,1.748,5.38,,,,Confirmed planets
HD 220842 b,0,3.18,,218.47,0.74,0.404,-134.9,,,,,,RV,2016.0,17/12/09,23 26 36.9880,+56 53 11.4908,65.06,1.13,,-0.17,5960.0,,Confirmed planets
Kepler-1382 b,0,,0.168,16.3583055,,,,,,,,,transit,2016.0,16/05/10,19 41 30.5729,+39 02 52.8841,752.445,1.36,1.72,0.3,6161.0,,Confirmed planets
KOI-1843.03,0,0.0014,0.054,0.1768913,0.0048,,,,,72.0,,,transit,2012.0,13/07/15,19 00 03.1450,+40 13 14.7985,134.833,0.52,0.5,0.07,3687.0,,Controversial
Kepler-974 b,0,,0.14,4.19449651,0.039,,,,,89.38,,,transit,2016.0,17/11/28,19 00 03.1450,+40 13 14.7985,134.833,0.52,0.5,0.07,3687.0,,Confirmed planets
KOI-1843.02,0,,0.071,6.356006,0.052,,,,,88.24,,,transit,2016.0,,19 00 03.1450,+40 13 14.7985,134.833,0.52,0.5,0.07,3687.0,,Controversial
XO-3 b,0,11.79,1.217,3.1915239,0.0454,0.26,,,,84.2,1554.5,,transit,2007.0,12/04/08,04 21 52.7044,+57 49 01.8920,260.0,1.213,1.377,-0.177,6429.0,,Confirmed planets
Kepler-879 b,0,,0.229,33.3855938,,,,,,,,,transit,2016.0,16/05/10,19 43 13.5783,+50 54 35.2382,821.625,1.02,1.02,0.05,5792.0,,Confirmed planets
K2-376 b,0,0.0115,0.155,5.776475,,,,,,,,,transit,2022.0,22/03/01,08 50 53,+25 02 17,161.61,0.91,1.15,-0.176,5937.0,,Confirmed planets
Kepler-880 b,0,,0.237,7.71468975,,,,,,,,,transit,2016.0,16/05/10,18 47 53.0921,+43 40 21.8884,611.845,1.46,1.74,0.03,6761.0,,Confirmed planets
EPIC 204221263 b,0,0.0378,0.138,4.01593,0.0506,,,,,87.28,,,transit,2015.0,15/12/06,16 00 08.0583,-23 11 21.3272,193.7,1.07,1.1,0.28,5757.0,,Confirmed planets
EPIC 204221263 c,0,0.031,0.216,10.56103,0.0964,,,,,88.61,,,transit,2015.0,15/12/06,16 00 08.0583,-23 11 21.3272,193.7,1.07,1.1,0.28,5757.0,,Confirmed planets
Kepler-77 b,0,0.43,0.96,3.5787087,0.04501,,,,,88.0,1189.0,,transit,2013.0,14/04/03,19 18 25.9101,+44 20 43.5713,570.0,0.95,0.99,0.2,5520.0,7.5,Confirmed planets
HD 169830 b,0,2.88,,225.62,0.81,0.31,148.0,,,,,,RV,2000.0,17/12/10,18 27 49.48353,-29 49 00.7073,36.6,1.41,1.84,0.21,6300.0,2.3,Confirmed planets
HD 169830 c,0,3.54,,1834.3,3.29,0.0,95.7,,,,,,RV,2003.0,17/12/10,18 27 49.48353,-29 49 00.7073,36.6,1.41,1.84,0.21,6300.0,2.3,Confirmed planets
HIP 113103 b,0,0.0126,0.163,7.610303,0.06899,0.17,-10.0,,,88.23,721.0,,transit,2023.0,23/10/15,22 54 17,-43 00 37,46.2122,0.76,0.74,-0.1,4930.0,,Confirmed planets
HIP 113103 c,0,0.02,0.214,14.245648,0.10479,0.17,-70.0,,,89.24,585.0,,transit,2023.0,23/10/15,22 54 17,-43 00 37,46.2122,0.76,0.74,-0.1,4930.0,,Confirmed planets
Gliese 849 b,0,0.911,,1924.0,2.39,0.038,66.0,,,,,,RV,2006.0,15/08/15,22 09 40.3443,-04 38 26.6512,9.1,0.49,0.52,0.31,3601.0,,Confirmed planets
Gliese 849 c,0,0.944,,5520.0,4.82,0.087,172.0,,,,,,RV,2013.0,15/08/15,22 09 40.3443,-04 38 26.6512,9.1,0.49,0.52,0.31,3601.0,,Confirmed planets
Kepler-322 c,0,,0.15219,4.337234,,,,,,,,,transit,2014.0,14/02/26,18 45 23.7107,+44 17 42.8585,443.29,0.9,0.89,,5388.0,,Confirmed planets
Kepler-322 b,0,,0.09204,1.653888,,,,,,,,,transit,2014.0,14/02/26,18 45 23.7107,+44 17 42.8585,443.29,0.9,0.89,,5388.0,,Confirmed planets
HD 125612 b,0,3.0,,502.0,1.37,0.46,,,,,224.5,,RV,2007.0,10/12/06,14 20 53.5176,-17 28 53.4888,52.82,1.1,1.05,0.24,5897.0,,Confirmed planets
HD 125612 c,0,0.058,,4.1547,0.05,0.27,,,,,1186.0,,RV,2009.0,10/12/06,14 20 53.5176,-17 28 53.4888,52.82,1.1,1.05,0.24,5897.0,,Confirmed planets
HD 125612 d,0,7.2,,3008.0,4.2,0.28,,,,,129.4,,RV,2009.0,10/12/06,14 20 53.5176,-17 28 53.4888,52.82,1.1,1.05,0.24,5897.0,,Confirmed planets
K2-155 b,0,,0.161,6.342,0.0562,,,,,88.3,708.0,,transit,2018.0,18/04/26,04 21 52.4847,+21 21 12.9376,82.0,0.65,0.58,-0.3,4258.0,,Confirmed planets
K2-155 c,0,,0.232,13.85,0.0946,,,,,88.96,583.0,,transit,2018.0,18/04/26,04 21 52.4847,+21 21 12.9376,82.0,0.65,0.58,-0.3,4258.0,,Confirmed planets
K2-155 d,0,,0.17,40.718,0.1937,,,,,89.61,381.0,,transit,2018.0,18/04/26,04 21 52.4847,+21 21 12.9376,82.0,0.65,0.58,-0.3,4258.0,,Confirmed planets
HD 164509 b,0,0.48,,282.4,0.875,0.26,,,,,286.2,,RV,2011.0,11/09/15,18 01 31.2275,+00 06 16.4026,52.0,1.13,1.06,0.21,5922.0,,Confirmed planets
WASP-89 b,0,5.9,1.04,3.3564227,0.0427,0.193,,,,89.4,1120.0,,transit,2014.0,14/10/24,20 55 35.9893,-18 58 16.0477,293.4,0.92,0.88,0.15,4955.0,1.3,Confirmed planets
Kepler-1222 b,0,,0.07,1.91694425,,,,,,,,,transit,2016.0,16/05/10,19 39 33.5080,+49 22 47.1494,420.239,0.84,0.8,-0.04,5239.0,,Confirmed planets
HIP 56640 b,0,3.67,,2574.9,3.73,0.12,157.2,,,,,,RV,2020.0,21/03/29,11 36 48.1837,-37 02 20.6584,122.76,1.04,4.93,-0.03,4769.0,,Confirmed planets
Kepler-1444 b,0,,0.194,33.42035034,,,,,,,,,transit,2016.0,16/05/10,19 01 19.3500,+42 02 25.6719,322.643,1.03,1.05,0.06,5810.0,,Confirmed planets
Kepler-237 c,0,,0.18955,8.103636,,,,,,,,,transit,2014.0,14/02/26,18 52 53.1340,+40 25 18.5178,660.75,0.696,0.725,,4861.0,,Confirmed planets
Kepler-237 b,0,,0.12849,4.715106,,,,,,,,,transit,2014.0,14/02/26,18 52 53.1340,+40 25 18.5178,660.75,0.696,0.725,,4861.0,,Confirmed planets
gamma Libra b,0,1.02,,415.2,1.24,0.21,187.0,,,,,,RV,2018.0,18/04/26,15 35 31.5788,-14 47 22.3278,47.43,1.47,11.1,-0.3,4822.0,,Confirmed planets
gamma Librai c,0,4.58,,964.6,2.17,0.057,146.0,,,,,,RV,2018.0,18/04/26,15 35 31.5788,-14 47 22.3278,47.43,1.47,11.1,-0.3,4822.0,,Confirmed planets
TOI-2796 b,0,0.44,1.54,4.8084983,0.0569,0.0,,,,85.22,1205.0,,transit,2023.0,23/10/15,05 36 37,+00 53 47,350.343,1.06,1.07,0.239,5764.0,,Confirmed planets
Kepler-474 b,0,,0.273,5.66067294,,,,,,,,,transit,2016.0,16/05/10,19 29 17.1646,+43 52 52.1623,862.366,0.99,1.08,-0.01,5785.0,,Confirmed planets
HIP 67537 b,0,11.1,,2592.5,4.96,0.59,120.7,,,,,,RV,2016.0,17/01/24,13 50 19.3959,-39 05 57,112.6,2.41,8.69,0.15,4985.0,,Confirmed planets
K2-337 b,0,0.0232,0.234,16.273563,,,,,,88.138,850.0,,transit,2016.0,21/10/03,08 31 03,+16 54 02,421.636,0.94,1.32,-0.27,5869.0,,Confirmed planets
Kepler-438 b,0,,0.1,35.23319,0.166,,,,,89.86,,,transit,2015.0,15/01/28,18 46 34.9969,+41 57 03.9233,145.0,0.544,0.52,0.16,3748.0,4.4,Confirmed planets
Kepler-107 e,0,,0.3144,14.749049,0.124,0.02,,,,87.3,,,transit,2014.0,14/02/26,19 48 06.7735,+48 12 30.9618,512.66,1.183,1.411,0.27,5851.0,,Confirmed planets
Kepler-107 c,0,,0.16495,4.901425,0.0597,0.02,,,,85.1,,,transit,2014.0,14/02/26,19 48 06.7735,+48 12 30.9618,512.66,1.183,1.411,0.27,5851.0,,Confirmed planets
Kepler-107 b,0,,0.14216,3.179997,0.0448,0.02,,,,87.1,,,transit,2014.0,14/02/26,19 48 06.7735,+48 12 30.9618,512.66,1.183,1.411,0.27,5851.0,,Confirmed planets
Kepler-107 d,0,,0.09751,7.958203,0.0825,0.14,,,,88.8,,,transit,2014.0,14/02/26,19 48 06.7735,+48 12 30.9618,512.66,1.183,1.411,0.27,5851.0,,Confirmed planets
HD 114762 b,2,10.98,,83.9151,0.353,0.3354,,,,,486.8,,RV,1992.0,11/06/09,13 12 19,+17 31 01,39.46,0.84,1.24,-0.71,5934.0,,"Confirmed planets, Planets in binary systems, S-type"
Kepler-1857 b,0,0.0142,0.175,8.94340992,0.0807,0.0,,,,89.66,946.0,,transit,2021.0,22/02/01,19 45 49,+39 35 55,853.275,0.87,1.01,-0.54,6074.0,,Confirmed planets
Kepler-1415 b,0,,0.115,0.63642408,,,,,,,,,transit,2016.0,16/05/10,19 00 37.6439,+47 52 23.9660,1075.04,0.89,0.84,0.12,5267.0,,Confirmed planets
Kepler-1261 b,0,,0.202,48.4308991,,,,,,,,,transit,2016.0,16/05/10,19 00 55.7945,+48 48 24.1929,760.398,0.82,0.77,0.03,5006.0,,Confirmed planets
Kepler-1097 b,0,,0.291,187.747029,,,,,,,,,transit,2016.0,16/05/10,18 46 22.5925,+42 35 47.0628,734.862,0.82,0.79,-0.11,5211.0,,Confirmed planets
TOI-203 b,0,,,52.0,,,,,,,,,transit,2018.0,22/03/02,02 52 04.00,-67 41 15.00,24.79,,,,3209.0,,Confirmed planets
Kepler-492 b,0,,0.856,11.72012266,,,,,,,,,transit,2016.0,16/05/10,19 41 59.1967,+42 32 16.4008,597.979,0.94,0.91,0.07,5527.0,,Confirmed planets
HD 12661 b,0,2.3,,263.6,0.83,0.377,,,,,291.4,,RV,2000.0,11/01/04,02 04 34.2883,+25 24 51.5142,37.89,1.07,1.12,0.29,5742.0,,Confirmed planets
HD 12661 c,0,1.57,,1708.0,2.56,0.031,,,,,167.5,,RV,2002.0,11/01/04,02 04 34.2883,+25 24 51.5142,37.89,1.07,1.12,0.29,5742.0,,Confirmed planets
Kepler-1511 b,0,,0.15,23.2382792,,,,,,,,,transit,2016.0,16/05/10,19 13 41.0885,+43 10 47.2797,1541.31,1.17,1.29,0.14,6064.0,,Confirmed planets
KMT-2016-BLG-1105L b,0,0.0073,0.118,,2.44,,,,,,,,microlensing,2023.0,23/10/15,17 45 47,-26 15 59,5080.0,0.41,,,,,Confirmed planets
Kepler-103 b,0,,0.307109,15.9654,0.128,0.03,,,,87.8,,,transit,2014.0,15/06/12,19 15 56.2939,+40 03 52.2858,476.8,1.09,1.44,0.07,5845.0,5.7,Confirmed planets
Kepler-103 c,0,,0.46841,179.612,0.641,0.02,,,,89.7,,,transit,2014.0,15/06/12,19 15 56.2939,+40 03 52.2858,476.8,1.09,1.44,0.07,5845.0,5.7,Confirmed planets
K2-352 c,0,0.0137,0.171,8.234885,,,,,,,885.0,,transit,2018.0,21/10/03,09 21 47,+18 28 11,176.051,0.98,0.95,-0.05,5791.0,,Confirmed planets
K2-352 d,0,0.0176,0.199,14.871387,,,,,,,727.0,,transit,2018.0,21/10/03,09 21 47,+18 28 11,176.051,0.98,0.95,-0.05,5791.0,,Confirmed planets
K2-352 b,0,0.00771,0.122,3.665912,,,,,,,1160.0,,transit,2021.0,21/10/03,09 21 47,+18 28 11,176.051,0.98,0.95,-0.05,5791.0,,Confirmed planets
HD 134987 b,0,1.59,,258.19,0.81,0.233,,,,,313.3,,RV,1999.0,09/12/15,15 13 28.6671,-25 18 33.6546,22.2,1.07,1.25,0.25,5740.0,,Confirmed planets
HD 134987 c,0,0.82,,5000.0,5.8,0.12,,,,,117.4,,RV,2009.0,09/12/15,15 13 28.6671,-25 18 33.6546,22.2,1.07,1.25,0.25,5740.0,,Confirmed planets
Kepler-510 b,0,,0.22,19.55659418,,,,,,,,,transit,2016.0,16/05/10,19 10 37.1972,+39 14 39.4123,390.488,0.91,1.41,-0.35,5746.0,,Confirmed planets
Kepler-1357 b,0,,0.114,3.0091324,,,,,,,,,transit,2016.0,16/05/10,19 26 11.5406,+50 21 11.9084,1046.03,0.93,0.9,-0.06,5597.0,,Confirmed planets
PSR J1719-1438 b,0,1.21,,0.090706293,0.00442,,,,,,,,timing,2011.0,16/04/12,17 19 10.0730,-14 38 00.96,1200.0,1.4,1.4e-05,,,,Confirmed planets
Kepler-472 b,0,,0.287,4.17625551,,,,,,,,,transit,2016.0,16/05/10,19 46 05.8385,+39 14 59.1612,309.329,0.85,0.78,0.16,4996.0,,Confirmed planets
HD 219139 b,0,0.78,,275.5,0.94,0.11,318.0,,,,,,RV,2021.0,21/12/16,23 13 27.00,+11 14 54.00,,,,,,,Confirmed planets
Kepler-935 b,0,,0.12,4.88083852,,,,,,,,,transit,2016.0,16/05/10,19 40 05.2053,+46 37 09.0916,478.263,0.78,0.73,-0.01,4830.0,,Confirmed planets
TOI-1136 b,0,0.0134,0.17,4.17278,,0.031,45.0,,,86.44,,,transit,2022.0,23/01/12,12 48 44,+64 51 19,84.5362,1.02,0.97,0.07,5770.0,,Confirmed planets
TOI-1136 g,0,0.0218,0.226,39.5387,,0.036,-87.0,,,89.65,,,transit,2022.0,23/01/12,12 48 44,+64 51 19,84.5362,1.02,0.97,0.07,5770.0,,Confirmed planets
TOI-1136 e,0,0.0235,0.235,18.7992,,0.057,-66.0,,,89.31,672.872760628,,transit,2022.0,23/01/12,12 48 44,+64 51 19,84.5362,1.02,0.97,0.07,5770.0,,Confirmed planets
TOI-1136 d,0,0.0609,0.413,12.51937,,0.016,118.0,,,89.41,1393.0,,transit,2022.0,23/01/12,12 48 44,+64 51 19,84.5362,1.02,0.97,0.07,5770.0,,Confirmed planets
TOI-1136 f,0,0.0451,0.346,26.3162,,0.012,140.0,,,89.38,631.0,,transit,2022.0,23/01/12,12 48 44,+64 51 19,84.5362,1.02,0.97,0.07,5770.0,,Confirmed planets
TOI-1136 c,0,0.0272,0.257,6.25725,,0.117,-113.0,,,89.42,1076.0,,transit,2022.0,23/01/12,12 48 44,+64 51 19,84.5362,1.02,0.97,0.07,5770.0,,Confirmed planets
BD+48 738 b,0,0.91,,392.6,1.0,0.2,358.9,,,,,,RV,2011.0,15/11/17,02 42 50.4643,+49 35 13.0796,892.1,0.74,11.0,-0.2,4414.0,,Confirmed planets
KOI-55 b,0,0.0014,0.068,0.2401,0.006,,,,,,7112.0,,imaging,2011.0,15/08/26,19 45 25.4746,+41 05 33.8820,1180.0,0.496,0.203,,27730.0,,Controversial
KOI-55 c,0,0.0021,0.078,0.34289,0.0076,,,,,,6319.1,,imaging,2011.0,15/08/26,19 45 25.4746,+41 05 33.8820,1180.0,0.496,0.203,,27730.0,,Controversial
Kepler-271 b,0,,0.08111,5.217738,,,,,,,,,transit,2014.0,14/02/26,18 52 00.7169,+44 17 03.1888,434.75,,0.88,,5524.0,,Confirmed planets
Kepler-271 c,0,,0.09113,7.410935,,,,,,,,,transit,2014.0,14/02/26,18 52 00.7169,+44 17 03.1888,434.75,,0.88,,5524.0,,Confirmed planets
Kepler-271 d,0,,0.059,5.24972541,,,,,,,,,transit,2016.0,16/05/10,18 52 00.7169,+44 17 03.1888,434.75,,0.88,,5524.0,,Confirmed planets
HR 810 b,0,2.26,,320.1,0.925,0.161,,,,,373.3,,RV,1999.0,10/12/29,02 42 33.4664,-50 48 01.0562,17.17,1.11,1.85,0.25,5997.0,,Confirmed planets
TCP J05074264+2447555L b,0,0.0289,,,,,,,,,,,microlensing,2018.0,18/09/20,05 07 42.64,+24 47 55.5,689.0,0.25,,,,,Confirmed planets
Kepler-1976 b,0,,1.043,4.95931924,0.0565,0.0,,,,86.15,1103.0,,timing,2023.0,23/10/15,19 28 40,+48 43 39,1314.51,0.98,1.08,0.1,5712.0,,Confirmed planets
Kepler-1801 c,0,0.0277,0.362,116.583183,0.4572,0.0,,,,89.74,371.0,,transit,2023.0,23/10/15,19 40 39,+39 12 05,839.332,0.94,0.98,-0.06,5738.0,,Confirmed planets
Kepler-1801 b,0,0.0245,0.242,10.44089985,0.0915,0.0,,,,84.89,829.0,,transit,2021.0,23/10/15,19 40 39,+39 12 05,839.332,0.94,0.98,-0.06,5738.0,,Confirmed planets
KMT-2021-BLG-1253 b,0,0.05994,,,1.52,,,,,,,,microlensing,2022.0,22/02/08,17 50 28.00,-29 16 45.00,6649.0,0.24,,,,,Confirmed planets
BD+20 594 b,0,0.05129,0.1989,41.6855,0.241,0.0,,,,89.55,,,transit,2016.0,17/11/30,03 34 36.2296,+20 35 57.2697,173.0,0.961,0.928,-0.15,5766.0,3.34,Confirmed planets
HD 11505 b,0,8.33652,1.12,32669.2224679,20.331534,0.144108,62.4774,,,87.505,,,RV,2022.0,22/09/27,01 53 06,-01 19 42,38.9679,1.03,1.2,-0.22,5757.15,,Confirmed planets
Kepler-5 b,0,2.114,1.431,3.54846,0.05064,0.0,,,,86.3,1652.1,,transit,2010.0,10/04/23,19 57 37.6884,+44 02 06.1895,923.446,1.374,1.793,0.04,6297.0,,Confirmed planets
TOI-4138 b,0,0.67,1.49,3.660028,0.051,0.03,20.0,,,86.0,1762.0,,transit,2021.0,21/10/04,10 10 08.00,+72 42 37.00,507.0,1.32,1.82,,,,Confirmed planets
Gliese 436 b,0,0.07992,0.361,2.64389803,0.0286,0.1616,327.2,,,86.858,,,transit,2004.0,17/12/22,11 42 11.0932,+26 42 23.6580,9.748,0.445,0.449,-0.32,3479.0,,Confirmed planets
UCF-1.01,0,,0.0589,1.365862,,,,,,85.17,,,transit,2012.0,17/12/22,11 42 11.0932,+26 42 23.6580,9.748,0.445,0.449,-0.32,3479.0,,Controversial
UCF-1.02,0,,0.058,,,,,,,,,,transit,2012.0,17/12/22,11 42 11.0932,+26 42 23.6580,9.748,0.445,0.449,-0.32,3479.0,,Controversial
Kepler-28 b,0,,0.32806906,5.91,0.062,,,,,,680.0,,transit,2012.0,12/01/26,19 28 32.8905,+42 25 45.9593,772.8,0.75,0.7,0.34,4590.0,,Confirmed planets
Kepler-28 c,0,,0.30984,8.98,0.081,,,,,,595.0,,transit,2012.0,12/08/06,19 28 32.8905,+42 25 45.9593,772.8,0.75,0.7,0.34,4590.0,,Confirmed planets
KELT-15 b,0,0.91,1.443,3.329441,0.04613,,,,,,1642.0,,transit,2015.0,15/09/29,07 49 39.6019,-52 07 13.5741,291.0,1.181,1.481,0.047,6003.0,,Confirmed planets
HD 200964 b,0,1.85,,613.8,1.601,0.04,288.0,,,,,,RV,2010.0,15/09/23,21 06 39.84239,+03 48 11.2280,68.4,1.44,4.3,-0.15,5164.0,3.0,Confirmed planets
HD 200964 c,0,0.895,,825.0,1.95,0.181,182.6,,,,,,RV,2010.0,15/09/23,21 06 39.84239,+03 48 11.2280,68.4,1.44,4.3,-0.15,5164.0,3.0,Confirmed planets
Kepler-1428 b,0,,0.146,10.67607169,,,,,,,,,transit,2016.0,16/05/10,19 50 34.1468,+49 35 41.9361,1600.51,1.28,1.36,0.35,6184.0,,Confirmed planets
HIP 71135 b,0,0.05915,,87.19,0.335,0.21,115.6,,,,,,RV,2019.0,19/05/23,14 32 52.2201,-52 38 46.5568,32.36,0.66,,,4146.0,,Confirmed planets
TOI-1259 A b,2,0.441,1.022,3.47798,0.0407,0.0,,,,89.7,963.0,,transit,2021.0,21/01/11,18 48 24.00,+79 15 22.00,118.11,0.68,0.739,-0.5,4775.0,,"Confirmed planets, Planets in binary systems, S-type"
WASP-129 b,0,1.0,0.93,5.748145,0.0628,,,,,87.7,1100.0,,transit,2016.0,16/02/04,11 45 11.7561,-42 03 50.2223,246.0,1.0,,0.15,5900.0,,Confirmed planets
WASP-18 b,0,10.42954,,0.94124,0.02,,,,,85.68,,,transit,2009.0,19/12/05,01 37 25.0335,-45 40 40.3765,123.92,1.22,1.23,,6400.0,,Confirmed planets
WASP-18 c,0,0.17368,,2.1558,0.035,0.015,272.0,,,,,,timing,2019.0,19/12/05,01 37 25.0335,-45 40 40.3765,123.92,1.22,1.23,,6400.0,,Confirmed planets
OGLE-2013-BLG-1721L b,0,0.64,,,,,,,,,,,microlensing,2017.0,18/09/20,17 52 30.37,-30 17 33.7,6300.0,0.46,,,,,Confirmed planets
Kepler-1108 b,0,,0.13,4.51005748,,,,,,,,,transit,2016.0,16/05/10,19 44 10.1608,+45 59 06.5549,784.806,0.88,0.84,-0.09,5406.0,,Confirmed planets
HD 100777 b,0,1.16,,383.7,1.03,0.36,,,,,259.7,,RV,2007.0,07/04/07,11 35 51.5230,-04 45 20.5012,52.8,1.0,,0.27,5582.0,,Confirmed planets
HD 80653 b,0,0.01762,0.144,0.719573,0.0166,,,,,82.1,,,transit,2020.0,20/01/30,09 21 21.4159,+14 22 04.5460,109.86,1.18,1.22,,,,Confirmed planets
Kepler-315 b,0,,0.34356,96.101141,,,,,,,,,transit,2014.0,14/02/26,19 52 05.5415,+43 21 48.6339,1363.58,,1.037,,5796.0,,Confirmed planets
Kepler-315 c,0,,0.37819,265.469335,,,,,,,,,transit,2014.0,14/02/26,19 52 05.5415,+43 21 48.6339,1363.58,,1.037,,5796.0,,Confirmed planets
OGLE-2014-BLG-1722L b,0,0.174,,,,,,,,,,,microlensing,2018.0,18/09/20,17 55 00.57,-31 28 08.6,6400.0,0.4,,,,,Confirmed planets
OGLE-2014-BLG-1722L c,0,0.2633,,,,,,,,,,,microlensing,2018.0,18/09/20,17 55 00.57,-31 28 08.6,6400.0,0.4,,,,,Confirmed planets
Kepler-795 b,0,,0.15,29.6193421,,,,,,,,,transit,2016.0,16/05/10,19 24 04.5629,+38 32 43.9028,499.176,0.94,0.96,-0.02,5631.0,,Confirmed planets
Kepler-471 b,0,,1.335,5.01423457,,,,,,,,,transit,2016.0,16/05/10,19 56 23.4090,+43 29 51.3394,1295.67,1.49,1.8,0.07,6733.0,,Confirmed planets
KOI-188 b,0,0.25,0.978,3.79701816,0.0464,,,,,87.02,1070.0,,transit,2014.0,14/10/02,19 21 25.9207,+40 34 03.8549,650.0,0.93,0.86,0.24,5170.0,5.0,Confirmed planets
Kepler-1105 b,0,,0.179,4.42157218,,,,,,,,,transit,2016.0,16/05/10,18 44 26.8241,+42 27 17.7080,320.935,0.71,0.68,0.28,4299.0,,Confirmed planets
Wolf 359 b,0,0.1381,,2938.0,1.845,0.04,,,,,,,RV,2019.0,19/06/14,10 56 28.8262,+07 00 52.3440,2.42,,,,,,Controversial
Wolf 359 c,0,0.012,,2.68687,0.018,0.15,,,,,,,RV,2019.0,19/06/14,10 56 28.8262,+07 00 52.3440,2.42,,,,,,Controversial
Kepler-340 c,0,,0.30711,22.824669,,,,,,,,,transit,2014.0,14/02/26,19 43 44.0329,+40 18 02.0048,806.0,,1.85,,6620.0,,Confirmed planets
Kepler-340 b,0,,0.23056,14.844387,,,,,,,,,transit,2014.0,14/02/26,19 43 44.0329,+40 18 02.0048,806.0,,1.85,,6620.0,,Confirmed planets
TOI-277 b,0,0.0236,0.236,3.994,0.0269,,,,,88.9,587.922979638,,transit,2022.0,23/10/15,01 16 18,-20 57 12,64.6692,0.16,0.36,-0.01,4031.0,,Confirmed planets
Kepler-79 d,0,,0.69168,52.09059,,,,,,,,,transit,2014.0,14/02/26,20 02 04.1057,+44 22 53.6466,1100.38,1.18,1.403,,6189.0,,Confirmed planets
Kepler-79 c,0,,0.3545,27.401994,,,,,,,,,transit,2014.0,14/02/26,20 02 04.1057,+44 22 53.6466,1100.38,1.18,1.403,,6189.0,,Confirmed planets
Kepler-79 b,0,,0.33171,13.484686,,,,,,,,,transit,2014.0,14/02/26,20 02 04.1057,+44 22 53.6466,1100.38,1.18,1.403,,6189.0,,Confirmed planets
Kepler-79 e,0,,0.3062,81.065298,,,,,,,,,transit,2014.0,14/02/26,20 02 04.1057,+44 22 53.6466,1100.38,1.18,1.403,,6189.0,,Confirmed planets
Kepler-1396 b,0,,0.185,18.2206421,,,,,,,,,transit,2016.0,16/05/10,19 37 20.7431,+44 55 05.8700,1099.99,1.18,1.27,0.04,6195.0,,Confirmed planets
KMT-2019-BLG-0414L b,0,4.57,1.15,,1.16,,,,,,,,microlensing,2022.0,22/10/01,17 55 25,-21 53 44,4410.0,0.74,,,,,Confirmed planets
Kepler-887 b,0,,0.164,20.42228798,,,,,,,,,transit,2016.0,16/05/10,19 20 21.7979,+39 49 01.0454,909.753,1.19,1.29,0.08,6194.0,,Confirmed planets
Kepler-887 c,0,,0.101,7.63846023,,,,,,,,,transit,2016.0,16/05/10,19 20 21.7979,+39 49 01.0454,909.753,1.19,1.29,0.08,6194.0,,Confirmed planets
Ross 458 C,1,12.5,1.1,,,,,,,,695.0,,imaging,2010.0,11/08/11,13 00 47,+12 22 33,114.0,,,,,,"Confirmed planets, Planets in binary systems, P-type"
Pr0211 b,0,1.88,,2.1461,0.03176,0.011,17.0,,,,,,RV,2012.0,18/03/23,08 42 11.492,+19 16 37.36,177.0,0.935,0.827,0.18,5300.0,0.79,"Confirmed planets, Planets in open clusters"
Pr0211 c,0,7.79,,4850.0,5.5,0.78,111.0,,,,,,RV,2016.0,18/03/23,08 42 11.492,+19 16 37.36,177.0,0.935,0.827,0.18,5300.0,0.79,"Confirmed planets, Planets in open clusters"
Kepler-401 b,0,,0.15583,14.383035,,,,,,,,,transit,2014.0,14/02/26,19 20 19.8619,+50 51 48.5380,774.02,,1.333,,6117.0,,Confirmed planets
Kepler-401 c,0,,0.19593,47.318218,,,,,,,,,transit,2014.0,14/02/26,19 20 19.8619,+50 51 48.5380,774.02,,1.333,,6117.0,,Confirmed planets
Kepler-401 d,0,,0.203,184.256405,,,,,,,,,transit,2016.0,16/05/10,19 20 19.8619,+50 51 48.5380,774.02,,1.333,,6117.0,,Confirmed planets
Kepler-1001 b,0,,0.281,14.30511983,,,,,,,,,transit,2016.0,16/05/10,19 05 06,+48 37 07,1009.0,0.9,0.88,-0.03,5491.0,,Confirmed planets
Kepler-1001 c,0,,0.141,9.18186,,,,,,,,,transit,2020.0,20/09/03,19 05 06,+48 37 07,1009.0,0.9,0.88,-0.03,5491.0,,Confirmed planets
K2-34 b,0,1.78,1.35,2.995607,0.04419,0.0,,,,82.06,,,transit,2016.0,18/07/24,08 30 18.9093,+22 14 09.2936,377.0,1.281,1.526,0.24,6132.0,,Confirmed planets
2M1207 b,0,5.0,,,,,,,,,1230.0,,imaging,2004.0,10/12/28,12 07 33.4676,-39 32 54.0160,59.0,0.025,,,2550.0,,Confirmed planets
HD 106270 b,0,9.78,,1872.0,3.27,0.197,7.5,,,,,,RV,2011.0,17/12/10,12 13 37.28529,-09 30 48.1691,84.9,1.33,2.5,0.08,5638.0,,Confirmed planets
TOI-5803 b,0,0.0338,0.292,5.38305,,,,,,89.3,678.87,,transit,2023.0,23/10/15,21 48 60,+06 16 41,84.0126,0.87,0.76,,5134.0,,Confirmed planets
Kepler-1653 b,0,,0.194,140.2524,0.4706,,,,,89.788,284.0,,transit,2017.0,17/11/16,19 45 49.8589,+41 15 57.4711,755.0,0.72,0.69,-0.18,4807.0,,Confirmed planets
SWEEPS-4,0,,0.81,4.2,0.055,,,,,87.0,,,transit,2006.0,14/05/23,17 58 54,-29 11 21,6600.0,1.24,1.18,,,,Confirmed planets
Kepler-1631 b,0,,0.12,4.09513932,,,,,,,,,transit,2016.0,16/05/10,19 38 31.8212,+43 48 27.6436,1355.01,0.97,0.95,0.04,5679.0,,Confirmed planets
HD 26161 b,0,0.0425,,32000.0,20.4,0.82,356.0,,,,,,RV,2021.0,21/05/27,04 09 38.8562,+31 39 07.6779,40.9611,,,,,,Confirmed planets
TOI-4562 b,0,2.3,1.118,225.11781,0.768,0.76,60.0,,,89.06,318.0,,transit,2023.0,23/02/22,07 28 02,-63 31 04,339.605,1.19,1.15,0.08,6096.0,,Confirmed planets
Kepler-1029 b,0,,0.112,4.41769648,,,,,,,,,transit,2016.0,16/05/10,19 28 31.9109,+41 32 51.1498,370.563,0.82,0.77,0.01,5030.0,,Confirmed planets
KMT-2021-BLG-0171L b,0,0.0352,,,3.5,,,,,,,,microlensing,2022.0,22/05/26,17 56 58.00,-30 05 35.00,4600.0,0.78,,,,,Confirmed planets
Kepler-1537 b,0,,0.105,1.4444538,,,,,,,,,transit,2016.0,16/05/10,19 37 32.4949,+43 49 31.7100,525.072,0.81,0.77,-0.08,5079.0,,Confirmed planets
Kepler-958 b,0,,0.184,9.7678805,,,,,,,,,transit,2016.0,16/05/10,19 09 01.6048,+46 04 00.3804,455.685,0.91,0.86,0.01,5421.0,,Confirmed planets
Kepler-517 b,0,,0.238,60.92832271,,,,,,,,,transit,2016.0,16/05/10,19 34 42.0797,+41 17 43.2311,292.338,0.95,0.98,-0.06,5690.0,,Confirmed planets
tau Gem b,2,20.6,,305.5,1.17,0.031,137.4,,,,,,RV,2004.0,15/11/03,07 11 08.37042,+30 14 42.5831,98.4,2.3,26.8,0.14,4388.0,1.22,"Confirmed planets, Planets in binary systems, S-type"
K2-212 b,0,,0.2132,9.7954,,,,,,89.2,,,transit,2018.0,18/07/24,01 13 41.6160,+03 05 48.9742,63.63,0.622,0.598,-0.33,,,Confirmed planets
Kepler-1994 b,0,0.00027,0.056,4.61225043,0.053,0.0,,,,89.95,1032.0,,transit,2023.0,23/10/15,19 48 36,+46 17 49,241.991,0.93,0.96,0.16,5495.0,,Confirmed planets
Kepler-519 b,0,,0.187,24.3078946,,,,,,,,,transit,2016.0,16/05/10,19 57 16.6971,+41 23 04.7896,248.373,0.89,0.8,0.01,5260.0,,Confirmed planets
Kepler-10 b,0,0.01019,0.133962,0.8374907,0.01685,0.0,,,,84.8,2169.0,,transit,2011.0,17/11/29,19 02 43.0612,+50 14 28.7007,173.0,0.91,1.065,-0.15,5643.0,10.6,Confirmed planets
Kepler-10 c,0,0.02319,0.214156,45.294301,0.241,0.0,,,,89.59,584.0,,transit,2011.0,17/11/29,19 02 43.0612,+50 14 28.7007,173.0,0.91,1.065,-0.15,5643.0,10.6,Confirmed planets
KOI-72.X,0,0.01856,,102.0,,,,,,,,,timing,2016.0,17/11/29,19 02 43.0612,+50 14 28.7007,173.0,0.91,1.065,-0.15,5643.0,10.6,Controversial
OGLE-2015-BLG-1670L b,0,0.05632,,,2.62,,,,,,,,microlensing,2019.0,19/07/11,17 52 38,-28 33 07,6700.0,0.55,,,,,Confirmed planets
HD 159243 b,0,1.13,,12.62,0.11,0.02,223.0,,,,,,RV,2013.0,13/11/22,17 33 21.54580,+05 42 02.6391,69.2,1.125,1.12,0.05,6123.0,1.25,Confirmed planets
HD 159243 c,0,1.9,,248.4,0.8,0.075,69.0,,,,,,RV,2013.0,13/11/22,17 33 21.54580,+05 42 02.6391,69.2,1.125,1.12,0.05,6123.0,1.25,Confirmed planets
K2-131 b,0,,0.157,0.369311,,,,,,77.0,,,transit,2018.0,18/07/24,12 11 00.3783,-09 45 54.7777,171.6,0.803,0.765,-0.15,,,Confirmed planets
HD 162020 b,0,14.4,,8.428198,0.074,0.277,,,,,656.4,,RV,2002.0,10/12/29,17 50 38.3545,-40 19 06.0800,31.26,0.75,0.71,0.01,4830.0,,Confirmed planets
K2-226 b,0,,0.1329,3.27111,,,,,,86.7,,,transit,2018.0,18/07/24,12 14 34.9827,-09 33 45.4941,470.9,0.886,0.824,-0.08,,,Confirmed planets
WASP-44 b,0,0.87,1.1,2.423804,0.03453,,,,,86.21,1337.0,,transit,2011.0,19/09/26,00 15 36.7694,-11 56 17.2864,368.31,0.94,0.91,-0.003,5420.0,,Confirmed planets
Kepler-130 c,0,,0.25608,27.508653,0.176,0.08,,,,89.8,,,transit,2014.0,15/07/22,19 13 48.1594,+40 14 43.1618,266.39,0.965,1.127,,5884.0,,Confirmed planets
Kepler-130 b,0,,0.09295,8.457458,0.08,0.15,,,,89.6,,,transit,2014.0,15/07/22,19 13 48.1594,+40 14 43.1618,266.39,0.965,1.127,,5884.0,,Confirmed planets
Kepler-130 d,0,,0.14945,87.517905,0.381,,,,,89.3,,,transit,2014.0,15/07/22,19 13 48.1594,+40 14 43.1618,266.39,0.965,1.127,,5884.0,,Confirmed planets
AU Mic b,0,0.18,0.375,8.46321,0.066,0.1,,,,,,,transit,2020.0,20/06/24,20 45 09.5323,-31 20 27.2417,9.79,0.5,0.75,,3700.0,,Confirmed planets
TOI-4137 b,0,1.01,1.211,3.8016122,0.05222,0.0,,,,85.7,1570.0,,transit,2022.0,22/05/25,05 10 27.00,+70 23 28.00,345.9,,1.65,,6134.0,,Confirmed planets
Kepler-606 b,0,,0.295,24.31575992,,,,,,,,,transit,2016.0,16/05/10,19 29 42.5711,+44 22 52.6263,1258.34,1.13,1.22,0.01,6161.0,,Confirmed planets
Kepler-1418 b,0,,0.148,22.4764425,,,,,,,,,transit,2016.0,16/05/10,18 51 59.4041,+41 40 42.6882,,0.77,0.72,0.0,4770.0,,Confirmed planets
PSR J2322-2650 b,0,0.7949,,0.322964,0.0102,0.0017,,,,,,,timing,2017.0,17/12/21,23 22 35,-26 50 58,230.0,1.4,,,,,Confirmed planets
K2-187 d,0,,0.2873,7.14908,,,,,,87.5,,,transit,2018.0,18/07/24,08 50 05.6681,+23 11 33.3712,320.7,0.967,0.895,0.26,,,Confirmed planets
K2-187 e,0,,0.2016,13.6083,,,,,,89.0,,,transit,2018.0,18/07/24,08 50 05.6681,+23 11 33.3712,320.7,0.967,0.895,0.26,,,Confirmed planets
K2-187 c,0,,0.1517,2.87179,,,,,,86.1,,,transit,2018.0,18/07/24,08 50 05.6681,+23 11 33.3712,320.7,0.967,0.895,0.26,,,Confirmed planets
K2-187 b,0,,0.1231,0.773981,,,,,,82.0,,,transit,2018.0,18/07/24,08 50 05.6681,+23 11 33.3712,320.7,0.967,0.895,0.26,,,Confirmed planets
Kepler-1385 b,0,,0.076,2.88879862,,,,,,,,,transit,2016.0,16/05/10,18 50 31.5334,+46 28 51.8461,702.395,1.15,1.29,0.41,5732.0,,Confirmed planets
EPIC 201629650 b,2,,0.174,39.91488,0.2114,,,,,,511.0,,transit,2015.0,15/07/07,11 20 37.327,+02 30 09.71,290.0,0.8,0.78,-0.54,5698.0,,"Confirmed planets, Planets in binary systems, S-type"
HIP 9618 b,0,0.03146,0.348,20.772907,0.1438,0.22,0.1,,,,663.4,,transit,2023.0,23/10/15,02 03 37,+21 16 53,67.5478,1.02,0.97,,5609.0,,Confirmed planets
HIP 9618 c,0,0.05758,0.298,52.563491,0.2669,0.23,-0.1,,,,486.9,,transit,2023.0,23/10/15,02 03 37,+21 16 53,67.5478,1.02,0.97,,5609.0,,Confirmed planets
HD 4917 b,0,1.615,,400.5,1.167,0.066,313.0,,,,,,RV,2018.0,18/12/06,00 51 06.2775,-12 55 39.3704,205.45,1.32,5.01,,4802.0,,Confirmed planets
MOA-2011-BLG-293L b,0,4.8,,,,,,,,,,,microlensing,2012.0,13/10/15,17 55 39.350,-28 28 36.65,7700.0,0.86,0.82,,5180.0,,Confirmed planets
HIP 5158 b,0,1.44,,345.63,0.89,0.54,,,,,168.8,,RV,2009.0,11/05/06,01 06 02.0494,-22 27 11.3534,45.0,0.78,,0.1,4962.0,,Confirmed planets
HIP 5158 c,0,15.04,,9018.0,7.7,0.14,,,,,,,RV,2010.0,11/05/06,01 06 02.0494,-22 27 11.3534,45.0,0.78,,0.1,4962.0,,Confirmed planets
Kepler-983 b,0,,0.211,60.0855082,,,,,,,,,transit,2016.0,16/05/10,19 00 24.9761,+45 00 29.2870,,1.13,1.08,0.12,6052.0,,Confirmed planets
CoRoT-14 b,0,7.6,1.09,1.51214,0.027,0.0,,,,79.6,1781.4,,transit,2010.0,10/12/22,06 53 41.8086,-05 32 09.6828,1340.0,1.13,1.21,0.05,6035.0,,Confirmed planets
Kepler-1397 b,0,,0.153,47.449955,,,,,,,,,transit,2016.0,16/05/10,19 58 42.2091,+47 04 33.0176,1240.69,1.09,1.12,0.0,6026.0,,Confirmed planets
HAT-P-32 b,2,0.941,2.037,2.150009,0.0344,0.163,,,,88.7,1677.4,,transit,2011.0,13/05/29,02 04 10.278,+46 41 16.21,283.0,1.176,1.387,-0.16,6207.0,,"Confirmed planets, Planets in binary systems, S-type"
OGLE-2013-BLG-0723L B b,2,0.0022,,,,,,,,,,,microlensing,2015.0,15/07/22,17 34 40.51,-27 26 53.2,490.0,0.031,,,,,"Controversial, Planets in binary systems, S-type"
K2-63 b,0,,0.287,20.257,0.1627,,,,,,,,transit,2016.0,16/07/18,22 13 42.4018,-12 03 58.9350,524.41,1.4,1.63,,6771.0,,Confirmed planets
K2-63 c,0,,0.348,25.4556,0.189,,,,,,,,transit,2016.0,19/03/28,22 13 42.4018,-12 03 58.9350,524.41,1.4,1.63,,6771.0,,Confirmed planets
Wendelstein-1 b,0,0.592,1.031,2.663416,0.0282,0.012,,,,86.12,2198.0,,transit,2020.0,20/07/09,19 56 12,+17 34 12,307.98,0.65,0.61,,4251.0,,Confirmed planets
OGLE-2016-BLG-0263L b,0,4.1,,,,,,,,,,,microlensing,2017.0,18/09/20,17 59 34.9,-31 49 07.0,6500.0,0.13,,,,,Confirmed planets
Kepler-1705 b,0,0.01406,0.1811,9.03502,0.08,0.033,35.0,,,88.79,789.0,,transit,2017.0,21/10/25,20 06 18.85,+44 18 43.85,,0.838,0.768,-0.52,5775.0,,Confirmed planets
Kepler-1705 c,0,0.01705,0.1829,11.28,0.0416,0.028,322.0,,,89.89,1095.0,,transit,2017.0,21/10/25,20 06 18.85,+44 18 43.85,,0.838,0.768,-0.52,5775.0,,Confirmed planets
TOI-2236 b,0,1.58,1.282,3.5315902,0.05,0.0,,,,83.58,6248.0,,transit,2022.0,22/05/24,01 20 40.00,-86 58 48.00,352.5,,1.66,,6228.0,,Confirmed planets
K2-389 b,0,0.017,0.195,8.584043,,,,,,,,,transit,2022.0,22/03/01,23 42 31,-09 42 49,259.208,0.8,1.08,-0.034,5782.0,,Confirmed planets
K2-389 c,0,0.0152,0.182,20.851337,,,,,,,,,transit,2022.0,22/03/01,23 42 31,-09 42 49,259.208,0.8,1.08,-0.034,5782.0,,Confirmed planets
HD 233604 b,0,6.575,,192.0,0.747,0.05,281.0,,,,,,RV,2013.0,15/11/23,09 09 48.8205,+53 34 05.6315,868.7,1.5,10.9,-0.36,4791.0,2.4,Confirmed planets
Kepler-589 b,0,0.0182,0.203,16.54964934,0.1196,0.0,,,,86.74,656.0,,transit,2016.0,22/09/15,18 42 34,+47 45 07,612.803,0.88,0.83,0.01,5296.0,,Confirmed planets
Kepler-589 c,0,0.00455,0.1,3.52466011,0.0426,0.0,,,,71.95,1098.0,,transit,2021.0,22/09/15,18 42 34,+47 45 07,612.803,0.88,0.83,0.01,5296.0,,Confirmed planets
Kepler-254 b,0,,0.35267,5.826662,,,,,,,,,transit,2014.0,14/02/26,19 12 39.5240,+45 48 59.3938,1607.46,1.021,0.91,,5957.0,,Confirmed planets
Kepler-254 c,0,,0.19593,12.412183,,,,,,,,,transit,2014.0,14/02/26,19 12 39.5240,+45 48 59.3938,1607.46,1.021,0.91,,5957.0,,Confirmed planets
Kepler-254 d,0,,0.22783,18.746477,,,,,,,,,transit,2014.0,14/02/26,19 12 39.5240,+45 48 59.3938,1607.46,1.021,0.91,,5957.0,,Confirmed planets
HD 181342 b,0,3.3,,663.0,1.78,0.177,,,,,354.7,,RV,2010.0,10/03/19,19 21 04.2304,-23 37 10.4512,110.6,1.84,4.6,0.26,5014.0,,Confirmed planets
KELT-11 b,0,0.195,1.37,4.736529,0.06229,0.0,,,,85.8,,,transit,2016.0,16/07/11,10 46 49.7401,-09 23 56.4945,98.0,1.438,2.72,0.18,5370.0,,Confirmed planets
Kepler-407 b,0,,0.097509,0.66931,,,,,,,,,transit,2014.0,14/02/24,19 04 08.7182,+49 36 52.2176,326.4,1.0,1.01,0.33,5476.0,7.47,Confirmed planets
Kepler-407 c,0,12.582803,,3000.0,,,,,,,,,RV,2014.0,14/02/24,19 04 08.7182,+49 36 52.2176,326.4,1.0,1.01,0.33,5476.0,7.47,Confirmed planets
Kepler-888 b,0,,0.157,70.6979061,,,,,,,,,transit,2016.0,16/05/10,19 42 05.0830,+49 44 19.0478,425.985,0.97,0.9,-0.21,5875.0,,Confirmed planets
Kepler-1575 b,0,,0.117,2.55314213,,,,,,,,,transit,2016.0,16/05/10,19 34 58.3820,+45 45 41.7042,1292.4906,0.95,0.92,-0.07,5667.0,,Confirmed planets
Kepler-1843 b,0,0.0245,0.242,25.54339981,0.171,0.0,,,,88.78,772.0,,transit,2021.0,22/02/01,19 31 32,+41 16 45,784.625,1.02,1.78,0.02,5422.0,,Confirmed planets
HD 2039 b,0,4.9,,1183.0,2.2,0.67,,,,,188.3,,RV,2002.0,09/10/07,00 24 20.2781,-56 39 00.1817,89.8,0.98,1.21,0.1,5947.0,,Confirmed planets
HD 181720 b,0,0.37,,956.0,1.78,0.26,,,,1.0,225.0,,RV,2009.0,11/01/11,19 22 52.9848,-32 55 08.5913,56.0,0.92,,-0.53,5781.0,,Confirmed planets
EPIC 201736247 b,0,,0.228,11.8104,0.091,,,,,,676.0,,transit,2015.0,15/07/07,11 52 26.5887,+04 15 17.1235,437.0,0.72,0.68,-0.46,5131.0,,Confirmed planets
HIP 109600 b,0,2.68,,232.08,0.706,0.163,-131.3,,,,,,RV,2016.0,17/12/09,22 12 06.2522,+29 03 56.9206,66.7,0.87,,-0.12,5530.0,,Confirmed planets
Kepler-1776 b,0,0.023,0.233,35.01190186,0.2124,0.0,,,,88.69,603.0,,transit,2021.0,22/02/01,19 26 08,+47 02 33,690.336,1.04,1.15,0.1,5872.0,,Confirmed planets
Kepler-1715 b,0,0.0504,0.369,35.59730148,0.2178,0.0,,,,87.51,646.0,,transit,2021.0,22/02/01,19 35 43,+41 36 10,522.605,1.08,1.21,-0.04,6212.0,,Confirmed planets
Kepler-1557 b,0,,0.136,3.74032496,,,,,,,,,transit,2016.0,16/05/10,19 35 31.5309,+46 50 19.8638,1436.58,1.11,1.17,0.02,6099.0,,Confirmed planets
Kepler-680 b,0,,0.216,3.68992629,,,,,,,,,transit,2016.0,16/05/10,19 26 29.3716,+50 37 05.6104,1559.58,1.08,1.11,0.13,5890.0,,Confirmed planets
Kepler-1643 b,0,,0.205,5.34264507,,,,,,,,,transit,2016.0,16/05/10,20 01 43.4372,+44 45 03.6240,345.161,0.92,0.88,-0.01,5508.0,,Confirmed planets
EPIC 201549860 b,2,,0.172,5.608352,0.055,0.12,41.16,,,,,,transit,2015.0,17/12/19,11 20 24.739,+01 17 09.44,249.0,0.701968,0.619575,0.05,4402.713379,,"Confirmed planets, Planets in binary systems, S-type"
EPIC 201549860 c,2,,0.118,2.399964,0.031,0.13,-74.55,,,88.98,,,transit,2016.0,17/12/19,11 20 24.739,+01 17 09.44,249.0,0.701968,0.619575,0.05,4402.713379,,"Confirmed planets, Planets in binary systems, S-type"
Kepler-392 b,0,,0.09113,5.341853,,,,,,,,,transit,2014.0,14/02/26,19 14 38.5804,+43 22 05.1065,659.81,,1.129,,5938.0,,Confirmed planets
Kepler-392 c,0,,0.10024,10.423118,,,,,,,,,transit,2014.0,14/02/26,19 14 38.5804,+43 22 05.1065,659.81,,1.129,,5938.0,,Confirmed planets
HD 62509 b,0,2.9,,589.64,1.69,0.02,,,,,482.6,,RV,2006.0,06/07/11,07 45 18,+28 01 34,10.34,1.47,9.3,0.19,4666.0,,Confirmed planets
HD 195019 A b,2,3.7,,18.20163,0.1388,0.014,,,,,,,RV,1998.0,12/12/08,20 28 17,+18 46 12,37.36,1.06,1.38,0.08,,,"Confirmed planets, Planets in binary systems, S-type"
K2-365 b,0,0.0276,0.259,23.448172,,,,,,89.004,,,transit,2022.0,22/03/01,15 55 17,-21 01 37,187.222,0.82,1.05,-0.021,5561.0,,Confirmed planets
PH-1 A(ab) b,1,,0.5631852,138.506,0.634,0.0539,,,,90.022,,,transit,2012.0,12/10/15,19 52 51,+39 57 18,1500.0,,,,,,"Confirmed planets, Planets in binary systems, P-type"
TOI-712 b,0,0.0176,0.1828,9.531361,0.07928,0.54,68.0,,,88.22,650.0,,transit,2021.0,21/11/05,06 11 45.00,-65 49 33.00,58.62,0.732,0.674,-0.02,4622.0,,Confirmed planets
TOI-712 c,0,0.0274,0.241,51.69906,0.2447,0.089,115.0,,,89.78,370.0,,transit,2021.0,21/11/05,06 11 45.00,-65 49 33.00,58.62,0.732,0.674,-0.02,4622.0,,Confirmed planets
TOI-712 d,0,0.0236,0.22072,84.8396,0.3405,0.073,30.0,,,89.82,313.6,,transit,2021.0,21/11/05,06 11 45.00,-65 49 33.00,58.62,0.732,0.674,-0.02,4622.0,,Confirmed planets
Kepler-359 c,0,,0.39186,57.68802,,,,,,,,,transit,2014.0,14/02/26,19 33 10.4714,+42 11 46.9312,2152.57,,1.086,,6248.0,,Confirmed planets
Kepler-359 b,0,,0.32169,25.563222,,,,,,,,,transit,2014.0,14/02/26,19 33 10.4714,+42 11 46.9312,2152.57,,1.086,,6248.0,,Confirmed planets
Kepler-359 d,0,,0.36543,77.095691,,,,,,,,,transit,2014.0,14/02/26,19 33 10.4714,+42 11 46.9312,2152.57,,1.086,,6248.0,,Confirmed planets
HD 75784 b,0,1.0,,341.2,1.032,0.097,350.0,,,,,,RV,2014.0,18/12/06,08 52 23.9416,+13 14 00.3704,85.64,1.26,3.4,,4867.0,,Confirmed planets
HD 75784 c,0,5.64,,7900.0,8.4,0.489,325.0,,,,,,RV,2018.0,18/12/06,08 52 23.9416,+13 14 00.3704,85.64,1.26,3.4,,4867.0,,Confirmed planets
iota Draconis b,0,8.82,,510.702,1.275,0.713,,,,69.9,598.2,,RV,2002.0,13/01/26,15 24 55.7746,+58 57 57.8344,31.5,1.4,12.8,0.15,4445.0,,Confirmed planets
K2-130 b,0,,0.0946,2.49416,,,,,,87.6,,,transit,2018.0,18/07/24,19 21 04.8630,-19 41 26.9104,73.61,0.675,0.644,-0.24,,,Confirmed planets
HD 7449 b,2,1.09,,1270.5,2.33,0.8,-25.2,,,,,,RV,2011.0,16/02/04,01 14 29.32198,-05 02 50.5942,38.9,1.05,1.01,-0.11,6024.0,2.1,"Confirmed planets, Planets in binary systems, S-type"
HD 7449 c,2,2.0,,4046.0,4.96,0.53,11.0,,,,,,RV,2011.0,16/02/04,01 14 29.32198,-05 02 50.5942,38.9,1.05,1.01,-0.11,6024.0,2.1,"Controversial, Planets in binary systems, S-type"
KMT-2021-BLG-0119L b,0,5.52,1.14,,2.92,,,,,,,,microlensing,2022.0,23/01/12,18 16 00,-29 44 38,3130.0,0.56,,,,,Confirmed planets
Kepler-1174 b,0,,0.142,6.89225223,,,,,,,,,transit,2016.0,16/05/10,18 47 19.5469,+42 17 56.0200,1468.43,1.04,1.04,-0.04,5936.0,,Confirmed planets
Kepler-1682 b,0,,0.258,14.8334,,,,,,,,,transit,2020.0,20/09/03,19 35 56,+39 34 22,1197.63,,0.84,,5517.75,,Confirmed planets
